Period,Country,Area type,Area code,Area name,Sex,Life expectancy
2020 to 2022,England,Local Areas,E06000001,Hartlepool,Male,75.97
2020 to 2022,England,Local Areas,E06000001,Hartlepool,Female,80.08
2020 to 2022,England,Local Areas,E06000002,Middlesbrough,Male,75.43
2020 to 2022,England,Local Areas,E06000002,Middlesbrough,Female,79.48
2020 to 2022,England,Local Areas,E06000003,Redcar and Cleveland,Male,76.75
2020 to 2022,England,Local Areas,E06000003,Redcar and Cleveland,Female,81.01
2020 to 2022,England,Local Areas,E06000004,Stockton-on-Tees,Male,77.69
2020 to 2022,England,Local Areas,E06000004,Stockton-on-Tees,Female,81.15
2020 to 2022,England,Local Areas,E06000005,Darlington,Male,77.17
2020 to 2022,England,Local Areas,E06000005,Darlington,Female,81.32
2020 to 2022,England,Local Areas,E06000006,Halton,Male,77.16
2020 to 2022,England,Local Areas,E06000006,Halton,Female,80.45
2020 to 2022,England,Local Areas,E06000007,Warrington,Male,78.6
2020 to 2022,England,Local Areas,E06000007,Warrington,Female,82.27
2020 to 2022,England,Local Areas,E06000008,Blackburn with Darwen,Male,75.15
2020 to 2022,England,Local Areas,E06000008,Blackburn with Darwen,Female,80.04
2020 to 2022,England,Local Areas,E06000009,Blackpool,Male,73.41
2020 to 2022,England,Local Areas,E06000009,Blackpool,Female,78.98
2020 to 2022,England,Local Areas,E06000010,"Kingston upon Hull, City of",Male,75.04
2020 to 2022,England,Local Areas,E06000010,"Kingston upon Hull, City of",Female,79.88
2020 to 2022,England,Local Areas,E06000011,East Riding of Yorkshire,Male,79.75
2020 to 2022,England,Local Areas,E06000011,East Riding of Yorkshire,Female,83.3
2020 to 2022,England,Local Areas,E06000012,North East Lincolnshire,Male,77.81
2020 to 2022,England,Local Areas,E06000012,North East Lincolnshire,Female,81.01
2020 to 2022,England,Local Areas,E06000013,North Lincolnshire,Male,78.42
2020 to 2022,England,Local Areas,E06000013,North Lincolnshire,Female,82.94
2020 to 2022,England,Local Areas,E06000014,York,Male,79.47
2020 to 2022,England,Local Areas,E06000014,York,Female,83.37
2020 to 2022,England,Local Areas,E06000015,Derby,Male,76.98
2020 to 2022,England,Local Areas,E06000015,Derby,Female,81.41
2020 to 2022,England,Local Areas,E06000016,Leicester,Male,75.86
2020 to 2022,England,Local Areas,E06000016,Leicester,Female,80.4
2020 to 2022,England,Local Areas,E06000017,Rutland,Male,82.14
2020 to 2022,England,Local Areas,E06000017,Rutland,Female,84.5
2020 to 2022,England,Local Areas,E06000018,Nottingham,Male,75.83
2020 to 2022,England,Local Areas,E06000018,Nottingham,Female,80.54
2020 to 2022,England,Local Areas,E06000019,"Herefordshire, County of",Male,79.96
2020 to 2022,England,Local Areas,E06000019,"Herefordshire, County of",Female,83.41
2020 to 2022,England,Local Areas,E06000020,Telford and Wrekin,Male,77.97
2020 to 2022,England,Local Areas,E06000020,Telford and Wrekin,Female,82.06
2020 to 2022,England,Local Areas,E06000021,Stoke-on-Trent,Male,75.55
2020 to 2022,England,Local Areas,E06000021,Stoke-on-Trent,Female,79.86
2020 to 2022,England,Local Areas,E06000022,Bath and North East Somerset,Male,80.97
2020 to 2022,England,Local Areas,E06000022,Bath and North East Somerset,Female,84.75
2020 to 2022,England,Local Areas,E06000023,"Bristol, City of",Male,78.16
2020 to 2022,England,Local Areas,E06000023,"Bristol, City of",Female,82.63
2020 to 2022,England,Local Areas,E06000024,North Somerset,Male,80.61
2020 to 2022,England,Local Areas,E06000024,North Somerset,Female,83.92
2020 to 2022,England,Local Areas,E06000025,South Gloucestershire,Male,81.03
2020 to 2022,England,Local Areas,E06000025,South Gloucestershire,Female,84.62
2020 to 2022,England,Local Areas,E06000026,Plymouth,Male,78.44
2020 to 2022,England,Local Areas,E06000026,Plymouth,Female,82.27
2020 to 2022,England,Local Areas,E06000027,Torbay,Male,78.04
2020 to 2022,England,Local Areas,E06000027,Torbay,Female,82.93
2020 to 2022,England,Local Areas,E06000030,Swindon,Male,79.25
2020 to 2022,England,Local Areas,E06000030,Swindon,Female,83.44
2020 to 2022,England,Local Areas,E06000031,Peterborough,Male,77.97
2020 to 2022,England,Local Areas,E06000031,Peterborough,Female,81.81
2020 to 2022,England,Local Areas,E06000032,Luton,Male,76.95
2020 to 2022,England,Local Areas,E06000032,Luton,Female,81.28
2020 to 2022,England,Local Areas,E06000033,Southend-on-Sea,Male,78.01
2020 to 2022,England,Local Areas,E06000033,Southend-on-Sea,Female,82.35
2020 to 2022,England,Local Areas,E06000034,Thurrock,Male,77.14
2020 to 2022,England,Local Areas,E06000034,Thurrock,Female,82.03
2020 to 2022,England,Local Areas,E06000035,Medway,Male,77.64
2020 to 2022,England,Local Areas,E06000035,Medway,Female,81.93
2020 to 2022,England,Local Areas,E06000036,Bracknell Forest,Male,81.07
2020 to 2022,England,Local Areas,E06000036,Bracknell Forest,Female,84.32
2020 to 2022,England,Local Areas,E06000037,West Berkshire,Male,81.01
2020 to 2022,England,Local Areas,E06000037,West Berkshire,Female,84.56
2020 to 2022,England,Local Areas,E06000038,Reading,Male,78
2020 to 2022,England,Local Areas,E06000038,Reading,Female,82.68
2020 to 2022,England,Local Areas,E06000039,Slough,Male,76.87
2020 to 2022,England,Local Areas,E06000039,Slough,Female,81.68
2020 to 2022,England,Local Areas,E06000040,Windsor and Maidenhead,Male,81.18
2020 to 2022,England,Local Areas,E06000040,Windsor and Maidenhead,Female,84.8
2020 to 2022,England,Local Areas,E06000041,Wokingham,Male,82.54
2020 to 2022,England,Local Areas,E06000041,Wokingham,Female,85.28
2020 to 2022,England,Local Areas,E06000042,Milton Keynes,Male,79.18
2020 to 2022,England,Local Areas,E06000042,Milton Keynes,Female,82.5
2020 to 2022,England,Local Areas,E06000043,Brighton and Hove,Male,78.75
2020 to 2022,England,Local Areas,E06000043,Brighton and Hove,Female,83.08
2020 to 2022,England,Local Areas,E06000044,Portsmouth,Male,77.65
2020 to 2022,England,Local Areas,E06000044,Portsmouth,Female,82.34
2020 to 2022,England,Local Areas,E06000045,Southampton,Male,77.8
2020 to 2022,England,Local Areas,E06000045,Southampton,Female,82.38
2020 to 2022,England,Local Areas,E06000046,Isle of Wight,Male,79.1
2020 to 2022,England,Local Areas,E06000046,Isle of Wight,Female,83.23
2020 to 2022,England,Local Areas,E06000047,County Durham,Male,77.15
2020 to 2022,England,Local Areas,E06000047,County Durham,Female,80.43
2020 to 2022,England,Local Areas,E06000049,Cheshire East,Male,80.22
2020 to 2022,England,Local Areas,E06000049,Cheshire East,Female,83.55
2020 to 2022,England,Local Areas,E06000050,Cheshire West and Chester,Male,79.37
2020 to 2022,England,Local Areas,E06000050,Cheshire West and Chester,Female,83.51
2020 to 2022,England,Local Areas,E06000051,Shropshire,Male,79.75
2020 to 2022,England,Local Areas,E06000051,Shropshire,Female,83.86
2020 to 2022,England,Local Areas,E06000052,Cornwall,Male,79.55
2020 to 2022,England,Local Areas,E06000052,Cornwall,Female,83.46
2020 to 2022,England,Local Areas,E06000054,Wiltshire,Male,80.88
2020 to 2022,England,Local Areas,E06000054,Wiltshire,Female,84.34
2020 to 2022,England,Local Areas,E06000055,Bedford,Male,78.6
2020 to 2022,England,Local Areas,E06000055,Bedford,Female,82.67
2020 to 2022,England,Local Areas,E06000056,Central Bedfordshire,Male,80.33
2020 to 2022,England,Local Areas,E06000056,Central Bedfordshire,Female,83.68
2020 to 2022,England,Local Areas,E06000057,Northumberland,Male,78.79
2020 to 2022,England,Local Areas,E06000057,Northumberland,Female,82.92
2020 to 2022,England,Local Areas,E06000058,"Bournemouth, Christchurch and Poole",Male,79.44
2020 to 2022,England,Local Areas,E06000058,"Bournemouth, Christchurch and Poole",Female,83.54
2020 to 2022,England,Local Areas,E06000059,Dorset,Male,80.83
2020 to 2022,England,Local Areas,E06000059,Dorset,Female,84.9
2020 to 2022,England,Local Areas,E06000060,Buckinghamshire,Male,81.04
2020 to 2022,England,Local Areas,E06000060,Buckinghamshire,Female,84.49
2020 to 2022,England,Local Areas,E06000061,North Northamptonshire,Male,78.8
2020 to 2022,England,Local Areas,E06000061,North Northamptonshire,Female,82.24
2020 to 2022,England,Local Areas,E06000062,West Northamptonshire,Male,79.55
2020 to 2022,England,Local Areas,E06000062,West Northamptonshire,Female,83.01
2020 to 2022,England,Local Areas,E07000008,Cambridge,Male,80.83
2020 to 2022,England,Local Areas,E07000008,Cambridge,Female,84.15
2020 to 2022,England,Local Areas,E07000009,East Cambridgeshire,Male,81.52
2020 to 2022,England,Local Areas,E07000009,East Cambridgeshire,Female,84.17
2020 to 2022,England,Local Areas,E07000010,Fenland,Male,77.53
2020 to 2022,England,Local Areas,E07000010,Fenland,Female,82
2020 to 2022,England,Local Areas,E07000011,Huntingdonshire,Male,80.67
2020 to 2022,England,Local Areas,E07000011,Huntingdonshire,Female,83.86
2020 to 2022,England,Local Areas,E07000012,South Cambridgeshire,Male,82.65
2020 to 2022,England,Local Areas,E07000012,South Cambridgeshire,Female,85.4
2020 to 2022,England,Local Areas,E07000026,Allerdale,Male,77.13
2020 to 2022,England,Local Areas,E07000026,Allerdale,Female,82.08
2020 to 2022,England,Local Areas,E07000027,Barrow-in-Furness,Male,76.32
2020 to 2022,England,Local Areas,E07000027,Barrow-in-Furness,Female,79.81
2020 to 2022,England,Local Areas,E07000028,Carlisle,Male,77.29
2020 to 2022,England,Local Areas,E07000028,Carlisle,Female,81.47
2020 to 2022,England,Local Areas,E07000029,Copeland,Male,77.16
2020 to 2022,England,Local Areas,E07000029,Copeland,Female,80.38
2020 to 2022,England,Local Areas,E07000030,Eden,Male,81.21
2020 to 2022,England,Local Areas,E07000030,Eden,Female,84.83
2020 to 2022,England,Local Areas,E07000031,South Lakeland,Male,80.39
2020 to 2022,England,Local Areas,E07000031,South Lakeland,Female,84.42
2020 to 2022,England,Local Areas,E07000032,Amber Valley,Male,78.82
2020 to 2022,England,Local Areas,E07000032,Amber Valley,Female,82.45
2020 to 2022,England,Local Areas,E07000033,Bolsover,Male,76.89
2020 to 2022,England,Local Areas,E07000033,Bolsover,Female,80.44
2020 to 2022,England,Local Areas,E07000034,Chesterfield,Male,77.64
2020 to 2022,England,Local Areas,E07000034,Chesterfield,Female,81.18
2020 to 2022,England,Local Areas,E07000035,Derbyshire Dales,Male,80.6
2020 to 2022,England,Local Areas,E07000035,Derbyshire Dales,Female,84.44
2020 to 2022,England,Local Areas,E07000036,Erewash,Male,77.93
2020 to 2022,England,Local Areas,E07000036,Erewash,Female,81.69
2020 to 2022,England,Local Areas,E07000037,High Peak,Male,79.06
2020 to 2022,England,Local Areas,E07000037,High Peak,Female,82.54
2020 to 2022,England,Local Areas,E07000038,North East Derbyshire,Male,79.1
2020 to 2022,England,Local Areas,E07000038,North East Derbyshire,Female,82.53
2020 to 2022,England,Local Areas,E07000039,South Derbyshire,Male,79.21
2020 to 2022,England,Local Areas,E07000039,South Derbyshire,Female,83.34
2020 to 2022,England,Local Areas,E07000040,East Devon,Male,81.81
2020 to 2022,England,Local Areas,E07000040,East Devon,Female,85.17
2020 to 2022,England,Local Areas,E07000041,Exeter,Male,79.15
2020 to 2022,England,Local Areas,E07000041,Exeter,Female,84.31
2020 to 2022,England,Local Areas,E07000042,Mid Devon,Male,81.28
2020 to 2022,England,Local Areas,E07000042,Mid Devon,Female,84.24
2020 to 2022,England,Local Areas,E07000043,North Devon,Male,79.44
2020 to 2022,England,Local Areas,E07000043,North Devon,Female,84.58
2020 to 2022,England,Local Areas,E07000044,South Hams,Male,82.16
2020 to 2022,England,Local Areas,E07000044,South Hams,Female,85.86
2020 to 2022,England,Local Areas,E07000045,Teignbridge,Male,80.01
2020 to 2022,England,Local Areas,E07000045,Teignbridge,Female,84.47
2020 to 2022,England,Local Areas,E07000046,Torridge,Male,80.7
2020 to 2022,England,Local Areas,E07000046,Torridge,Female,84.12
2020 to 2022,England,Local Areas,E07000047,West Devon,Male,80.7
2020 to 2022,England,Local Areas,E07000047,West Devon,Female,84.71
2020 to 2022,England,Local Areas,E07000061,Eastbourne,Male,78.75
2020 to 2022,England,Local Areas,E07000061,Eastbourne,Female,82.75
2020 to 2022,England,Local Areas,E07000062,Hastings,Male,76.67
2020 to 2022,England,Local Areas,E07000062,Hastings,Female,80.91
2020 to 2022,England,Local Areas,E07000063,Lewes,Male,80.72
2020 to 2022,England,Local Areas,E07000063,Lewes,Female,84.75
2020 to 2022,England,Local Areas,E07000064,Rother,Male,79.87
2020 to 2022,England,Local Areas,E07000064,Rother,Female,83.32
2020 to 2022,England,Local Areas,E07000065,Wealden,Male,81.51
2020 to 2022,England,Local Areas,E07000065,Wealden,Female,84.49
2020 to 2022,England,Local Areas,E07000066,Basildon,Male,78.84
2020 to 2022,England,Local Areas,E07000066,Basildon,Female,82.9
2020 to 2022,England,Local Areas,E07000067,Braintree,Male,79.92
2020 to 2022,England,Local Areas,E07000067,Braintree,Female,83.04
2020 to 2022,England,Local Areas,E07000068,Brentwood,Male,80.3
2020 to 2022,England,Local Areas,E07000068,Brentwood,Female,84.53
2020 to 2022,England,Local Areas,E07000069,Castle Point,Male,79.1
2020 to 2022,England,Local Areas,E07000069,Castle Point,Female,82.9
2020 to 2022,England,Local Areas,E07000070,Chelmsford,Male,80.96
2020 to 2022,England,Local Areas,E07000070,Chelmsford,Female,84.18
2020 to 2022,England,Local Areas,E07000071,Colchester,Male,79.71
2020 to 2022,England,Local Areas,E07000071,Colchester,Female,83.32
2020 to 2022,England,Local Areas,E07000072,Epping Forest,Male,80.09
2020 to 2022,England,Local Areas,E07000072,Epping Forest,Female,84.33
2020 to 2022,England,Local Areas,E07000073,Harlow,Male,78.84
2020 to 2022,England,Local Areas,E07000073,Harlow,Female,82.06
2020 to 2022,England,Local Areas,E07000074,Maldon,Male,80.49
2020 to 2022,England,Local Areas,E07000074,Maldon,Female,84.27
2020 to 2022,England,Local Areas,E07000075,Rochford,Male,80.34
2020 to 2022,England,Local Areas,E07000075,Rochford,Female,84.28
2020 to 2022,England,Local Areas,E07000076,Tendring,Male,77.61
2020 to 2022,England,Local Areas,E07000076,Tendring,Female,81.89
2020 to 2022,England,Local Areas,E07000077,Uttlesford,Male,82.69
2020 to 2022,England,Local Areas,E07000077,Uttlesford,Female,85.36
2020 to 2022,England,Local Areas,E07000078,Cheltenham,Male,79.5
2020 to 2022,England,Local Areas,E07000078,Cheltenham,Female,83.58
2020 to 2022,England,Local Areas,E07000079,Cotswold,Male,80.94
2020 to 2022,England,Local Areas,E07000079,Cotswold,Female,84.69
2020 to 2022,England,Local Areas,E07000080,Forest of Dean,Male,79.72
2020 to 2022,England,Local Areas,E07000080,Forest of Dean,Female,83.54
2020 to 2022,England,Local Areas,E07000081,Gloucester,Male,77.83
2020 to 2022,England,Local Areas,E07000081,Gloucester,Female,81.7
2020 to 2022,England,Local Areas,E07000082,Stroud,Male,80.61
2020 to 2022,England,Local Areas,E07000082,Stroud,Female,83.75
2020 to 2022,England,Local Areas,E07000083,Tewkesbury,Male,80.61
2020 to 2022,England,Local Areas,E07000083,Tewkesbury,Female,84.52
2020 to 2022,England,Local Areas,E07000084,Basingstoke and Deane,Male,80.85
2020 to 2022,England,Local Areas,E07000084,Basingstoke and Deane,Female,83.52
2020 to 2022,England,Local Areas,E07000085,East Hampshire,Male,82.31
2020 to 2022,England,Local Areas,E07000085,East Hampshire,Female,85.4
2020 to 2022,England,Local Areas,E07000086,Eastleigh,Male,81.42
2020 to 2022,England,Local Areas,E07000086,Eastleigh,Female,84.64
2020 to 2022,England,Local Areas,E07000087,Fareham,Male,81.4
2020 to 2022,England,Local Areas,E07000087,Fareham,Female,84.12
2020 to 2022,England,Local Areas,E07000088,Gosport,Male,79.26
2020 to 2022,England,Local Areas,E07000088,Gosport,Female,82.12
2020 to 2022,England,Local Areas,E07000089,Hart,Male,83.74
2020 to 2022,England,Local Areas,E07000089,Hart,Female,86.12
2020 to 2022,England,Local Areas,E07000090,Havant,Male,79.52
2020 to 2022,England,Local Areas,E07000090,Havant,Female,83.58
2020 to 2022,England,Local Areas,E07000091,New Forest,Male,81.91
2020 to 2022,England,Local Areas,E07000091,New Forest,Female,85.06
2020 to 2022,England,Local Areas,E07000092,Rushmoor,Male,79.11
2020 to 2022,England,Local Areas,E07000092,Rushmoor,Female,83.24
2020 to 2022,England,Local Areas,E07000093,Test Valley,Male,81.28
2020 to 2022,England,Local Areas,E07000093,Test Valley,Female,84.04
2020 to 2022,England,Local Areas,E07000094,Winchester,Male,82.24
2020 to 2022,England,Local Areas,E07000094,Winchester,Female,85.94
2020 to 2022,England,Local Areas,E07000095,Broxbourne,Male,79.87
2020 to 2022,England,Local Areas,E07000095,Broxbourne,Female,84.02
2020 to 2022,England,Local Areas,E07000096,Dacorum,Male,80.36
2020 to 2022,England,Local Areas,E07000096,Dacorum,Female,84.31
2020 to 2022,England,Local Areas,E07000098,Hertsmere,Male,79.87
2020 to 2022,England,Local Areas,E07000098,Hertsmere,Female,84.34
2020 to 2022,England,Local Areas,E07000099,North Hertfordshire,Male,81.1
2020 to 2022,England,Local Areas,E07000099,North Hertfordshire,Female,83.92
2020 to 2022,England,Local Areas,E07000102,Three Rivers,Male,81.53
2020 to 2022,England,Local Areas,E07000102,Three Rivers,Female,84.88
2020 to 2022,England,Local Areas,E07000103,Watford,Male,79.06
2020 to 2022,England,Local Areas,E07000103,Watford,Female,83.16
2020 to 2022,England,Local Areas,E07000105,Ashford,Male,79.66
2020 to 2022,England,Local Areas,E07000105,Ashford,Female,83.34
2020 to 2022,England,Local Areas,E07000106,Canterbury,Male,79.2
2020 to 2022,England,Local Areas,E07000106,Canterbury,Female,83.25
2020 to 2022,England,Local Areas,E07000107,Dartford,Male,78.63
2020 to 2022,England,Local Areas,E07000107,Dartford,Female,82.41
2020 to 2022,England,Local Areas,E07000108,Dover,Male,78.03
2020 to 2022,England,Local Areas,E07000108,Dover,Female,82.5
2020 to 2022,England,Local Areas,E07000109,Gravesham,Male,77.73
2020 to 2022,England,Local Areas,E07000109,Gravesham,Female,82.67
2020 to 2022,England,Local Areas,E07000110,Maidstone,Male,79.82
2020 to 2022,England,Local Areas,E07000110,Maidstone,Female,83.27
2020 to 2022,England,Local Areas,E07000111,Sevenoaks,Male,81.06
2020 to 2022,England,Local Areas,E07000111,Sevenoaks,Female,84.36
2020 to 2022,England,Local Areas,E07000112,Folkestone and Hythe,Male,77.68
2020 to 2022,England,Local Areas,E07000112,Folkestone and Hythe,Female,82.32
2020 to 2022,England,Local Areas,E07000113,Swale,Male,78.11
2020 to 2022,England,Local Areas,E07000113,Swale,Female,81.99
2020 to 2022,England,Local Areas,E07000114,Thanet,Male,76.99
2020 to 2022,England,Local Areas,E07000114,Thanet,Female,81.69
2020 to 2022,England,Local Areas,E07000115,Tonbridge and Malling,Male,80.34
2020 to 2022,England,Local Areas,E07000115,Tonbridge and Malling,Female,84.39
2020 to 2022,England,Local Areas,E07000116,Tunbridge Wells,Male,80.63
2020 to 2022,England,Local Areas,E07000116,Tunbridge Wells,Female,83.77
2020 to 2022,England,Local Areas,E07000117,Burnley,Male,75.5
2020 to 2022,England,Local Areas,E07000117,Burnley,Female,79.94
2020 to 2022,England,Local Areas,E07000118,Chorley,Male,78.46
2020 to 2022,England,Local Areas,E07000118,Chorley,Female,81.9
2020 to 2022,England,Local Areas,E07000119,Fylde,Male,78.72
2020 to 2022,England,Local Areas,E07000119,Fylde,Female,82.68
2020 to 2022,England,Local Areas,E07000120,Hyndburn,Male,76.31
2020 to 2022,England,Local Areas,E07000120,Hyndburn,Female,80.22
2020 to 2022,England,Local Areas,E07000121,Lancaster,Male,77.82
2020 to 2022,England,Local Areas,E07000121,Lancaster,Female,81.74
2020 to 2022,England,Local Areas,E07000122,Pendle,Male,77.63
2020 to 2022,England,Local Areas,E07000122,Pendle,Female,81.04
2020 to 2022,England,Local Areas,E07000123,Preston,Male,75.71
2020 to 2022,England,Local Areas,E07000123,Preston,Female,80.65
2020 to 2022,England,Local Areas,E07000124,Ribble Valley,Male,81.03
2020 to 2022,England,Local Areas,E07000124,Ribble Valley,Female,84.11
2020 to 2022,England,Local Areas,E07000125,Rossendale,Male,77.11
2020 to 2022,England,Local Areas,E07000125,Rossendale,Female,81.2
2020 to 2022,England,Local Areas,E07000126,South Ribble,Male,79.99
2020 to 2022,England,Local Areas,E07000126,South Ribble,Female,83.38
2020 to 2022,England,Local Areas,E07000127,West Lancashire,Male,78.1
2020 to 2022,England,Local Areas,E07000127,West Lancashire,Female,82.6
2020 to 2022,England,Local Areas,E07000128,Wyre,Male,78.46
2020 to 2022,England,Local Areas,E07000128,Wyre,Female,81.79
2020 to 2022,England,Local Areas,E07000129,Blaby,Male,80.66
2020 to 2022,England,Local Areas,E07000129,Blaby,Female,84.08
2020 to 2022,England,Local Areas,E07000130,Charnwood,Male,79.51
2020 to 2022,England,Local Areas,E07000130,Charnwood,Female,83.82
2020 to 2022,England,Local Areas,E07000131,Harborough,Male,80.69
2020 to 2022,England,Local Areas,E07000131,Harborough,Female,83.99
2020 to 2022,England,Local Areas,E07000132,Hinckley and Bosworth,Male,80.5
2020 to 2022,England,Local Areas,E07000132,Hinckley and Bosworth,Female,83.32
2020 to 2022,England,Local Areas,E07000133,Melton,Male,79.43
2020 to 2022,England,Local Areas,E07000133,Melton,Female,83.9
2020 to 2022,England,Local Areas,E07000134,North West Leicestershire,Male,79.41
2020 to 2022,England,Local Areas,E07000134,North West Leicestershire,Female,82.45
2020 to 2022,England,Local Areas,E07000135,Oadby and Wigston,Male,79.48
2020 to 2022,England,Local Areas,E07000135,Oadby and Wigston,Female,83.82
2020 to 2022,England,Local Areas,E07000136,Boston,Male,76.45
2020 to 2022,England,Local Areas,E07000136,Boston,Female,81.34
2020 to 2022,England,Local Areas,E07000137,East Lindsey,Male,77.81
2020 to 2022,England,Local Areas,E07000137,East Lindsey,Female,80.81
2020 to 2022,England,Local Areas,E07000138,Lincoln,Male,75.83
2020 to 2022,England,Local Areas,E07000138,Lincoln,Female,80.96
2020 to 2022,England,Local Areas,E07000139,North Kesteven,Male,80.03
2020 to 2022,England,Local Areas,E07000139,North Kesteven,Female,83.86
2020 to 2022,England,Local Areas,E07000140,South Holland,Male,78.83
2020 to 2022,England,Local Areas,E07000140,South Holland,Female,83.04
2020 to 2022,England,Local Areas,E07000141,South Kesteven,Male,80.12
2020 to 2022,England,Local Areas,E07000141,South Kesteven,Female,83.95
2020 to 2022,England,Local Areas,E07000142,West Lindsey,Male,79.06
2020 to 2022,England,Local Areas,E07000142,West Lindsey,Female,83.59
2020 to 2022,England,Local Areas,E07000143,Breckland,Male,79.89
2020 to 2022,England,Local Areas,E07000143,Breckland,Female,83.57
2020 to 2022,England,Local Areas,E07000144,Broadland,Male,81.21
2020 to 2022,England,Local Areas,E07000144,Broadland,Female,83.68
2020 to 2022,England,Local Areas,E07000145,Great Yarmouth,Male,77.44
2020 to 2022,England,Local Areas,E07000145,Great Yarmouth,Female,81.48
2020 to 2022,England,Local Areas,E07000146,King’s Lynn and West Norfolk,Male,79.14
2020 to 2022,England,Local Areas,E07000146,King’s Lynn and West Norfolk,Female,83.21
2020 to 2022,England,Local Areas,E07000147,North Norfolk,Male,79.8
2020 to 2022,England,Local Areas,E07000147,North Norfolk,Female,83.51
2020 to 2022,England,Local Areas,E07000148,Norwich,Male,77.61
2020 to 2022,England,Local Areas,E07000148,Norwich,Female,82.32
2020 to 2022,England,Local Areas,E07000149,South Norfolk,Male,81.22
2020 to 2022,England,Local Areas,E07000149,South Norfolk,Female,84.37
2020 to 2022,England,Local Areas,E07000163,Craven,Male,80.74
2020 to 2022,England,Local Areas,E07000163,Craven,Female,84.89
2020 to 2022,England,Local Areas,E07000164,Hambleton,Male,81.01
2020 to 2022,England,Local Areas,E07000164,Hambleton,Female,85.15
2020 to 2022,England,Local Areas,E07000165,Harrogate,Male,80.84
2020 to 2022,England,Local Areas,E07000165,Harrogate,Female,84.21
2020 to 2022,England,Local Areas,E07000166,Richmondshire,Male,80.41
2020 to 2022,England,Local Areas,E07000166,Richmondshire,Female,84.38
2020 to 2022,England,Local Areas,E07000167,Ryedale,Male,80.83
2020 to 2022,England,Local Areas,E07000167,Ryedale,Female,84.88
2020 to 2022,England,Local Areas,E07000168,Scarborough,Male,77.86
2020 to 2022,England,Local Areas,E07000168,Scarborough,Female,81.91
2020 to 2022,England,Local Areas,E07000169,Selby,Male,80.3
2020 to 2022,England,Local Areas,E07000169,Selby,Female,83.77
2020 to 2022,England,Local Areas,E07000170,Ashfield,Male,77.09
2020 to 2022,England,Local Areas,E07000170,Ashfield,Female,81.64
2020 to 2022,England,Local Areas,E07000171,Bassetlaw,Male,78.44
2020 to 2022,England,Local Areas,E07000171,Bassetlaw,Female,81.98
2020 to 2022,England,Local Areas,E07000172,Broxtowe,Male,80.01
2020 to 2022,England,Local Areas,E07000172,Broxtowe,Female,82.76
2020 to 2022,England,Local Areas,E07000173,Gedling,Male,79.09
2020 to 2022,England,Local Areas,E07000173,Gedling,Female,83.3
2020 to 2022,England,Local Areas,E07000174,Mansfield,Male,76.81
2020 to 2022,England,Local Areas,E07000174,Mansfield,Female,81.06
2020 to 2022,England,Local Areas,E07000175,Newark and Sherwood,Male,79.03
2020 to 2022,England,Local Areas,E07000175,Newark and Sherwood,Female,82.45
2020 to 2022,England,Local Areas,E07000176,Rushcliffe,Male,81.63
2020 to 2022,England,Local Areas,E07000176,Rushcliffe,Female,85.02
2020 to 2022,England,Local Areas,E07000177,Cherwell,Male,80.58
2020 to 2022,England,Local Areas,E07000177,Cherwell,Female,83.9
2020 to 2022,England,Local Areas,E07000178,Oxford,Male,80.25
2020 to 2022,England,Local Areas,E07000178,Oxford,Female,83.92
2020 to 2022,England,Local Areas,E07000179,South Oxfordshire,Male,81.95
2020 to 2022,England,Local Areas,E07000179,South Oxfordshire,Female,85.63
2020 to 2022,England,Local Areas,E07000180,Vale of White Horse,Male,81.34
2020 to 2022,England,Local Areas,E07000180,Vale of White Horse,Female,85.34
2020 to 2022,England,Local Areas,E07000181,West Oxfordshire,Male,81.06
2020 to 2022,England,Local Areas,E07000181,West Oxfordshire,Female,85.05
2020 to 2022,England,Local Areas,E07000187,Mendip,Male,80.7
2020 to 2022,England,Local Areas,E07000187,Mendip,Female,84.02
2020 to 2022,England,Local Areas,E07000188,Sedgemoor,Male,79.19
2020 to 2022,England,Local Areas,E07000188,Sedgemoor,Female,83.32
2020 to 2022,England,Local Areas,E07000189,South Somerset,Male,80.53
2020 to 2022,England,Local Areas,E07000189,South Somerset,Female,84.21
2020 to 2022,England,Local Areas,E07000192,Cannock Chase,Male,77.91
2020 to 2022,England,Local Areas,E07000192,Cannock Chase,Female,81.76
2020 to 2022,England,Local Areas,E07000193,East Staffordshire,Male,78.17
2020 to 2022,England,Local Areas,E07000193,East Staffordshire,Female,82.08
2020 to 2022,England,Local Areas,E07000194,Lichfield,Male,80.52
2020 to 2022,England,Local Areas,E07000194,Lichfield,Female,83.36
2020 to 2022,England,Local Areas,E07000195,Newcastle-under-Lyme,Male,77.98
2020 to 2022,England,Local Areas,E07000195,Newcastle-under-Lyme,Female,82.02
2020 to 2022,England,Local Areas,E07000196,South Staffordshire,Male,79.83
2020 to 2022,England,Local Areas,E07000196,South Staffordshire,Female,83.31
2020 to 2022,England,Local Areas,E07000197,Stafford,Male,80.02
2020 to 2022,England,Local Areas,E07000197,Stafford,Female,83.86
2020 to 2022,England,Local Areas,E07000198,Staffordshire Moorlands,Male,79.88
2020 to 2022,England,Local Areas,E07000198,Staffordshire Moorlands,Female,83.23
2020 to 2022,England,Local Areas,E07000199,Tamworth,Male,78.32
2020 to 2022,England,Local Areas,E07000199,Tamworth,Female,82.26
2020 to 2022,England,Local Areas,E07000200,Babergh,Male,81.44
2020 to 2022,England,Local Areas,E07000200,Babergh,Female,84.59
2020 to 2022,England,Local Areas,E07000202,Ipswich,Male,78.94
2020 to 2022,England,Local Areas,E07000202,Ipswich,Female,82.76
2020 to 2022,England,Local Areas,E07000203,Mid Suffolk,Male,81.05
2020 to 2022,England,Local Areas,E07000203,Mid Suffolk,Female,84.63
2020 to 2022,England,Local Areas,E07000207,Elmbridge,Male,82.09
2020 to 2022,England,Local Areas,E07000207,Elmbridge,Female,85.32
2020 to 2022,England,Local Areas,E07000208,Epsom and Ewell,Male,81.17
2020 to 2022,England,Local Areas,E07000208,Epsom and Ewell,Female,84.8
2020 to 2022,England,Local Areas,E07000209,Guildford,Male,81.86
2020 to 2022,England,Local Areas,E07000209,Guildford,Female,85.04
2020 to 2022,England,Local Areas,E07000210,Mole Valley,Male,81.42
2020 to 2022,England,Local Areas,E07000210,Mole Valley,Female,85.05
2020 to 2022,England,Local Areas,E07000211,Reigate and Banstead,Male,80.77
2020 to 2022,England,Local Areas,E07000211,Reigate and Banstead,Female,84.04
2020 to 2022,England,Local Areas,E07000212,Runnymede,Male,80.02
2020 to 2022,England,Local Areas,E07000212,Runnymede,Female,83.93
2020 to 2022,England,Local Areas,E07000213,Spelthorne,Male,80.22
2020 to 2022,England,Local Areas,E07000213,Spelthorne,Female,84.46
2020 to 2022,England,Local Areas,E07000214,Surrey Heath,Male,81.36
2020 to 2022,England,Local Areas,E07000214,Surrey Heath,Female,84.12
2020 to 2022,England,Local Areas,E07000215,Tandridge,Male,80.5
2020 to 2022,England,Local Areas,E07000215,Tandridge,Female,84.96
2020 to 2022,England,Local Areas,E07000216,Waverley,Male,81.94
2020 to 2022,England,Local Areas,E07000216,Waverley,Female,85.32
2020 to 2022,England,Local Areas,E07000217,Woking,Male,80.36
2020 to 2022,England,Local Areas,E07000217,Woking,Female,83.8
2020 to 2022,England,Local Areas,E07000218,North Warwickshire,Male,78.13
2020 to 2022,England,Local Areas,E07000218,North Warwickshire,Female,82.19
2020 to 2022,England,Local Areas,E07000219,Nuneaton and Bedworth,Male,77.49
2020 to 2022,England,Local Areas,E07000219,Nuneaton and Bedworth,Female,81.53
2020 to 2022,England,Local Areas,E07000220,Rugby,Male,79.41
2020 to 2022,England,Local Areas,E07000220,Rugby,Female,83
2020 to 2022,England,Local Areas,E07000221,Stratford-on-Avon,Male,80.95
2020 to 2022,England,Local Areas,E07000221,Stratford-on-Avon,Female,84.73
2020 to 2022,England,Local Areas,E07000222,Warwick,Male,80.11
2020 to 2022,England,Local Areas,E07000222,Warwick,Female,83.54
2020 to 2022,England,Local Areas,E07000223,Adur,Male,80.55
2020 to 2022,England,Local Areas,E07000223,Adur,Female,84.18
2020 to 2022,England,Local Areas,E07000224,Arun,Male,79.18
2020 to 2022,England,Local Areas,E07000224,Arun,Female,83.75
2020 to 2022,England,Local Areas,E07000225,Chichester,Male,80.04
2020 to 2022,England,Local Areas,E07000225,Chichester,Female,84.18
2020 to 2022,England,Local Areas,E07000226,Crawley,Male,79.83
2020 to 2022,England,Local Areas,E07000226,Crawley,Female,83.65
2020 to 2022,England,Local Areas,E07000227,Horsham,Male,81.82
2020 to 2022,England,Local Areas,E07000227,Horsham,Female,85.19
2020 to 2022,England,Local Areas,E07000228,Mid Sussex,Male,81.06
2020 to 2022,England,Local Areas,E07000228,Mid Sussex,Female,84.86
2020 to 2022,England,Local Areas,E07000229,Worthing,Male,79.37
2020 to 2022,England,Local Areas,E07000229,Worthing,Female,82.84
2020 to 2022,England,Local Areas,E07000234,Bromsgrove,Male,79.77
2020 to 2022,England,Local Areas,E07000234,Bromsgrove,Female,83.75
2020 to 2022,England,Local Areas,E07000235,Malvern Hills,Male,80.93
2020 to 2022,England,Local Areas,E07000235,Malvern Hills,Female,83.71
2020 to 2022,England,Local Areas,E07000236,Redditch,Male,78.58
2020 to 2022,England,Local Areas,E07000236,Redditch,Female,81.8
2020 to 2022,England,Local Areas,E07000237,Worcester,Male,79.05
2020 to 2022,England,Local Areas,E07000237,Worcester,Female,82.48
2020 to 2022,England,Local Areas,E07000238,Wychavon,Male,79.87
2020 to 2022,England,Local Areas,E07000238,Wychavon,Female,84.2
2020 to 2022,England,Local Areas,E07000239,Wyre Forest,Male,78.69
2020 to 2022,England,Local Areas,E07000239,Wyre Forest,Female,82.36
2020 to 2022,England,Local Areas,E07000240,St Albans,Male,81.59
2020 to 2022,England,Local Areas,E07000240,St Albans,Female,85.22
2020 to 2022,England,Local Areas,E07000241,Welwyn Hatfield,Male,80.17
2020 to 2022,England,Local Areas,E07000241,Welwyn Hatfield,Female,83.9
2020 to 2022,England,Local Areas,E07000242,East Hertfordshire,Male,81.29
2020 to 2022,England,Local Areas,E07000242,East Hertfordshire,Female,84.72
2020 to 2022,England,Local Areas,E07000243,Stevenage,Male,79.27
2020 to 2022,England,Local Areas,E07000243,Stevenage,Female,82.24
2020 to 2022,England,Local Areas,E07000244,East Suffolk,Male,79.94
2020 to 2022,England,Local Areas,E07000244,East Suffolk,Female,83.47
2020 to 2022,England,Local Areas,E07000245,West Suffolk,Male,80.56
2020 to 2022,England,Local Areas,E07000245,West Suffolk,Female,84.12
2020 to 2022,England,Local Areas,E07000246,Somerset West and Taunton,Male,80.02
2020 to 2022,England,Local Areas,E07000246,Somerset West and Taunton,Female,83.8
2020 to 2022,England,Local Areas,E08000001,Bolton,Male,76.63
2020 to 2022,England,Local Areas,E08000001,Bolton,Female,80.74
2020 to 2022,England,Local Areas,E08000002,Bury,Male,77.22
2020 to 2022,England,Local Areas,E08000002,Bury,Female,80.92
2020 to 2022,England,Local Areas,E08000003,Manchester,Male,74.8
2020 to 2022,England,Local Areas,E08000003,Manchester,Female,79.22
2020 to 2022,England,Local Areas,E08000004,Oldham,Male,76.33
2020 to 2022,England,Local Areas,E08000004,Oldham,Female,80.06
2020 to 2022,England,Local Areas,E08000005,Rochdale,Male,75.67
2020 to 2022,England,Local Areas,E08000005,Rochdale,Female,80.4
2020 to 2022,England,Local Areas,E08000006,Salford,Male,75.88
2020 to 2022,England,Local Areas,E08000006,Salford,Female,80.09
2020 to 2022,England,Local Areas,E08000007,Stockport,Male,78.85
2020 to 2022,England,Local Areas,E08000007,Stockport,Female,83.35
2020 to 2022,England,Local Areas,E08000008,Tameside,Male,76.27
2020 to 2022,England,Local Areas,E08000008,Tameside,Female,80.15
2020 to 2022,England,Local Areas,E08000009,Trafford,Male,79.37
2020 to 2022,England,Local Areas,E08000009,Trafford,Female,83.3
2020 to 2022,England,Local Areas,E08000010,Wigan,Male,77.01
2020 to 2022,England,Local Areas,E08000010,Wigan,Female,80.65
2020 to 2022,England,Local Areas,E08000011,Knowsley,Male,75.89
2020 to 2022,England,Local Areas,E08000011,Knowsley,Female,79.32
2020 to 2022,England,Local Areas,E08000012,Liverpool,Male,75.32
2020 to 2022,England,Local Areas,E08000012,Liverpool,Female,79.31
2020 to 2022,England,Local Areas,E08000013,St. Helens,Male,76.73
2020 to 2022,England,Local Areas,E08000013,St. Helens,Female,80.43
2020 to 2022,England,Local Areas,E08000014,Sefton,Male,77.47
2020 to 2022,England,Local Areas,E08000014,Sefton,Female,81.41
2020 to 2022,England,Local Areas,E08000015,Wirral,Male,76.99
2020 to 2022,England,Local Areas,E08000015,Wirral,Female,81.5
2020 to 2022,England,Local Areas,E08000016,Barnsley,Male,76.08
2020 to 2022,England,Local Areas,E08000016,Barnsley,Female,79.91
2020 to 2022,England,Local Areas,E08000017,Doncaster,Male,76.78
2020 to 2022,England,Local Areas,E08000017,Doncaster,Female,80.56
2020 to 2022,England,Local Areas,E08000018,Rotherham,Male,77.08
2020 to 2022,England,Local Areas,E08000018,Rotherham,Female,80.19
2020 to 2022,England,Local Areas,E08000019,Sheffield,Male,78.07
2020 to 2022,England,Local Areas,E08000019,Sheffield,Female,81.83
2020 to 2022,England,Local Areas,E08000021,Newcastle upon Tyne,Male,77.15
2020 to 2022,England,Local Areas,E08000021,Newcastle upon Tyne,Female,81.68
2020 to 2022,England,Local Areas,E08000022,North Tyneside,Male,77.86
2020 to 2022,England,Local Areas,E08000022,North Tyneside,Female,82.08
2020 to 2022,England,Local Areas,E08000023,South Tyneside,Male,76.6
2020 to 2022,England,Local Areas,E08000023,South Tyneside,Female,80.75
2020 to 2022,England,Local Areas,E08000024,Sunderland,Male,76.11
2020 to 2022,England,Local Areas,E08000024,Sunderland,Female,80.58
2020 to 2022,England,Local Areas,E08000025,Birmingham,Male,76.34
2020 to 2022,England,Local Areas,E08000025,Birmingham,Female,81.08
2020 to 2022,England,Local Areas,E08000026,Coventry,Male,76.82
2020 to 2022,England,Local Areas,E08000026,Coventry,Female,81.6
2020 to 2022,England,Local Areas,E08000027,Dudley,Male,78.33
2020 to 2022,England,Local Areas,E08000027,Dudley,Female,82.35
2020 to 2022,England,Local Areas,E08000028,Sandwell,Male,75.68
2020 to 2022,England,Local Areas,E08000028,Sandwell,Female,80.55
2020 to 2022,England,Local Areas,E08000029,Solihull,Male,79.52
2020 to 2022,England,Local Areas,E08000029,Solihull,Female,83.61
2020 to 2022,England,Local Areas,E08000030,Walsall,Male,76.9
2020 to 2022,England,Local Areas,E08000030,Walsall,Female,81.23
2020 to 2022,England,Local Areas,E08000031,Wolverhampton,Male,76.33
2020 to 2022,England,Local Areas,E08000031,Wolverhampton,Female,80.43
2020 to 2022,England,Local Areas,E08000032,Bradford,Male,76.55
2020 to 2022,England,Local Areas,E08000032,Bradford,Female,81.1
2020 to 2022,England,Local Areas,E08000033,Calderdale,Male,77.48
2020 to 2022,England,Local Areas,E08000033,Calderdale,Female,82.17
2020 to 2022,England,Local Areas,E08000034,Kirklees,Male,77.62
2020 to 2022,England,Local Areas,E08000034,Kirklees,Female,81.55
2020 to 2022,England,Local Areas,E08000035,Leeds,Male,78.04
2020 to 2022,England,Local Areas,E08000035,Leeds,Female,82.16
2020 to 2022,England,Local Areas,E08000036,Wakefield,Male,76.98
2020 to 2022,England,Local Areas,E08000036,Wakefield,Female,80.94
2020 to 2022,England,Local Areas,E08000037,Gateshead,Male,76.65
2020 to 2022,England,Local Areas,E08000037,Gateshead,Female,81.39
2020 to 2022,England,Local Areas,E09000002,Barking and Dagenham,Male,76.26
2020 to 2022,England,Local Areas,E09000002,Barking and Dagenham,Female,80.44
2020 to 2022,England,Local Areas,E09000003,Barnet,Male,80.85
2020 to 2022,England,Local Areas,E09000003,Barnet,Female,84.93
2020 to 2022,England,Local Areas,E09000004,Bexley,Male,79.68
2020 to 2022,England,Local Areas,E09000004,Bexley,Female,83.21
2020 to 2022,England,Local Areas,E09000005,Brent,Male,78.55
2020 to 2022,England,Local Areas,E09000005,Brent,Female,84.27
2020 to 2022,England,Local Areas,E09000006,Bromley,Male,81.28
2020 to 2022,England,Local Areas,E09000006,Bromley,Female,85.01
2020 to 2022,England,Local Areas,E09000007,Camden,Male,79.19
2020 to 2022,England,Local Areas,E09000007,Camden,Female,84.52
2020 to 2022,England,Local Areas,E09000008,Croydon,Male,78.95
2020 to 2022,England,Local Areas,E09000008,Croydon,Female,83.64
2020 to 2022,England,Local Areas,E09000009,Ealing,Male,78.89
2020 to 2022,England,Local Areas,E09000009,Ealing,Female,83.96
2020 to 2022,England,Local Areas,E09000010,Enfield,Male,79.32
2020 to 2022,England,Local Areas,E09000010,Enfield,Female,84.09
2020 to 2022,England,Local Areas,E09000011,Greenwich,Male,78.16
2020 to 2022,England,Local Areas,E09000011,Greenwich,Female,82.15
2020 to 2022,England,Local Areas,E09000012,Hackney,Male,76.71
2020 to 2022,England,Local Areas,E09000012,Hackney,Female,81.79
2020 to 2022,England,Local Areas,E09000013,Hammersmith and Fulham,Male,77.58
2020 to 2022,England,Local Areas,E09000013,Hammersmith and Fulham,Female,83.12
2020 to 2022,England,Local Areas,E09000014,Haringey,Male,78.46
2020 to 2022,England,Local Areas,E09000014,Haringey,Female,83.96
2020 to 2022,England,Local Areas,E09000015,Harrow,Male,80.79
2020 to 2022,England,Local Areas,E09000015,Harrow,Female,84.92
2020 to 2022,England,Local Areas,E09000016,Havering,Male,79.08
2020 to 2022,England,Local Areas,E09000016,Havering,Female,82.79
2020 to 2022,England,Local Areas,E09000017,Hillingdon,Male,78.9
2020 to 2022,England,Local Areas,E09000017,Hillingdon,Female,83.45
2020 to 2022,England,Local Areas,E09000018,Hounslow,Male,78.99
2020 to 2022,England,Local Areas,E09000018,Hounslow,Female,83.47
2020 to 2022,England,Local Areas,E09000019,Islington,Male,77.96
2020 to 2022,England,Local Areas,E09000019,Islington,Female,82.61
2020 to 2022,England,Local Areas,E09000020,Kensington and Chelsea,Male,80.67
2020 to 2022,England,Local Areas,E09000020,Kensington and Chelsea,Female,86.34
2020 to 2022,England,Local Areas,E09000021,Kingston upon Thames,Male,81.1
2020 to 2022,England,Local Areas,E09000021,Kingston upon Thames,Female,84.67
2020 to 2022,England,Local Areas,E09000022,Lambeth,Male,77.94
2020 to 2022,England,Local Areas,E09000022,Lambeth,Female,82.86
2020 to 2022,England,Local Areas,E09000023,Lewisham,Male,77.89
2020 to 2022,England,Local Areas,E09000023,Lewisham,Female,82.59
2020 to 2022,England,Local Areas,E09000024,Merton,Male,79.67
2020 to 2022,England,Local Areas,E09000024,Merton,Female,84.43
2020 to 2022,England,Local Areas,E09000025,Newham,Male,76.48
2020 to 2022,England,Local Areas,E09000025,Newham,Female,81.57
2020 to 2022,England,Local Areas,E09000026,Redbridge,Male,79.04
2020 to 2022,England,Local Areas,E09000026,Redbridge,Female,83.47
2020 to 2022,England,Local Areas,E09000027,Richmond upon Thames,Male,82.37
2020 to 2022,England,Local Areas,E09000027,Richmond upon Thames,Female,85.84
2020 to 2022,England,Local Areas,E09000028,Southwark,Male,78.37
2020 to 2022,England,Local Areas,E09000028,Southwark,Female,83.24
2020 to 2022,England,Local Areas,E09000029,Sutton,Male,79.8
2020 to 2022,England,Local Areas,E09000029,Sutton,Female,83.92
2020 to 2022,England,Local Areas,E09000030,Tower Hamlets,Male,77.04
2020 to 2022,England,Local Areas,E09000030,Tower Hamlets,Female,81.15
2020 to 2022,England,Local Areas,E09000031,Waltham Forest,Male,78.49
2020 to 2022,England,Local Areas,E09000031,Waltham Forest,Female,83
2020 to 2022,England,Local Areas,E09000032,Wandsworth,Male,79.8
2020 to 2022,England,Local Areas,E09000032,Wandsworth,Female,84.18
2020 to 2022,England,Local Areas,E09000033,Westminster,Male,80.29
2020 to 2022,England,Local Areas,E09000033,Westminster,Female,84.73
2020 to 2022,Northern Ireland,Local Areas,N09000001,Antrim and Newtownabbey,Male,78.72
2020 to 2022,Northern Ireland,Local Areas,N09000001,Antrim and Newtownabbey,Female,82.52
2020 to 2022,Northern Ireland,Local Areas,N09000002,"Armagh City, Banbridge and Craigavon",Male,78.77
2020 to 2022,Northern Ireland,Local Areas,N09000002,"Armagh City, Banbridge and Craigavon",Female,82.82
2020 to 2022,Northern Ireland,Local Areas,N09000003,Belfast,Male,75.8
2020 to 2022,Northern Ireland,Local Areas,N09000003,Belfast,Female,80.37
2020 to 2022,Northern Ireland,Local Areas,N09000004,Causeway Coast and Glens,Male,79.13
2020 to 2022,Northern Ireland,Local Areas,N09000004,Causeway Coast and Glens,Female,82.65
2020 to 2022,Northern Ireland,Local Areas,N09000005,Derry City and Strabane,Male,77.52
2020 to 2022,Northern Ireland,Local Areas,N09000005,Derry City and Strabane,Female,81.52
2020 to 2022,Northern Ireland,Local Areas,N09000006,Fermanagh and Omagh,Male,79.03
2020 to 2022,Northern Ireland,Local Areas,N09000006,Fermanagh and Omagh,Female,82.78
2020 to 2022,Northern Ireland,Local Areas,N09000007,Lisburn and Castlereagh,Male,80.43
2020 to 2022,Northern Ireland,Local Areas,N09000007,Lisburn and Castlereagh,Female,83.08
2020 to 2022,Northern Ireland,Local Areas,N09000008,Mid and East Antrim,Male,78.33
2020 to 2022,Northern Ireland,Local Areas,N09000008,Mid and East Antrim,Female,82.46
2020 to 2022,Northern Ireland,Local Areas,N09000009,Mid Ulster,Male,78.88
2020 to 2022,Northern Ireland,Local Areas,N09000009,Mid Ulster,Female,83.07
2020 to 2022,Northern Ireland,Local Areas,N09000010,"Newry, Mourne and Down",Male,78.9
2020 to 2022,Northern Ireland,Local Areas,N09000010,"Newry, Mourne and Down",Female,82.57
2020 to 2022,Northern Ireland,Local Areas,N09000011,Ards and North Down,Male,80.01
2020 to 2022,Northern Ireland,Local Areas,N09000011,Ards and North Down,Female,82.87
2020 to 2022,Wales,Local Areas,W06000001,Isle of Anglesey / Ynys Môn,Male,78.62
2020 to 2022,Wales,Local Areas,W06000001,Isle of Anglesey / Ynys Môn,Female,82.44
2020 to 2022,Wales,Local Areas,W06000002,Gwynedd / Gwynedd,Male,79.21
2020 to 2022,Wales,Local Areas,W06000002,Gwynedd / Gwynedd,Female,83.13
2020 to 2022,Wales,Local Areas,W06000003,Conwy / Conwy,Male,78.48
2020 to 2022,Wales,Local Areas,W06000003,Conwy / Conwy,Female,82.63
2020 to 2022,Wales,Local Areas,W06000004,Denbighshire / Sir Ddinbych,Male,77.45
2020 to 2022,Wales,Local Areas,W06000004,Denbighshire / Sir Ddinbych,Female,81.03
2020 to 2022,Wales,Local Areas,W06000005,Flintshire / Sir y Fflint,Male,78.58
2020 to 2022,Wales,Local Areas,W06000005,Flintshire / Sir y Fflint,Female,82.07
2020 to 2022,Wales,Local Areas,W06000006,Wrexham / Wrecsam,Male,77.23
2020 to 2022,Wales,Local Areas,W06000006,Wrexham / Wrecsam,Female,81.2
2020 to 2022,Wales,Local Areas,W06000008,Ceredigion / Ceredigion,Male,79.12
2020 to 2022,Wales,Local Areas,W06000008,Ceredigion / Ceredigion,Female,83.17
2020 to 2022,Wales,Local Areas,W06000009,Pembrokeshire / Sir Benfro,Male,78.57
2020 to 2022,Wales,Local Areas,W06000009,Pembrokeshire / Sir Benfro,Female,83.04
2020 to 2022,Wales,Local Areas,W06000010,Carmarthenshire / Sir Gaerfyrddin,Male,78.31
2020 to 2022,Wales,Local Areas,W06000010,Carmarthenshire / Sir Gaerfyrddin,Female,81.81
2020 to 2022,Wales,Local Areas,W06000011,Swansea / Abertawe,Male,76.88
2020 to 2022,Wales,Local Areas,W06000011,Swansea / Abertawe,Female,81.46
2020 to 2022,Wales,Local Areas,W06000012,Neath Port Talbot / Castell-nedd Port Talbot,Male,76.65
2020 to 2022,Wales,Local Areas,W06000012,Neath Port Talbot / Castell-nedd Port Talbot,Female,80.52
2020 to 2022,Wales,Local Areas,W06000013,Bridgend / Pen-y-bont ar Ogwr,Male,77.38
2020 to 2022,Wales,Local Areas,W06000013,Bridgend / Pen-y-bont ar Ogwr,Female,81.58
2020 to 2022,Wales,Local Areas,W06000014,Vale of Glamorgan / Bro Morgannwg,Male,79.64
2020 to 2022,Wales,Local Areas,W06000014,Vale of Glamorgan / Bro Morgannwg,Female,83.26
2020 to 2022,Wales,Local Areas,W06000015,Cardiff / Caerdydd,Male,78.08
2020 to 2022,Wales,Local Areas,W06000015,Cardiff / Caerdydd,Female,82.26
2020 to 2022,Wales,Local Areas,W06000016,Rhondda Cynon Taf / Rhondda Cynon Taf,Male,76.92
2020 to 2022,Wales,Local Areas,W06000016,Rhondda Cynon Taf / Rhondda Cynon Taf,Female,80.69
2020 to 2022,Wales,Local Areas,W06000018,Caerphilly / Caerffili,Male,76.66
2020 to 2022,Wales,Local Areas,W06000018,Caerphilly / Caerffili,Female,80.45
2020 to 2022,Wales,Local Areas,W06000019,Blaenau Gwent / Blaenau Gwent,Male,75.74
2020 to 2022,Wales,Local Areas,W06000019,Blaenau Gwent / Blaenau Gwent,Female,78.88
2020 to 2022,Wales,Local Areas,W06000020,Torfaen / Tor-faen,Male,77.34
2020 to 2022,Wales,Local Areas,W06000020,Torfaen / Tor-faen,Female,80.8
2020 to 2022,Wales,Local Areas,W06000021,Monmouthshire / Sir Fynwy,Male,80.31
2020 to 2022,Wales,Local Areas,W06000021,Monmouthshire / Sir Fynwy,Female,83.63
2020 to 2022,Wales,Local Areas,W06000022,Newport / Casnewydd,Male,77.39
2020 to 2022,Wales,Local Areas,W06000022,Newport / Casnewydd,Female,81.09
2020 to 2022,Wales,Local Areas,W06000023,Powys / Powys,Male,79.47
2020 to 2022,Wales,Local Areas,W06000023,Powys / Powys,Female,83.41
2020 to 2022,Wales,Local Areas,W06000024,Merthyr Tydfil / Merthyr Tudful,Male,76.06
2020 to 2022,Wales,Local Areas,W06000024,Merthyr Tydfil / Merthyr Tudful,Female,79.44
