"Worksheet 1: Claimant Count by unitary and local authorities in the United Kingdom, April 2026¹",,,,,,,,,,,,,,,
This worksheet contains one table. Some cells may refer to notes which can be found on the notes worksheet tab.,,,,,,,,,,,,,,,
"Some shorthand may have been used in the spreadsheet, [w] - none recorded in survey, [c] - confidential",,,,,,,,,,,,,,,
"Source: Claimant Count, Office for National Statistics",,,,,,,,,,,,,,,
Geography,Geography code,Number of men1,Number of women1,Number of people1,Proportion of men2,Proportion of women2,Proportion of people2,"Men:
change on year","Women:
change on year","People:
change on year","Men:
proportion change on year2","Women:
proportion change on year2","People:
proportion change on year2",,
United Kingdom,K02000001," 963,920 "," 745,805 "," 1,709,725 ",4.5,3.4,3.9,"9,295 ","-7,990 ","1,305 ",0.0,0.0,0.0,,
Great Britain,K03000001," 944,935 "," 729,425 "," 1,674,360 ",4.5,3.4,4.0,"10,700 ","-6,715 ","3,985 ",0.1,0.0,0.0,,
England,E92000001," 840,930 "," 657,285 "," 1,498,215 ",4.6,3.5,4.1,"6,500 ","-8,495 ","-2,000 ",0.0,0.0,0.0,,
North East,E12000001," 38,255 "," 25,875 "," 64,130 ",4.5,3.0,3.8,115 ,-525 ,-410 ,0.0,-0.1,0.0,,
County Durham,E06000047," 6,135 "," 4,285 "," 10,420 ",3.8,2.5,3.1,-5 ,-80 ,-85 ,0.0,0.0,0.0,,
Darlington,E06000005," 1,515 "," 1,035 "," 2,550 ",4.5,3.0,3.7,-5 ,-20 ,-20 ,0.0,-0.1,0.0,,
Hartlepool,E06000001," 1,670 "," 1,120 "," 2,790 ",5.7,3.7,4.6,20 ,35 ,50 ,0.1,0.1,0.1,,
Middlesbrough,E06000002," 3,130 "," 2,000 "," 5,130 ",6.3,4.1,5.2,95 ,-110 ,-20 ,0.2,-0.2,0.0,,
Northumberland,E06000057," 3,290 "," 2,310 "," 5,600 ",3.5,2.4,2.9,-25 ,-65 ,-90 ,0.0,-0.1,0.0,,
Redcar and Cleveland,E06000003," 1,890 "," 1,220 "," 3,110 ",4.7,2.9,3.8,80 ,-40 ,40 ,0.2,-0.1,0.0,,
Stockton-on-Tees,E06000004," 2,990 "," 1,875 "," 4,860 ",4.7,3.0,3.8,95 ,-40 ,55 ,0.1,-0.1,0.0,,
Tyne and Wear,E11000007," 17,640 "," 12,025 "," 29,665 ",4.8,3.2,4.0,-140 ,-205 ,-345 ,0.0,-0.1,0.0,,
Gateshead,E08000037," 2,940 "," 2,125 "," 5,065 ",4.6,3.4,4.0,-245 ,-15 ,-260 ,-0.4,0.0,-0.2,,
Newcastle upon Tyne,E08000021," 5,350 "," 3,465 "," 8,815 ",4.9,3.1,4.0,135 ,-105 ,30 ,0.1,-0.1,0.0,,
North Tyneside,E08000022," 2,695 "," 1,750 "," 4,445 ",4.2,2.6,3.4,225 ,30 ,255 ,0.4,0.0,0.2,,
South Tyneside,E08000023," 2,590 "," 1,920 "," 4,515 ",5.7,4.1,4.9,-35 ,55 ,20 ,-0.1,0.1,0.0,,
Sunderland,E08000024," 4,060 "," 2,765 "," 6,825 ",4.6,3.0,3.8,-225 ,-165 ,-390 ,-0.3,-0.2,-0.2,,
North West,E12000002," 119,680 "," 83,325 "," 203,005 ",5.0,3.4,4.2,"1,675 ","-1,625 ",50 ,0.1,-0.1,0.0,,
Blackburn with Darwen,E06000008," 3,240 "," 2,345 "," 5,585 ",6.3,4.6,5.4,45 ,-140 ,-90 ,0.1,-0.3,-0.1,,
Blackpool,E06000009," 3,440 "," 2,055 "," 5,495 ",7.7,4.7,6.2,170 ,-80 ,85 ,0.4,-0.2,0.1,,
Cheshire East,E06000049," 3,350 "," 2,620 "," 5,970 ",2.7,2.0,2.4,160 ,245 ,405 ,0.1,0.2,0.2,,
Cheshire West and Chester,E06000050," 3,530 "," 2,485 "," 6,015 ",3.1,2.1,2.6,210 ,40 ,245 ,0.2,0.0,0.1,,
Cumberland ,E06000063," 2,420 "," 1,815 "," 4,235 ",2.9,2.2,2.5,150 ,-25 ,125 ,0.2,0.0,0.1,,
Halton,E06000006," 2,060 "," 1,480 "," 3,535 ",5.1,3.6,4.3,85 ,0 ,85 ,0.2,0.0,0.1,,
Warrington,E06000007," 2,165 "," 1,430 "," 3,595 ",3.2,2.1,2.7,100 ,40 ,140 ,0.2,0.1,0.1,,
Westmorland and Furness,E06000064," 1,415 "," 1,060 "," 2,470 ",2.1,1.6,1.8,-20 ,-85 ,-105 ,0.0,-0.1,-0.1,,
Greater Manchester,E11000001," 55,625 "," 39,670 "," 95,295 ",5.8,4.1,4.9,450 ,-905 ,-455 ,0.0,-0.1,0.0,,
Bolton,E08000001," 5,840 "," 4,330 "," 10,175 ",6.1,4.5,5.3,-50 ,-255 ,-305 ,-0.1,-0.3,-0.2,,
Bury,E08000002," 3,210 "," 2,210 "," 5,420 ",5.2,3.6,4.4,150 ,-45 ,105 ,0.2,-0.1,0.1,,
Manchester,E08000003," 15,070 "," 10,345 "," 25,420 ",7.2,5.0,6.1,-140 ,-460 ,-600 ,-0.1,-0.2,-0.1,,
Oldham,E08000004," 5,835 "," 4,455 "," 10,285 ",7.6,5.7,6.6,10 ,-265 ,-255 ,0.0,-0.3,-0.2,,
Rochdale,E08000005," 4,905 "," 3,850 "," 8,750 ",6.8,5.2,6.0,-55 ,-120 ,-175 ,-0.1,-0.2,-0.1,,
Salford,E08000006," 6,025 "," 4,015 "," 10,040 ",5.9,4.1,5.0,235 ,155 ,390 ,0.2,0.2,0.2,,
Stockport,E08000007," 3,300 "," 2,295 "," 5,595 ",3.6,2.5,3.0,210 ,5 ,210 ,0.2,0.0,0.1,,
Tameside,E08000008," 4,260 "," 3,010 "," 7,270 ",5.7,4.0,4.8,85 ,-70 ,20 ,0.1,-0.1,0.0,,
Trafford,E08000009," 2,480 "," 1,950 "," 4,435 ",3.4,2.6,3.0,-140 ,65 ,-75 ,-0.2,0.1,-0.1,,
Wigan,E08000010," 4,695 "," 3,205 "," 7,900 ",4.4,3.0,3.7,145 ,90 ,235 ,0.1,0.1,0.1,,
Lancashire,E10000017," 17,005 "," 12,110 "," 29,110 ",4.3,3.0,3.7,470 ,-260 ,210 ,0.1,-0.1,0.0,,
Burnley,E07000117," 2,120 "," 1,470 "," 3,585 ",6.9,4.8,5.9,75 ,-45 ,30 ,0.2,-0.1,0.1,,
Chorley,E07000118," 1,035 ", 765 ," 1,800 ",2.8,2.1,2.4,30 ,-15 ,15 ,0.1,0.0,0.0,,
Fylde,E07000119, 790 , 575 ," 1,365 ",3.3,2.4,2.8,20 ,10 ,25 ,0.1,0.0,0.1,,
Hyndburn,E07000120," 1,765 "," 1,165 "," 2,930 ",6.6,4.4,5.5,40 ,-30 ,15 ,0.2,-0.1,0.0,,
Lancaster,E07000121," 1,570 "," 1,115 "," 2,685 ",3.4,2.4,2.9,-50 ,10 ,-40 ,-0.1,0.0,0.0,,
Pendle,E07000122," 2,030 "," 1,555 "," 3,585 ",6.7,5.2,6.0,0 ,-140 ,-135 ,0.0,-0.5,-0.2,,
Preston,E07000123," 2,900 "," 2,005 "," 4,905 ",5.3,3.8,4.6,80 ,-95 ,-15 ,0.1,-0.2,0.0,,
Ribble Valley,E07000124, 385 , 295 , 675 ,2.0,1.5,1.7,55 ,-5 ,45 ,0.3,0.0,0.1,,
Rossendale,E07000125," 1,005 ", 740 ," 1,745 ",4.5,3.2,3.9,55 ,20 ,75 ,0.2,0.1,0.2,,
South Ribble,E07000126," 1,015 ", 735 ," 1,750 ",2.9,2.1,2.5,80 ,40 ,120 ,0.2,0.1,0.2,,
West Lancashire,E07000127," 1,270 ", 860 ," 2,130 ",3.5,2.2,2.8,40 ,-35 ,5 ,0.1,-0.1,0.0,,
Wyre,E07000128," 1,125 ", 830 ," 1,955 ",3.4,2.4,2.9,45 ,20 ,65 ,0.1,0.1,0.1,,
Merseyside,E11000002," 25,440 "," 16,260 "," 41,705 ",5.6,3.4,4.5,-140 ,-450 ,-590 ,0.0,-0.1,-0.1,,
Knowsley,E08000011," 2,515 "," 1,875 "," 4,390 ",5.2,3.5,4.3,-60 ,-145 ,-205 ,-0.1,-0.3,-0.2,,
Liverpool,E08000012," 12,295 "," 7,180 "," 19,475 ",7.3,4.1,5.7,-15 ,-215 ,-230 ,0.0,-0.1,-0.1,,
Sefton,E08000014," 3,840 "," 2,635 "," 6,480 ",4.6,3.1,3.8,30 ,-80 ,-50 ,0.0,-0.1,0.0,,
St. Helens,E08000013," 2,575 "," 1,780 "," 4,355 ",4.4,3.0,3.7,-80 ,20 ,-60 ,-0.1,0.0,0.0,,
Wirral,E08000015," 4,220 "," 2,785 "," 7,005 ",4.4,2.8,3.6,-15 ,-35 ,-50 ,0.0,0.0,0.0,,
Yorkshire and The Humber,E12000003," 84,835 "," 62,100 "," 146,935 ",4.9,3.5,4.2,-700 ,"-1,450 ","-2,150 ",0.0,-0.1,-0.1,,
East Riding of Yorkshire,E06000011," 2,665 "," 2,220 "," 4,885 ",2.6,2.1,2.4,50 ,-45 ,5 ,0.0,0.0,0.0,,
"Kingston upon Hull, City of",E06000010," 5,730 "," 3,820 "," 9,545 ",6.4,4.4,5.4,-545 ,-455 ,"-1,000 ",-0.6,-0.5,-0.6,,
North East Lincolnshire,E06000012," 2,355 "," 1,780 "," 4,130 ",5.0,3.7,4.3,120 ,95 ,215 ,0.2,0.2,0.2,,
North Lincolnshire,E06000013," 2,060 "," 1,550 "," 3,615 ",4.1,3.0,3.6,-10 ,0 ,-10 ,0.0,0.0,0.0,,
North Yorkshire,E06000065," 4,260 "," 3,480 "," 7,740 ",2.3,1.9,2.1,60 ,65 ,130 ,0.0,0.0,0.0,,
York,E06000014," 1,455 "," 1,120 "," 2,575 ",2.2,1.5,1.9,45 ,-55 ,-10 ,0.1,-0.1,0.0,,
South Yorkshire,E11000003," 22,030 "," 14,940 "," 36,970 ",4.9,3.3,4.1,-600 ,-415 ,"-1,015 ",-0.1,-0.1,-0.1,,
Barnsley,E08000016," 2,980 "," 2,235 "," 5,215 ",3.9,2.9,3.4,0 ,90 ,90 ,0.0,0.1,0.1,,
Doncaster,E08000017," 4,990 "," 3,580 "," 8,570 ",5.1,3.7,4.4,-10 ,70 ,60 ,0.0,0.1,0.0,,
Rotherham,E08000018," 3,810 "," 2,565 "," 6,375 ",4.5,3.0,3.8,-340 ,-190 ,-530 ,-0.4,-0.2,-0.3,,
Sheffield,E08000019," 10,255 "," 6,555 "," 16,805 ",5.4,3.4,4.4,-250 ,-385 ,-630 ,-0.1,-0.2,-0.2,,
West Yorkshire,E11000006," 44,280 "," 33,190 "," 77,470 ",5.8,4.2,5.0,180 ,-645 ,-465 ,0.0,-0.1,0.0,,
Bradford,E08000032," 13,745 "," 10,545 "," 24,290 ",8.0,5.9,6.9,-660 ,-890 ,"-1,550 ",-0.4,-0.5,-0.4,,
Calderdale,E08000033," 3,250 "," 2,290 "," 5,535 ",5.1,3.5,4.3,-55 ,30 ,-25 ,-0.1,0.0,0.0,,
Kirklees,E08000034," 7,345 "," 5,750 "," 13,100 ",5.3,4.1,4.7,5 ,-160 ,-155 ,0.0,-0.1,-0.1,,
Leeds,E08000035," 14,970 "," 10,825 "," 25,795 ",5.5,3.8,4.6,525 ,95 ,620 ,0.2,0.0,0.1,,
Wakefield,E08000036," 4,970 "," 3,780 "," 8,750 ",4.4,3.3,3.8,365 ,285 ,650 ,0.3,0.2,0.3,,
East Midlands,E12000004," 62,600 "," 48,595 "," 111,195 ",4.0,3.1,3.5,450 ,-130 ,325 ,0.0,0.0,0.0,,
Derby,E06000015," 5,225 "," 3,645 "," 8,870 ",5.9,4.2,5.1,70 ,-80 ,-15 ,0.1,-0.1,0.0,,
Leicester,E06000016," 8,000 "," 6,380 "," 14,380 ",6.1,4.9,5.5,-455 ,-500 ,-955 ,-0.3,-0.4,-0.4,,
North Northamptonshire,E06000061," 4,325 "," 3,670 "," 7,995 ",3.8,3.1,3.5,135 ,150 ,285 ,0.1,0.1,0.1,,
Nottingham,E06000018," 8,510 "," 5,430 "," 13,935 ",7.6,4.6,6.0,35 ,-160 ,-125 ,0.0,-0.1,-0.1,,
Rutland,E06000017, 215 , 210 , 425 ,1.7,1.8,1.8,0 ,-10 ,-10 ,0.0,-0.1,0.0,,
West Northamptonshire,E06000062," 5,300 "," 4,370 "," 9,670 ",3.8,3.1,3.5,25 ,30 ,55 ,0.0,0.0,0.0,,
Derbyshire,E10000007," 7,510 "," 6,010 "," 13,520 ",3.1,2.4,2.7,-90 ,-25 ,-110 ,0.0,0.0,0.0,,
Amber Valley,E07000032," 1,180 ", 935 ," 2,120 ",3.0,2.4,2.7,50 ,35 ,85 ,0.1,0.1,0.1,,
Bolsover,E07000033, 880 , 660 ," 1,540 ",3.4,2.5,3.0,35 ,-60 ,-25 ,0.1,-0.2,0.0,,
Chesterfield,E07000034," 1,240 ", 920 ," 2,160 ",3.9,2.8,3.3,-125 ,-15 ,-140 ,-0.4,0.0,-0.2,,
Derbyshire Dales,E07000035, 400 , 370 , 770 ,2.0,1.8,1.9,5 ,-45 ,-45 ,0.0,-0.2,-0.1,,
Erewash,E07000036," 1,350 "," 1,020 "," 2,370 ",3.8,2.9,3.3,-35 ,40 ,5 ,-0.1,0.1,0.0,,
High Peak,E07000037, 735 , 595 ," 1,330 ",2.7,2.1,2.4,-40 ,15 ,-25 ,-0.1,0.0,0.0,,
North East Derbyshire,E07000038, 830 , 645 ," 1,470 ",2.7,2.0,2.4,5 ,-25 ,-20 ,0.0,-0.1,0.0,,
South Derbyshire,E07000039, 895 , 865 ," 1,755 ",2.5,2.3,2.4,15 ,35 ,50 ,0.0,0.1,0.1,,
Leicestershire,E10000018," 5,770 "," 4,875 "," 10,645 ",2.5,2.1,2.3,-35 ,0 ,-35 ,0.0,0.0,0.0,,
Blaby,E07000129, 800 , 695 ," 1,495 ",2.4,2.1,2.3,60 ,25 ,85 ,0.2,0.1,0.1,,
Charnwood,E07000130," 1,645 "," 1,285 "," 2,930 ",2.7,2.2,2.4,5 ,-10 ,0 ,0.0,0.0,0.0,,
Harborough,E07000131, 550 , 540 ," 1,085 ",1.8,1.7,1.7,-20 ,30 ,5 ,-0.1,0.1,0.0,,
Hinckley and Bosworth,E07000132, 920 , 765 ," 1,685 ",2.6,2.2,2.4,5 ,-40 ,-35 ,0.0,-0.1,-0.1,,
Melton,E07000133, 470 , 425 , 900 ,3.0,2.6,2.8,-75 ,-60 ,-135 ,-0.5,-0.4,-0.4,,
North West Leicestershire,E07000134, 730 , 690 ," 1,420 ",2.1,1.9,2.0,-40 ,55 ,15 ,-0.1,0.2,0.0,,
Oadby and Wigston,E07000135, 650 , 480 ," 1,130 ",3.6,2.5,3.0,30 ,0 ,30 ,0.2,0.0,0.1,,
Lincolnshire,E10000019," 8,500 "," 6,905 "," 15,410 ",3.7,2.9,3.3,540 ,230 ,770 ,0.2,0.1,0.2,,
Boston,E07000136," 1,070 ", 970 ," 2,040 ",5.1,4.6,4.8,110 ,60 ,170 ,0.5,0.3,0.4,,
East Lindsey,E07000137," 1,620 "," 1,300 "," 2,920 ",4.2,3.2,3.7,150 ,175 ,325 ,0.4,0.4,0.4,,
Lincoln,E07000138," 1,755 "," 1,120 "," 2,875 ",4.9,3.1,4.0,120 ,5 ,125 ,0.3,0.0,0.2,,
North Kesteven,E07000139, 805 , 745 ," 1,550 ",2.2,2.0,2.1,60 ,30 ,90 ,0.2,0.1,0.1,,
South Holland,E07000140, 955 , 815 ," 1,770 ",3.3,2.8,3.0,15 ,-60 ,-40 ,0.1,-0.2,-0.1,,
South Kesteven,E07000141," 1,330 "," 1,150 "," 2,480 ",3.2,2.6,2.9,70 ,-35 ,30 ,0.2,-0.1,0.0,,
West Lindsey,E07000142, 965 , 805 ," 1,770 ",3.4,2.8,3.1,15 ,55 ,70 ,0.1,0.2,0.1,,
Nottinghamshire,E10000024," 9,245 "," 7,095 "," 16,340 ",3.6,2.7,3.1,220 ,235 ,460 ,0.1,0.1,0.1,,
Ashfield,E07000170," 1,770 "," 1,310 "," 3,080 ",4.5,3.2,3.9,25 ,-5 ,20 ,0.1,0.0,0.0,,
Bassetlaw,E07000171," 1,375 "," 1,055 "," 2,430 ",3.7,2.8,3.2,125 ,40 ,165 ,0.3,0.1,0.2,,
Broxtowe,E07000172," 1,160 ", 850 ," 2,010 ",3.3,2.4,2.8,-25 ,20 ,-5 ,-0.1,0.1,0.0,,
Gedling,E07000173," 1,320 "," 1,055 "," 2,380 ",3.7,2.8,3.3,40 ,70 ,110 ,0.1,0.2,0.1,,
Mansfield,E07000174," 1,580 "," 1,190 "," 2,770 ",4.6,3.4,4.0,30 ,70 ,100 ,0.1,0.2,0.1,,
Newark and Sherwood,E07000175," 1,200 ", 960 ," 2,160 ",3.2,2.5,2.8,30 ,35 ,70 ,0.1,0.1,0.1,,
Rushcliffe,E07000176, 835 , 680 ," 1,515 ",2.2,1.8,2.0,-5 ,5 ,5 ,0.0,0.0,0.0,,
West Midlands,E12000005," 115,695 "," 86,525 "," 202,215 ",6.1,4.5,5.3,-935 ,"-1,905 ","-2,840 ",0.0,-0.1,-0.1,,
"Herefordshire, County of",E06000019," 1,580 "," 1,295 "," 2,870 ",2.9,2.3,2.6,-30 ,-120 ,-150 ,-0.1,-0.2,-0.1,,
Shropshire,E06000051," 2,495 "," 2,190 "," 4,685 ",2.6,2.3,2.4,60 ,-25 ,35 ,0.1,0.0,0.0,,
Stoke-on-Trent,E06000021," 5,360 "," 3,895 "," 9,255 ",6.2,4.7,5.5,-155 ,-255 ,-410 ,-0.2,-0.3,-0.2,,
Telford and Wrekin,E06000020," 2,555 "," 2,130 "," 4,690 ",4.3,3.4,3.8,105 ,105 ,215 ,0.2,0.2,0.2,,
Staffordshire,E10000028," 8,435 "," 6,805 "," 15,245 ",3.1,2.5,2.8,-5 ,-20 ,-25 ,0.0,0.0,0.0,,
Cannock Chase,E07000192," 1,130 ", 920 ," 2,055 ",3.5,2.8,3.2,0 ,45 ,45 ,0.0,0.1,0.1,,
East Staffordshire,E07000193," 1,470 "," 1,210 "," 2,680 ",3.7,3.1,3.4,-115 ,-70 ,-185 ,-0.3,-0.2,-0.2,,
Lichfield,E07000194, 800 , 675 ," 1,475 ",2.4,2.0,2.2,0 ,-35 ,-40 ,0.0,-0.1,-0.1,,
Newcastle-under-Lyme,E07000195," 1,345 ", 960 ," 2,305 ",3.5,2.4,2.9,-60 ,-35 ,-95 ,-0.2,-0.1,-0.1,,
South Staffordshire,E07000196, 970 , 760 ," 1,735 ",2.8,2.3,2.6,80 ,-5 ,75 ,0.2,0.0,0.1,,
Stafford,E07000197," 1,215 ", 935 ," 2,150 ",2.9,2.2,2.5,120 ,85 ,205 ,0.3,0.2,0.2,,
Staffordshire Moorlands,E07000198, 635 , 575 ," 1,210 ",2.3,2.0,2.2,-45 ,-30 ,-75 ,-0.2,-0.1,-0.1,,
Tamworth,E07000199, 870 , 770 ," 1,640 ",3.5,3.0,3.3,15 ,25 ,40 ,0.1,0.1,0.1,,
Warwickshire,E10000031," 6,195 "," 5,030 "," 11,225 ",3.2,2.6,2.9,335 ,335 ,675 ,0.2,0.2,0.2,,
North Warwickshire,E07000218, 620 , 500 ," 1,120 ",3.1,2.4,2.8,40 ,0 ,40 ,0.2,0.0,0.1,,
Nuneaton and Bedworth,E07000219," 2,040 "," 1,540 "," 3,585 ",4.8,3.5,4.1,80 ,45 ,125 ,0.2,0.1,0.1,,
Rugby,E07000220," 1,215 "," 1,020 "," 2,235 ",3.2,2.7,2.9,50 ,120 ,170 ,0.1,0.3,0.2,,
Stratford-on-Avon,E07000221," 1,005 ", 915 ," 1,920 ",2.4,2.1,2.3,165 ,110 ,275 ,0.4,0.3,0.3,,
Warwick,E07000222," 1,310 "," 1,055 "," 2,365 ",2.6,2.2,2.4,0 ,65 ,65 ,0.0,0.1,0.1,,
West Midlands (Metropolitan County),E11000005," 82,790 "," 60,290 "," 143,080 ",8.6,6.2,7.4,"-1,235 ","-1,805 ","-3,040 ",-0.1,-0.2,-0.2,,
Birmingham,E08000025," 46,390 "," 30,940 "," 77,325 ",12.1,8.0,10.0,-545 ,"-1,380 ","-1,925 ",-0.1,-0.4,-0.2,,
Coventry,E08000026," 8,160 "," 5,860 "," 14,020 ",6.6,4.9,5.8,205 ,195 ,405 ,0.2,0.2,0.2,,
Dudley,E08000027," 5,205 "," 4,205 "," 9,415 ",5.2,4.2,4.7,-250 ,-85 ,-335 ,-0.2,-0.1,-0.2,,
Sandwell,E08000028," 8,030 "," 6,995 "," 15,025 ",7.2,6.2,6.7,-370 ,-210 ,-580 ,-0.3,-0.2,-0.3,,
Solihull,E08000029," 2,645 "," 2,105 "," 4,750 ",4.1,3.1,3.6,5 ,15 ,20 ,0.0,0.0,0.0,,
Walsall,E08000030," 5,770 "," 4,920 "," 10,690 ",6.4,5.4,5.9,35 ,-135 ,-100 ,0.0,-0.1,-0.1,,
Wolverhampton,E08000031," 6,590 "," 5,265 "," 11,855 ",7.6,6.0,6.8,-315 ,-205 ,-520 ,-0.4,-0.2,-0.3,,
Worcestershire,E10000034," 6,275 "," 4,890 "," 11,165 ",3.4,2.6,3.0,-20 ,-115 ,-135 ,0.0,-0.1,0.0,,
Bromsgrove,E07000234, 910 , 640 ," 1,550 ",3.1,2.1,2.6,-5 ,25 ,20 ,0.0,0.1,0.0,,
Malvern Hills,E07000235, 615 , 540 ," 1,150 ",2.7,2.3,2.5,35 ,25 ,60 ,0.2,0.1,0.1,,
Redditch,E07000236," 1,165 ", 900 ," 2,065 ",4.3,3.3,3.8,-25 ,-35 ,-60 ,-0.1,-0.1,-0.1,,
Worcester,E07000237," 1,430 ", 930 ," 2,360 ",4.3,2.6,3.4,-5 ,-110 ,-115 ,0.0,-0.3,-0.2,,
Wychavon,E07000238," 1,100 "," 1,005 "," 2,105 ",2.8,2.5,2.6,-50 ,0 ,-50 ,-0.1,0.0,-0.1,,
Wyre Forest,E07000239," 1,055 ", 885 ," 1,940 ",3.5,2.9,3.2,30 ,-25 ,5 ,0.1,-0.1,0.0,,
East,E12000006," 72,750 "," 60,410 "," 133,160 ",3.7,3.0,3.3,"1,695 ",635 ,"2,330 ",0.1,0.0,0.1,,
Bedford,E06000055," 2,925 "," 2,455 "," 5,380 ",4.9,4.0,4.4,-5 ,-25 ,-30 ,0.0,0.0,0.0,,
Central Bedfordshire,E06000056," 2,725 "," 2,440 "," 5,165 ",2.8,2.5,2.6,200 ,-15 ,185 ,0.2,0.0,0.1,,
Luton,E06000032," 5,660 "," 4,630 "," 10,290 ",7.0,6.2,6.6,-475 ,-205 ,-680 ,-0.6,-0.3,-0.4,,
Peterborough,E06000031," 4,220 "," 3,380 "," 7,605 ",6.1,4.8,5.4,0 ,-170 ,-165 ,0.0,-0.2,-0.1,,
Southend-on-Sea,E06000033," 2,900 "," 2,090 "," 4,990 ",5.1,3.6,4.4,-10 ,35 ,25 ,0.0,0.1,0.0,,
Thurrock,E06000034," 2,670 "," 2,400 "," 5,070 ",4.8,4.0,4.4,50 ,-65 ,-15 ,0.1,-0.1,0.0,,
Cambridgeshire,E10000003," 5,785 "," 4,930 "," 10,710 ",2.6,2.2,2.4,160 ,70 ,230 ,0.1,0.0,0.1,,
Cambridge,E07000008," 1,245 "," 1,010 "," 2,255 ",2.2,1.8,2.0,-35 ,-40 ,-75 ,-0.1,-0.1,-0.1,,
East Cambridgeshire,E07000009, 660 , 590 ," 1,250 ",2.4,2.1,2.2,55 ,20 ,75 ,0.2,0.1,0.1,,
Fenland,E07000010," 1,300 "," 1,125 "," 2,425 ",4.3,3.6,3.9,70 ,40 ,110 ,0.2,0.1,0.2,,
Huntingdonshire,E07000011," 1,520 "," 1,245 "," 2,765 ",2.6,2.1,2.4,85 ,55 ,140 ,0.1,0.1,0.1,,
South Cambridgeshire,E07000012," 1,055 ", 955 ," 2,010 ",2.1,1.8,1.9,-15 ,-5 ,-20 ,0.0,0.0,0.0,,
Essex,E10000012," 16,080 "," 13,380 "," 29,460 ",3.5,2.8,3.1,430 ,215 ,645 ,0.1,0.0,0.1,,
Basildon,E07000066," 2,465 "," 2,140 "," 4,605 ",4.2,3.5,3.8,-30 ,30 ,5 ,0.0,0.1,0.0,,
Braintree,E07000067," 1,475 "," 1,275 "," 2,750 ",3.0,2.5,2.7,110 ,85 ,195 ,0.2,0.2,0.2,,
Brentwood,E07000068, 645 , 600 ," 1,245 ",2.7,2.4,2.6,15 ,35 ,50 ,0.1,0.1,0.1,,
Castle Point,E07000069, 705 , 580 ," 1,285 ",2.8,2.2,2.5,10 ,-15 ,-5 ,0.0,0.0,0.0,,
Chelmsford,E07000070," 1,785 "," 1,440 "," 3,220 ",3.1,2.4,2.8,85 ,30 ,115 ,0.1,0.1,0.1,,
Colchester,E07000071," 2,270 "," 1,680 "," 3,950 ",3.6,2.7,3.1,75 ,-45 ,30 ,0.1,-0.1,0.0,,
Epping Forest,E07000072," 1,320 "," 1,250 "," 2,570 ",3.2,2.9,3.1,65 ,35 ,105 ,0.2,0.1,0.1,,
Harlow,E07000073," 1,580 "," 1,295 "," 2,875 ",5.3,4.0,4.6,105 ,35 ,140 ,0.3,0.1,0.2,,
Maldon,E07000074, 550 , 450 ," 1,005 ",2.8,2.2,2.5,15 ,-40 ,-20 ,0.1,-0.2,-0.1,,
Rochford,E07000075, 650 , 570 ," 1,220 ",2.5,2.1,2.3,-10 ,40 ,30 ,0.0,0.2,0.1,,
Tendring,E07000076," 2,070 "," 1,540 "," 3,610 ",5.0,3.5,4.2,-10 ,-10 ,-20 ,0.0,0.0,0.0,,
Uttlesford,E07000077, 560 , 555 ," 1,115 ",2.0,1.9,2.0,0 ,20 ,20 ,0.0,0.1,0.0,,
Hertfordshire,E10000015," 12,560 "," 10,705 "," 23,260 ",3.3,2.7,3.0,135 ,110 ,245 ,0.0,0.0,0.0,,
Broxbourne,E07000095," 1,130 "," 1,085 "," 2,215 ",3.6,3.3,3.5,30 ,105 ,130 ,0.1,0.3,0.2,,
Dacorum,E07000096," 1,725 "," 1,475 "," 3,195 ",3.5,2.9,3.2,-50 ,-10 ,-60 ,-0.1,0.0,-0.1,,
East Hertfordshire,E07000242," 1,000 ", 920 ," 1,920 ",2.1,1.8,2.0,55 ,10 ,65 ,0.1,0.0,0.1,,
Hertsmere,E07000098," 1,325 "," 1,100 "," 2,425 ",4.1,3.1,3.6,55 ,35 ,90 ,0.2,0.1,0.1,,
North Hertfordshire,E07000099," 1,045 ", 915 ," 1,960 ",2.6,2.1,2.3,-35 ,-15 ,-50 ,-0.1,0.0,-0.1,,
St Albans,E07000240," 1,225 "," 1,000 "," 2,230 ",2.7,2.1,2.4,25 ,-10 ,15 ,0.1,0.0,0.0,,
Stevenage,E07000243," 1,205 ", 885 ," 2,090 ",4.1,3.0,3.5,35 ,-15 ,20 ,0.1,-0.1,0.0,,
Three Rivers,E07000102, 875 , 715 ," 1,595 ",3.0,2.4,2.7,0 ,-15 ,-20 ,0.0,-0.1,0.0,,
Watford,E07000103," 1,695 "," 1,490 "," 3,185 ",4.8,4.2,4.5,10 ,25 ,35 ,0.0,0.1,0.0,,
Welwyn Hatfield,E07000241," 1,330 "," 1,120 "," 2,450 ",3.3,2.8,3.1,15 ,10 ,25 ,0.0,0.0,0.0,,
Norfolk,E10000020," 9,825 "," 7,740 "," 17,565 ",3.6,2.8,3.2,765 ,400 ,"1,160 ",0.3,0.1,0.2,,
Breckland,E07000143," 1,230 "," 1,025 "," 2,255 ",2.9,2.4,2.7,130 ,100 ,225 ,0.3,0.2,0.3,,
Broadland,E07000144, 905 , 790 ," 1,695 ",2.3,1.9,2.1,65 ,25 ,90 ,0.2,0.1,0.1,,
Great Yarmouth,E07000145," 1,705 "," 1,245 "," 2,950 ",6.0,4.2,5.0,60 ,25 ,85 ,0.2,0.1,0.1,,
King's Lynn and West Norfolk,E07000146," 1,485 "," 1,280 "," 2,765 ",3.4,2.9,3.1,150 ,60 ,210 ,0.3,0.1,0.2,,
North Norfolk,E07000147, 840 , 700 ," 1,540 ",3.2,2.6,2.9,45 ,15 ,60 ,0.2,0.1,0.1,,
Norwich,E07000148," 2,575 "," 1,745 "," 4,320 ",5.0,3.5,4.2,155 ,115 ,270 ,0.3,0.2,0.3,,
South Norfolk,E07000149," 1,085 ", 950 ," 2,035 ",2.6,2.2,2.4,160 ,65 ,220 ,0.4,0.1,0.3,,
Suffolk,E10000029," 7,405 "," 6,265 "," 13,665 ",3.2,2.7,3.0,440 ,285 ,725 ,0.2,0.1,0.2,,
Babergh,E07000200, 725 , 650 ," 1,375 ",2.7,2.3,2.5,45 ,-20 ,25 ,0.2,-0.1,0.0,,
East Suffolk,E07000244," 2,300 "," 1,855 "," 4,155 ",3.3,2.6,3.0,150 ,160 ,310 ,0.2,0.2,0.2,,
Ipswich,E07000202," 2,180 "," 1,750 "," 3,930 ",5.0,4.0,4.5,45 ,50 ,95 ,0.1,0.1,0.1,,
Mid Suffolk,E07000203, 685 , 620 ," 1,305 ",2.1,1.9,2.0,75 ,20 ,95 ,0.2,0.1,0.1,,
West Suffolk,E07000245," 1,515 "," 1,390 "," 2,905 ",2.6,2.5,2.5,125 ,70 ,195 ,0.2,0.1,0.2,,
London,E12000007," 186,675 "," 162,300 "," 348,975 ",6.1,5.0,5.6,"-1,595 ","-5,070 ","-6,665 ",-0.1,-0.2,-0.1,,
Inner London,E13000001," 81,105 "," 70,780 "," 151,890 ",6.5,5.2,5.8,"-1,245 ","-2,170 ","-3,415 ",-0.1,-0.2,-0.1,,
Camden,E09000007," 3,900 "," 3,430 "," 7,330 ",5.3,4.0,4.6,-225 ,-220 ,-445 ,-0.3,-0.3,-0.3,,
City of London,E09000001, 90 , 55 , 145 ,1.3,0.9,1.1,-5 ,-10 ,-15 ,-0.1,-0.2,-0.1,,
Hackney,E09000012," 7,160 "," 6,500 "," 13,665 ",7.7,6.3,7.0,-15 ,-120 ,-135 ,0.0,-0.1,-0.1,,
Hammersmith and Fulham,E09000013," 3,620 "," 3,045 "," 6,665 ",5.6,4.0,4.8,-25 ,45 ,20 ,0.0,0.1,0.0,,
Haringey,E09000014," 7,625 "," 6,270 "," 13,895 ",8.6,6.4,7.4,-170 ,-160 ,-330 ,-0.2,-0.2,-0.2,,
Islington,E09000019," 4,920 "," 4,315 "," 9,235 ",6.2,4.8,5.4,-320 ,-240 ,-560 ,-0.4,-0.3,-0.3,,
Kensington and Chelsea,E09000020," 1,865 "," 1,655 "," 3,520 ",4.0,3.0,3.4,-120 ,-140 ,-260 ,-0.3,-0.3,-0.3,,
Lambeth,E09000022," 8,100 "," 6,910 "," 15,010 ",6.9,5.5,6.2,120 ,-150 ,-30 ,0.1,-0.1,0.0,,
Lewisham,E09000023," 7,930 "," 6,915 "," 14,845 ",7.9,6.0,6.9,-75 ,-25 ,-100 ,-0.1,0.0,0.0,,
Newham,E09000025," 10,535 "," 9,890 "," 20,425 ",7.6,7.4,7.5,-200 ,-510 ,-715 ,-0.1,-0.4,-0.3,,
Southwark,E09000028," 7,010 "," 6,410 "," 13,415 ",6.2,5.2,5.7,75 ,-10 ,65 ,0.1,0.0,0.0,,
Tower Hamlets,E09000030," 9,475 "," 7,735 "," 17,210 ",7.4,6.1,6.7,-35 ,-210 ,-245 ,0.0,-0.2,-0.1,,
Wandsworth,E09000032," 5,325 "," 4,755 "," 10,080 ",4.5,3.6,4.0,-140 ,-250 ,-385 ,-0.1,-0.2,-0.2,,
Westminster,E09000033," 3,550 "," 2,905 "," 6,450 ",4.7,3.6,4.1,-115 ,-170 ,-285 ,-0.2,-0.2,-0.2,,
Outer London,E13000002," 105,570 "," 91,515 "," 197,085 ",5.9,4.9,5.4,-345 ,"-2,900 ","-3,245 ",0.0,-0.2,-0.1,,
Barking and Dagenham,E09000002," 5,725 "," 5,920 "," 11,645 ",7.6,7.5,7.6,60 ,-115 ,-55 ,0.1,-0.1,0.0,,
Barnet,E09000003," 7,030 "," 6,095 "," 13,125 ",5.6,4.5,5.0,-120 ,-130 ,-250 ,-0.1,-0.1,-0.1,,
Bexley,E09000004," 3,010 "," 2,520 "," 5,530 ",3.8,3.0,3.4,25 ,-195 ,-165 ,0.0,-0.2,-0.1,,
Brent,E09000005," 9,815 "," 7,730 "," 17,545 ",8.2,6.2,7.2,-305 ,-495 ,-800 ,-0.3,-0.4,-0.3,,
Bromley,E09000006," 3,945 "," 3,415 "," 7,360 ",3.9,3.1,3.5,45 ,-80 ,-40 ,0.0,-0.1,0.0,,
Croydon,E09000008," 9,070 "," 7,930 "," 17,000 ",7.0,5.7,6.3,30 ,-225 ,-195 ,0.0,-0.2,-0.1,,
Ealing,E09000009," 9,605 "," 7,460 "," 17,065 ",7.3,5.6,6.4,-110 ,-305 ,-415 ,-0.1,-0.2,-0.2,,
Enfield,E09000010," 7,770 "," 7,255 "," 15,025 ",7.9,6.6,7.2,-30 ,-305 ,-335 ,0.0,-0.3,-0.2,,
Greenwich,E09000011," 6,465 "," 5,495 "," 11,960 ",6.3,5.1,5.7,170 ,10 ,180 ,0.2,0.0,0.1,,
Harrow,E09000015," 4,655 "," 3,805 "," 8,465 ",5.3,4.4,4.8,185 ,-120 ,65 ,0.2,-0.1,0.0,,
Havering,E09000016," 3,980 "," 3,680 "," 7,660 ",4.8,4.2,4.5,155 ,0 ,155 ,0.2,0.0,0.1,,
Hillingdon,E09000017," 5,965 "," 4,725 "," 10,690 ",5.4,4.4,4.9,-90 ,-100 ,-190 ,-0.1,-0.1,-0.1,,
Hounslow,E09000018," 5,500 "," 4,690 "," 10,185 ",5.4,4.6,5.0,-165 ,-275 ,-440 ,-0.2,-0.3,-0.2,,
Kingston upon Thames,E09000021," 2,035 "," 1,675 "," 3,710 ",3.8,2.8,3.3,80 ,-20 ,60 ,0.2,0.0,0.1,,
Merton,E09000024," 3,660 "," 3,150 "," 6,805 ",5.1,4.1,4.6,-50 ,-15 ,-65 ,-0.1,0.0,0.0,,
Redbridge,E09000026," 6,410 "," 6,190 "," 12,600 ",6.0,5.9,6.0,-5 ,-70 ,-75 ,0.0,-0.1,0.0,,
Richmond upon Thames,E09000027," 1,620 "," 1,560 "," 3,180 ",2.7,2.4,2.6,-20 ,-15 ,-35 ,0.0,0.0,0.0,,
Sutton,E09000029," 2,425 "," 2,260 "," 4,680 ",3.7,3.2,3.4,40 ,-30 ,10 ,0.1,0.0,0.0,,
Waltham Forest,E09000031," 6,885 "," 5,975 "," 12,860 ",7.3,6.0,6.6,-240 ,-410 ,-650 ,-0.3,-0.4,-0.3,,
South East,E12000008," 104,510 "," 83,805 "," 188,315 ",3.6,2.8,3.2,"4,035 ",905 ,"4,940 ",0.1,0.0,0.1,,
Bracknell Forest,E06000036," 1,245 "," 1,040 "," 2,285 ",3.0,2.4,2.7,135 ,25 ,165 ,0.3,0.1,0.2,,
Brighton and Hove,E06000043," 5,200 "," 3,755 "," 8,955 ",5.2,3.6,4.4,230 ,145 ,375 ,0.2,0.1,0.2,,
Buckinghamshire,E06000060," 5,740 "," 4,975 "," 10,715 ",3.3,2.8,3.0,-120 ,-245 ,-365 ,-0.1,-0.1,-0.1,,
Isle of Wight,E06000046," 1,845 "," 1,355 "," 3,205 ",4.8,3.4,4.1,-10 ,-45 ,-55 ,0.0,-0.1,-0.1,,
Medway,E06000035," 4,370 "," 3,490 "," 7,860 ",4.9,3.7,4.3,280 ,80 ,365 ,0.3,0.1,0.2,,
Milton Keynes,E06000042," 4,360 "," 3,765 "," 8,125 ",4.5,3.8,4.1,5 ,-70 ,-65 ,0.0,-0.1,0.0,,
Portsmouth,E06000044," 3,890 "," 2,810 "," 6,705 ",5.3,4.0,4.7,-35 ,-80 ,-115 ,0.0,-0.1,-0.1,,
Reading,E06000038," 3,180 "," 2,370 "," 5,550 ",5.0,3.8,4.4,140 ,-80 ,60 ,0.2,-0.1,0.0,,
Slough,E06000039," 3,515 "," 3,070 "," 6,585 ",6.5,5.6,6.0,30 ,-125 ,-95 ,0.1,-0.2,-0.1,,
Southampton,E06000045," 4,395 "," 3,215 "," 7,615 ",4.9,3.6,4.3,55 ,-15 ,40 ,0.1,0.0,0.0,,
West Berkshire,E06000037," 1,360 "," 1,110 "," 2,470 ",2.7,2.2,2.5,150 ,25 ,175 ,0.3,0.1,0.2,,
Windsor and Maidenhead,E06000040," 1,375 "," 1,170 "," 2,545 ",2.8,2.4,2.6,40 ,-15 ,20 ,0.1,0.0,0.0,,
Wokingham,E06000041," 1,285 ", 965 ," 2,250 ",2.3,1.6,2.0,80 ,-15 ,60 ,0.1,0.0,0.1,,
East Sussex,E10000011," 6,875 "," 5,115 "," 11,990 ",4.4,3.1,3.7,430 ,150 ,585 ,0.3,0.1,0.2,,
Eastbourne,E07000061," 1,770 "," 1,200 "," 2,970 ",5.9,3.8,4.9,70 ,55 ,125 ,0.2,0.2,0.2,,
Hastings,E07000062," 1,750 "," 1,170 "," 2,925 ",6.4,4.1,5.2,60 ,25 ,85 ,0.2,0.1,0.1,,
Lewes,E07000063," 1,180 ", 885 ," 2,065 ",4.2,3.0,3.6,80 ,-10 ,65 ,0.3,0.0,0.1,,
Rother,E07000064, 935 , 760 ," 1,690 ",3.8,2.9,3.3,40 ,30 ,75 ,0.2,0.1,0.1,,
Wealden,E07000065," 1,240 "," 1,095 "," 2,335 ",2.7,2.3,2.5,180 ,55 ,235 ,0.4,0.1,0.3,,
Hampshire,E10000014," 11,695 "," 9,760 "," 21,450 ",2.7,2.2,2.5,720 ,185 ,905 ,0.2,0.0,0.1,,
Basingstoke and Deane,E07000084," 1,835 "," 1,425 "," 3,260 ",3.0,2.3,2.7,115 ,25 ,140 ,0.2,0.0,0.1,,
East Hampshire,E07000085, 825 , 720 ," 1,545 ",2.2,1.9,2.0,35 ,-10 ,30 ,0.1,0.0,0.0,,
Eastleigh,E07000086," 1,075 ", 915 ," 1,990 ",2.5,2.1,2.3,110 ,40 ,150 ,0.3,0.1,0.2,,
Fareham,E07000087, 755 , 660 ," 1,415 ",2.3,1.9,2.1,65 ,50 ,115 ,0.2,0.1,0.2,,
Gosport,E07000088," 1,040 ", 835 ," 1,880 ",4.2,3.3,3.8,55 ,50 ,105 ,0.2,0.2,0.2,,
Hart,E07000089, 615 , 495 ," 1,110 ",2.0,1.6,1.8,105 ,-30 ,75 ,0.3,-0.1,0.1,,
Havant,E07000090," 1,375 "," 1,115 "," 2,490 ",3.9,2.9,3.4,-55 ,-105 ,-160 ,-0.1,-0.3,-0.2,,
New Forest,E07000091," 1,250 "," 1,070 "," 2,320 ",2.7,2.2,2.4,110 ,25 ,135 ,0.2,0.1,0.1,,
Rushmoor,E07000092," 1,200 ", 975 ," 2,175 ",3.4,2.8,3.1,125 ,70 ,195 ,0.4,0.2,0.3,,
Test Valley,E07000093, 805 , 795 ," 1,600 ",2.0,1.9,2.0,5 ,60 ,65 ,0.0,0.1,0.1,,
Winchester,E07000094, 910 , 755 ," 1,665 ",2.3,1.8,2.0,45 ,10 ,55 ,0.1,0.0,0.1,,
Kent,E10000016," 18,860 "," 15,005 "," 33,865 ",3.9,3.0,3.4,705 ,400 ,"1,105 ",0.1,0.1,0.1,,
Ashford,E07000105," 1,415 "," 1,140 "," 2,550 ",3.4,2.6,3.0,55 ,-90 ,-35 ,0.1,-0.2,0.0,,
Canterbury,E07000106," 1,915 "," 1,415 "," 3,330 ",4.0,2.7,3.3,25 ,20 ,45 ,0.1,0.0,0.0,,
Dartford,E07000107," 1,330 "," 1,220 "," 2,550 ",3.5,3.0,3.2,155 ,60 ,210 ,0.4,0.1,0.3,,
Dover,E07000108," 1,410 "," 1,055 "," 2,465 ",4.2,3.0,3.6,65 ,45 ,115 ,0.2,0.1,0.2,,
Folkestone and Hythe,E07000112," 1,450 "," 1,090 "," 2,540 ",4.6,3.3,3.9,-35 ,-35 ,-70 ,-0.1,-0.1,-0.1,,
Gravesham,E07000109," 1,610 "," 1,335 "," 2,945 ",4.8,3.8,4.3,-50 ,-25 ,-75 ,-0.1,-0.1,-0.1,,
Maidstone,E07000110," 2,100 "," 1,860 "," 3,960 ",3.7,3.2,3.4,135 ,230 ,365 ,0.2,0.4,0.3,,
Sevenoaks,E07000111, 860 , 780 ," 1,640 ",2.5,2.1,2.3,110 ,30 ,140 ,0.3,0.1,0.2,,
Swale,E07000113," 2,040 "," 1,460 "," 3,500 ",4.2,3.0,3.6,100 ,55 ,155 ,0.2,0.1,0.2,,
Thanet,E07000114," 2,585 "," 1,835 "," 4,420 ",6.5,4.2,5.3,-60 ,15 ,-45 ,-0.2,0.0,-0.1,,
Tonbridge and Malling,E07000115," 1,130 ", 980 ," 2,110 ",2.8,2.3,2.5,130 ,35 ,165 ,0.3,0.1,0.2,,
Tunbridge Wells,E07000116," 1,010 ", 840 ," 1,850 ",2.9,2.3,2.6,70 ,55 ,130 ,0.2,0.2,0.2,,
Oxfordshire,E10000025," 5,960 "," 4,840 "," 10,800 ",2.5,2.0,2.2,95 ,-15 ,80 ,0.0,0.0,0.0,,
Cherwell,E07000177," 1,410 "," 1,190 "," 2,600 ",2.6,2.2,2.4,40 ,0 ,40 ,0.1,0.0,0.0,,
Oxford,E07000178," 1,900 "," 1,190 "," 3,085 ",3.2,1.9,2.6,20 ,-85 ,-65 ,0.0,-0.1,-0.1,,
South Oxfordshire,E07000179, 975 , 855 ," 1,830 ",2.1,1.8,1.9,-10 ,0 ,-10 ,0.0,0.0,0.0,,
Vale of White Horse,E07000180," 1,005 ", 880 ," 1,885 ",2.2,1.9,2.1,-10 ,-35 ,-45 ,0.0,-0.1,0.0,,
West Oxfordshire,E07000181, 675 , 730 ," 1,400 ",1.9,2.0,1.9,50 ,105 ,155 ,0.1,0.3,0.2,,
Surrey,E10000030," 9,980 "," 8,420 "," 18,400 ",2.6,2.1,2.4,595 ,420 ,"1,015 ",0.2,0.1,0.1,,
Elmbridge,E07000207," 1,100 ", 950 ," 2,045 ",2.6,2.1,2.4,55 ,-10 ,45 ,0.1,0.0,0.1,,
Epsom and Ewell,E07000208, 610 , 510 ," 1,120 ",2.5,1.9,2.2,45 ,45 ,95 ,0.2,0.2,0.2,,
Guildford,E07000209," 1,160 ", 800 ," 1,955 ",2.4,1.6,2.0,70 ,5 ,75 ,0.1,0.0,0.1,,
Mole Valley,E07000210, 565 , 425 , 990 ,2.2,1.6,1.9,15 ,5 ,20 ,0.1,0.0,0.0,,
Reigate and Banstead,E07000211," 1,155 "," 1,055 "," 2,210 ",2.4,2.1,2.2,80 ,80 ,160 ,0.2,0.2,0.2,,
Runnymede,E07000212, 830 , 690 ," 1,525 ",2.9,2.2,2.5,5 ,55 ,60 ,0.0,0.2,0.1,,
Spelthorne,E07000213," 1,310 "," 1,155 "," 2,465 ",4.0,3.4,3.7,90 ,110 ,200 ,0.3,0.3,0.3,,
Surrey Heath,E07000214, 705 , 600 ," 1,305 ",2.4,2.1,2.3,35 ,5 ,40 ,0.1,0.0,0.1,,
Tandridge,E07000215, 735 , 690 ," 1,425 ",2.8,2.5,2.6,70 ,70 ,135 ,0.3,0.2,0.3,,
Waverley,E07000216, 790 , 720 ," 1,510 ",2.1,1.8,1.9,40 ,35 ,75 ,0.1,0.1,0.1,,
Woking,E07000217," 1,020 ", 830 ," 1,850 ",3.1,2.5,2.8,100 ,15 ,115 ,0.3,0.0,0.2,,
West Sussex,E10000032," 9,380 "," 7,575 "," 16,950 ",3.5,2.8,3.1,510 ,175 ,690 ,0.2,0.1,0.1,,
Adur,E07000223, 655 , 540 ," 1,195 ",3.5,2.8,3.2,35 ,40 ,75 ,0.2,0.2,0.2,,
Arun,E07000224," 1,965 "," 1,675 "," 3,640 ",4.2,3.5,3.8,110 ,110 ,225 ,0.2,0.2,0.2,,
Chichester,E07000225," 1,255 "," 1,175 "," 2,430 ",3.5,3.1,3.3,15 ,-45 ,-30 ,0.0,-0.1,0.0,,
Crawley,E07000226," 2,180 "," 1,530 "," 3,710 ",5.3,3.8,4.6,75 ,-50 ,25 ,0.2,-0.1,0.0,,
Horsham,E07000227, 935 , 820 ," 1,760 ",2.1,1.8,2.0,50 ,-45 ,5 ,0.1,-0.1,0.0,,
Mid Sussex,E07000228," 1,050 ", 880 ," 1,925 ",2.2,1.8,2.0,105 ,60 ,165 ,0.2,0.1,0.2,,
Worthing,E07000229," 1,340 ", 950 ," 2,295 ",4.0,2.7,3.3,115 ,105 ,225 ,0.3,0.3,0.3,,
South West,E12000009," 55,935 "," 44,350 "," 100,285 ",3.2,2.5,2.8,"1,760 ",660 ,"2,420 ",0.1,0.0,0.1,,
Bath and North East Somerset,E06000022," 1,335 "," 1,140 "," 2,480 ",2.1,1.7,1.9,65 ,10 ,75 ,0.1,0.0,0.1,,
"Bournemouth, Christchurch and Poole",E06000058," 5,205 "," 3,725 "," 8,930 ",4.2,2.9,3.5,40 ,-90 ,-50 ,0.0,-0.1,0.0,,
"Bristol, City of",E06000023," 7,345 "," 5,415 "," 12,760 ",4.2,3.1,3.6,80 ,280 ,360 ,0.0,0.2,0.1,,
Cornwall,E06000052," 6,095 "," 4,980 "," 11,075 ",3.7,2.9,3.3,320 ,175 ,495 ,0.2,0.1,0.1,,
Dorset,E06000059," 2,800 "," 2,300 "," 5,105 ",2.7,2.1,2.4,15 ,-180 ,-170 ,0.0,-0.2,-0.1,,
Isles of Scilly,E06000053, 10 , 15 , 20 ,1.2,1.8,1.5,-5 ,5 ,0 ,-0.6,0.4,-0.1,,
North Somerset,E06000024," 1,830 "," 1,495 "," 3,325 ",2.8,2.2,2.5,80 ,50 ,130 ,0.1,0.1,0.1,,
Plymouth,E06000026," 3,640 "," 2,550 "," 6,185 ",4.2,2.9,3.5,95 ,40 ,135 ,0.1,0.0,0.1,,
Somerset,E06000066," 4,820 "," 4,100 "," 8,920 ",2.9,2.4,2.6,330 ,140 ,470 ,0.2,0.1,0.1,,
South Gloucestershire,E06000025," 2,115 "," 1,860 "," 3,980 ",2.2,1.9,2.1,-5 ,65 ,60 ,0.0,0.1,0.0,,
Swindon,E06000030," 2,920 "," 2,350 "," 5,270 ",3.7,3.0,3.4,80 ,85 ,165 ,0.1,0.1,0.1,,
Torbay,E06000027," 1,715 "," 1,160 "," 2,875 ",4.3,2.8,3.6,105 ,65 ,165 ,0.3,0.2,0.2,,
Wiltshire,E06000054," 3,780 "," 3,250 "," 7,035 ",2.4,2.1,2.3,30 ,-35 ,-5 ,0.0,0.0,0.0,,
Devon,E10000008," 6,360 "," 5,230 "," 11,590 ",2.7,2.1,2.4,260 ,30 ,290 ,0.1,0.0,0.1,,
East Devon,E07000040, 965 , 910 ," 1,870 ",2.3,2.1,2.2,65 ,70 ,135 ,0.2,0.2,0.2,,
Exeter,E07000041," 1,290 ", 870 ," 2,160 ",2.7,1.8,2.3,70 ,90 ,155 ,0.1,0.2,0.2,,
Mid Devon,E07000042, 655 , 530 ," 1,185 ",2.7,2.1,2.4,60 ,20 ,80 ,0.3,0.1,0.2,,
North Devon,E07000043, 980 , 790 ," 1,770 ",3.4,2.7,3.1,65 ,-40 ,30 ,0.2,-0.1,0.1,,
South Hams,E07000044, 565 , 550 ," 1,120 ",2.3,2.1,2.2,40 ,-5 ,35 ,0.2,0.0,0.1,,
Teignbridge,E07000045, 905 , 785 ," 1,690 ",2.3,2.0,2.2,-35 ,-60 ,-95 ,-0.1,-0.1,-0.1,,
Torridge,E07000046, 645 , 455 ," 1,100 ",3.4,2.3,2.9,15 ,-40 ,-25 ,0.1,-0.2,-0.1,,
West Devon,E07000047, 355 , 340 , 695 ,2.2,2.0,2.1,-25 ,-5 ,-25 ,-0.1,0.0,-0.1,,
Gloucestershire,E10000013," 5,960 "," 4,780 "," 10,740 ",3.0,2.3,2.7,275 ,20 ,295 ,0.1,0.0,0.1,,
Cheltenham,E07000078," 1,215 ", 890 ," 2,105 ",3.2,2.3,2.8,0 ,-65 ,-60 ,0.0,-0.2,-0.1,,
Cotswold,E07000079, 520 , 535 ," 1,060 ",2.1,2.0,2.0,25 ,30 ,55 ,0.1,0.1,0.1,,
Forest of Dean,E07000080, 720 , 625 ," 1,345 ",2.8,2.4,2.6,-5 ,0 ,-5 ,0.0,0.0,0.0,,
Gloucester,E07000081," 1,915 "," 1,270 "," 3,185 ",4.3,2.9,3.6,85 ,-45 ,40 ,0.2,-0.1,0.0,,
Stroud,E07000082, 810 , 790 ," 1,600 ",2.2,2.1,2.2,85 ,55 ,140 ,0.2,0.1,0.2,,
Tewkesbury,E07000083, 775 , 670 ," 1,445 ",2.7,2.1,2.4,80 ,45 ,125 ,0.3,0.2,0.2,,
Wales,W92000004," 37,880 "," 27,810 "," 65,690 ",3.9,2.8,3.4,815 ,360 ,"1,175 ",0.1,0.0,0.1,,
Isle of Anglesey,W06000001, 835 , 590 ," 1,425 ",4.4,3.0,3.7,-15 ,30 ,15 ,-0.1,0.2,0.0,,
Gwynedd,W06000002," 1,260 ", 965 ," 2,225 ",3.5,2.6,3.0,80 ,30 ,110 ,0.2,0.1,0.2,,
Conwy,W06000003," 1,430 "," 1,030 "," 2,460 ",4.5,3.1,3.8,0 ,20 ,20 ,0.0,0.1,0.0,,
Denbighshire,W06000004," 1,215 ", 860 ," 2,075 ",4.4,3.0,3.7,-10 ,-20 ,-30 ,0.0,-0.1,-0.1,,
Flintshire,W06000005," 1,610 "," 1,270 "," 2,880 ",3.5,2.6,3.0,105 ,45 ,150 ,0.2,0.1,0.2,,
Wrexham,W06000006," 1,470 "," 1,055 "," 2,525 ",3.4,2.5,3.0,-35 ,50 ,15 ,-0.1,0.1,0.0,,
Powys,W06000023," 1,100 ", 945 ," 2,045 ",2.9,2.5,2.7,15 ,-20 ,-5 ,0.0,0.0,0.0,,
Ceredigion,W06000008, 705 , 490 ," 1,200 ",3.3,2.2,2.8,60 ,5 ,65 ,0.3,0.0,0.1,,
Pembrokeshire,W06000009," 1,450 "," 1,145 "," 2,595 ",4.2,3.1,3.6,165 ,95 ,260 ,0.5,0.3,0.4,,
Carmarthenshire,W06000010," 1,825 "," 1,360 "," 3,180 ",3.4,2.4,2.9,-10 ,-35 ,-50 ,0.0,-0.1,0.0,,
Swansea,W06000011," 3,170 "," 2,110 "," 5,280 ",4.0,2.7,3.3,95 ,-70 ,20 ,0.1,-0.1,0.0,,
Neath Port Talbot,W06000012," 1,610 "," 1,130 "," 2,745 ",3.7,2.5,3.1,-85 ,20 ,-60 ,-0.2,0.0,-0.1,,
Bridgend,W06000013," 1,535 "," 1,165 "," 2,700 ",3.4,2.6,3.0,105 ,55 ,165 ,0.2,0.1,0.2,,
The Vale of Glamorgan,W06000014," 1,485 "," 1,170 "," 2,655 ",3.8,2.8,3.3,105 ,85 ,185 ,0.3,0.2,0.2,,
Cardiff,W06000015," 6,020 "," 4,040 "," 10,060 ",4.7,3.0,3.9,-30 ,-90 ,-120 ,0.0,-0.1,0.0,,
Rhondda Cynon Taf,W06000016," 2,780 "," 2,035 "," 4,815 ",3.7,2.7,3.2,125 ,70 ,195 ,0.2,0.1,0.1,,
Merthyr Tydfil,W06000024, 675 , 540 ," 1,215 ",3.8,2.9,3.3,15 ,55 ,70 ,0.1,0.3,0.2,,
Caerphilly,W06000018," 2,110 "," 1,605 "," 3,715 ",4.0,2.9,3.4,60 ,30 ,90 ,0.1,0.1,0.1,,
Blaenau Gwent,W06000019, 940 , 700 ," 1,640 ",4.6,3.3,3.9,20 ,-25 ,-10 ,0.1,-0.1,0.0,,
Torfaen,W06000020," 1,220 ", 910 ," 2,130 ",4.4,3.1,3.7,10 ,25 ,35 ,0.0,0.1,0.1,,
Monmouthshire,W06000021, 705 , 585 ," 1,290 ",2.6,2.1,2.4,0 ,-30 ,-30 ,0.0,-0.1,-0.1,,
Newport,W06000022," 2,730 "," 2,110 "," 4,840 ",5.2,4.0,4.6,50 ,35 ,85 ,0.1,0.1,0.1,,
Scotland,S92000003," 66,125 "," 44,330 "," 110,455 ",3.9,2.5,3.1,"3,390 ","1,420 ","4,810 ",0.2,0.1,0.1,,
Aberdeen City,S12000033," 3,455 "," 2,225 "," 5,680 ",4.5,2.8,3.7,370 ,100 ,465 ,0.5,0.1,0.3,,
Aberdeenshire,S12000034," 1,775 "," 1,525 "," 3,300 ",2.3,1.9,2.1,175 ,135 ,310 ,0.2,0.2,0.2,,
Angus,S12000041," 1,250 ", 845 ," 2,095 ",3.8,2.5,3.1,70 ,-30 ,40 ,0.2,-0.1,0.1,,
Argyll & Bute,S12000035, 780 , 580 ," 1,360 ",3.0,2.3,2.7,20 ,0 ,15 ,0.1,0.0,0.0,,
City of Edinburgh,S12000036," 6,215 "," 4,100 "," 10,315 ",3.5,2.1,2.8,805 ,355 ,"1,165 ",0.5,0.2,0.3,,
Clackmannanshire,S12000005, 575 , 405 , 980 ,3.6,2.5,3.0,-15 ,5 ,-10 ,-0.1,0.0,0.0,,
Dumfries & Galloway,S12000006," 1,405 "," 1,005 "," 2,410 ",3.5,2.3,2.9,80 ,80 ,160 ,0.2,0.2,0.2,,
Dundee City,S12000042," 2,450 "," 1,490 "," 3,940 ",5.1,3.0,4.0,95 ,60 ,150 ,0.2,0.1,0.2,,
East Ayrshire,S12000008," 1,685 "," 1,065 "," 2,750 ",4.7,2.8,3.7,85 ,-30 ,55 ,0.2,-0.1,0.1,,
East Dunbartonshire,S12000045, 685 , 490 ," 1,175 ",2.2,1.5,1.9,-5 ,30 ,25 ,0.0,0.1,0.0,,
East Lothian,S12000010, 935 , 745 ," 1,675 ",2.8,2.0,2.4,105 ,30 ,135 ,0.3,0.1,0.2,,
East Renfrewshire,S12000011, 580 , 400 , 980 ,2.1,1.3,1.7,75 ,-30 ,40 ,0.3,-0.1,0.1,,
Falkirk,S12000014," 1,835 "," 1,205 "," 3,045 ",3.7,2.3,3.0,100 ,95 ,200 ,0.2,0.2,0.2,,
Fife,S12000047," 4,425 "," 3,160 "," 7,590 ",4.0,2.7,3.3,25 ,110 ,135 ,0.0,0.1,0.1,,
Glasgow City,S12000049," 14,080 "," 8,140 "," 22,220 ",6.2,3.5,4.8,850 ,-45 ,805 ,0.4,0.0,0.2,,
Highland,S12000017," 1,895 "," 1,480 "," 3,375 ",2.7,2.1,2.4,15 ,40 ,60 ,0.0,0.1,0.0,,
Inverclyde,S12000018," 1,025 ", 630 ," 1,660 ",4.3,2.5,3.4,50 ,15 ,65 ,0.2,0.1,0.1,,
Midlothian,S12000019, 865 , 660 ," 1,530 ",2.9,2.1,2.5,70 ,105 ,175 ,0.2,0.3,0.3,,
Moray,S12000020, 825 , 725 ," 1,550 ",2.9,2.5,2.7,80 ,80 ,160 ,0.3,0.3,0.3,,
Na h-Eileanan Siar,S12000013, 200 , 135 , 340 ,2.7,1.8,2.2,5 ,10 ,15 ,0.1,0.1,0.1,,
North Ayrshire,S12000021," 1,950 "," 1,370 "," 3,320 ",5.1,3.3,4.1,50 ,55 ,105 ,0.1,0.1,0.1,,
North Lanarkshire,S12000050," 3,960 "," 2,755 "," 6,715 ",3.6,2.4,3.0,-110 ,-50 ,-160 ,-0.1,0.0,-0.1,,
Orkney Islands,S12000023, 120 , 100 , 220 ,1.9,1.5,1.7,5 ,0 ,5 ,0.1,0.0,0.0,,
Perth & Kinross,S12000048," 1,230 ", 905 ," 2,135 ",2.7,2.0,2.3,50 ,50 ,100 ,0.1,0.1,0.1,,
Renfrewshire,S12000038," 2,155 "," 1,400 "," 3,550 ",3.7,2.3,2.9,205 ,145 ,350 ,0.3,0.2,0.3,,
Scottish Borders,S12000026," 1,095 ", 875 ," 1,970 ",3.4,2.5,2.9,-15 ,-5 ,-25 ,-0.1,0.0,0.0,,
Shetland Islands,S12000027, 110 , 85 , 195 ,1.6,1.3,1.4,15 ,15 ,30 ,0.2,0.2,0.2,,
South Ayrshire,S12000028," 1,250 ", 870 ," 2,120 ",4.0,2.6,3.3,-35 ,10 ,-25 ,-0.1,0.0,0.0,,
South Lanarkshire,S12000029," 3,290 "," 2,225 "," 5,515 ",3.2,2.1,2.6,25 ,20 ,50 ,0.0,0.0,0.0,,
Stirling,S12000030, 775 , 615 ," 1,390 ",2.7,2.0,2.3,35 ,15 ,50 ,0.1,0.1,0.1,,
West Dunbartonshire,S12000039," 1,345 ", 815 ," 2,160 ",5.0,2.8,3.9,5 ,25 ,30 ,0.0,0.1,0.1,,
West Lothian,S12000040," 1,895 "," 1,300 "," 3,195 ",3.3,2.2,2.7,115 ,30 ,145 ,0.2,0.0,0.1,,
Northern Ireland,N92000002," 18,985 "," 16,380 "," 35,365 ",3.2,2.7,3.0,"-1,410 ","-1,275 ","-2,680 ",-0.2,-0.2,-0.2,,
Antrim and Newtownabbey,N09000001," 1,155 ", 975 ," 2,125 ",2.5,2.1,2.3,20 ,-60 ,-45 ,0.0,-0.1,0.0,,
Ards and North Down,N09000011," 1,395 "," 1,155 "," 2,550 ",2.9,2.3,2.6,-80 ,-115 ,-195 ,-0.2,-0.2,-0.2,,
"Armagh City, Banbridge and Craigavon",N09000002," 1,985 "," 1,815 "," 3,800 ",2.9,2.6,2.8,-115 ,-105 ,-220 ,-0.2,-0.2,-0.2,,
Belfast,N09000003," 5,170 "," 4,065 "," 9,235 ",4.5,3.4,4.0,-190 ,-190 ,-380 ,-0.2,-0.2,-0.2,,
Causeway Coast and Glens,N09000004," 1,360 "," 1,225 "," 2,585 ",3.2,2.8,3.0,-105 ,-100 ,-205 ,-0.2,-0.2,-0.2,,
Derry City and Strabane,N09000005," 2,255 "," 1,790 "," 4,040 ",4.9,3.7,4.3,-310 ,-325 ,-630 ,-0.7,-0.7,-0.7,,
Fermanagh and Omagh,N09000006, 865 , 750 ," 1,615 ",2.5,2.2,2.3,-195 ,-155 ,-350 ,-0.6,-0.4,-0.5,,
Lisburn and Castlereagh,N09000007, 935 , 875 ," 1,810 ",2.0,1.9,1.9,-40 ,-20 ,-65 ,-0.1,0.0,-0.1,,
Mid and East Antrim,N09000008," 1,330 "," 1,170 "," 2,505 ",3.1,2.7,2.9,-70 ,-75 ,-140 ,-0.2,-0.2,-0.2,,
Mid Ulster,N09000009," 1,020 "," 1,025 "," 2,045 ",2.1,2.2,2.2,-155 ,-65 ,-220 ,-0.3,-0.1,-0.2,,
"Newry, Mourne and Down",N09000010," 1,510 "," 1,535 "," 3,045 ",2.8,2.8,2.8,-170 ,-65 ,-235 ,-0.3,-0.1,-0.2,,
,,,,,,,,,,,,,,,
,,,,,,,,,,,,,,,
,,,,,,,,,,,,,,,
,,,,,,,,,,,,,,,
,,,,,,,,,,,,,,,
,,,,,,,,,,,,,,,
,,,,,,,,,,,,,,,
,,,,,,,,,,,,,,,
,,,,,,,,,,,,,,,
,,,,,,,,,,,,,,,
,,,,,,,,,,,,,,,
,,,,,,,,,,,,,,,
,,,,,,,,,,,,,,,
,,,,,,,,,,,,,,,
,,,,,,,,,,,,,,,
,,,,,,,,,,,,,,,
,,,,,,,,,,,,,,,
,,,,,,,,,,,,,,,
,,,,,,,,,,,,,,,
,,,,,,,,,,,,,,,
,,,,,,,,,,,,,,,
,,,,,,,,,,,,,,,
,,,,,,,,,,,,,,,
,,,,,,,,,,,,,,,
,,,,,,,,,,,,,,,
,,,,,,,,,,,,,,,
,,,,,,,,,,,,,,,
,,,,,,,,,,,,,,,
,,,,,,,,,,,,,,,
,,,,,,,,,,,,,,,
,,,,,,,,,,,,,,,
,,,,,,,,,,,,,,,
,,,,,,,,,,,,,,,
,,,,,,,,,,,,,,,
,,,,,,,,,,,,,,,
,,,,,,,,,,,,,,,
,,,,,,,,,,,,,,,
,,,,,,,,,,,,,,,
,,,,,,,,,,,,,,,
,,,,,,,,,,,,,,,
,,,,,,,,,,,,,,,
