"DATE_NAME","GEOGRAPHY_CODE","GEOGRAPHY_NAME","OBS_VALUE"
"2017","W01000001","Isle of Anglesey 007A",1067
"2017","W01000002","Isle of Anglesey 007B",1261
"2017","W01000003","Isle of Anglesey 001A",2597
"2017","W01000004","Isle of Anglesey 001B",1275
"2017","W01000005","Isle of Anglesey 005A",1797
"2017","W01000006","Isle of Anglesey 006A",1585
"2017","W01000007","Isle of Anglesey 009A",1727
"2017","W01000008","Isle of Anglesey 008A",1490
"2017","W01000009","Isle of Anglesey 007C",1977
"2017","W01000010","Isle of Anglesey 002A",1912
"2017","W01000011","Isle of Anglesey 008B",1144
"2017","W01000012","Isle of Anglesey 006B",1562
"2017","W01000013","Isle of Anglesey 005B",2230
"2017","W01000014","Isle of Anglesey 006C",2173
"2017","W01000015","Isle of Anglesey 008C",1520
"2017","W01000016","Isle of Anglesey 003A",1304
"2017","W01000017","Isle of Anglesey 003B",1666
"2017","W01000018","Isle of Anglesey 001C",1248
"2017","W01000019","Isle of Anglesey 005C",1397
"2017","W01000020","Isle of Anglesey 002B",1355
"2017","W01000021","Isle of Anglesey 002C",2234
"2017","W01000022","Isle of Anglesey 004A",1595
"2017","W01000023","Isle of Anglesey 007D",1538
"2017","W01000024","Isle of Anglesey 007E",1412
"2017","W01000025","Isle of Anglesey 009B",2053
"2017","W01000026","Isle of Anglesey 005D",1175
"2017","W01000027","Isle of Anglesey 009C",1859
"2017","W01000028","Isle of Anglesey 001D",2004
"2017","W01000029","Isle of Anglesey 003C",1424
"2017","W01000030","Isle of Anglesey 003D",2334
"2017","W01000031","Isle of Anglesey 001E",1522
"2017","W01000032","Isle of Anglesey 002D",998
"2017","W01000033","Isle of Anglesey 003E",1576
"2017","W01000034","Isle of Anglesey 004B",1175
"2017","W01000035","Isle of Anglesey 005E",1838
"2017","W01000036","Isle of Anglesey 003F",1087
"2017","W01000037","Isle of Anglesey 003G",1149
"2017","W01000038","Isle of Anglesey 009D",2254
"2017","W01000039","Isle of Anglesey 004C",989
"2017","W01000040","Isle of Anglesey 004D",1118
"2017","W01000041","Isle of Anglesey 006D",1667
"2017","W01000042","Isle of Anglesey 008D",2136
"2017","W01000043","Isle of Anglesey 004E",1231
"2017","W01000044","Isle of Anglesey 004F",1139
"2017","W01000047","Gwynedd 011A",1321
"2017","W01000048","Gwynedd 016A",1390
"2017","W01000049","Gwynedd 016B",1067
"2017","W01000050","Gwynedd 003A",1357
"2017","W01000051","Gwynedd 015A",2035
"2017","W01000052","Gwynedd 004A",1209
"2017","W01000053","Gwynedd 004B",1196
"2017","W01000054","Gwynedd 007A",1131
"2017","W01000056","Gwynedd 009A",1908
"2017","W01000057","Gwynedd 016C",1440
"2017","W01000059","Gwynedd 006A",2101
"2017","W01000060","Gwynedd 015B",1307
"2017","W01000061","Gwynedd 011B",1807
"2017","W01000062","Gwynedd 001A",2245
"2017","W01000063","Gwynedd 005A",2051
"2017","W01000064","Gwynedd 002A",1901
"2017","W01000065","Gwynedd 009B",1148
"2017","W01000066","Gwynedd 010A",1230
"2017","W01000067","Gwynedd 016D",1189
"2017","W01000068","Gwynedd 016E",1528
"2017","W01000069","Gwynedd 013A",1538
"2017","W01000070","Gwynedd 012A",1339
"2017","W01000071","Gwynedd 003B",2308
"2017","W01000072","Gwynedd 002B",1988
"2017","W01000073","Gwynedd 008A",1690
"2017","W01000074","Gwynedd 013B",1880
"2017","W01000075","Gwynedd 002C",1554
"2017","W01000076","Gwynedd 001B",1137
"2017","W01000077","Gwynedd 001C",1514
"2017","W01000078","Gwynedd 011C",1703
"2017","W01000079","Gwynedd 013C",1029
"2017","W01000080","Gwynedd 014C",1743
"2017","W01000081","Gwynedd 005B",2098
"2017","W01000082","Gwynedd 015C",1154
"2017","W01000083","Gwynedd 015D",1397
"2017","W01000084","Gwynedd 014D",1211
"2017","W01000085","Gwynedd 017C",1960
"2017","W01000086","Gwynedd 008B",2262
"2017","W01000087","Gwynedd 004C",1967
"2017","W01000088","Gwynedd 007B",2075
"2017","W01000089","Gwynedd 011D",2156
"2017","W01000090","Gwynedd 002D",1412
"2017","W01000091","Gwynedd 001D",1197
"2017","W01000092","Gwynedd 001E",3803
"2017","W01000093","Gwynedd 006B",2321
"2017","W01000094","Gwynedd 012B",1253
"2017","W01000095","Gwynedd 012C",1397
"2017","W01000096","Gwynedd 003C",1384
"2017","W01000097","Gwynedd 003D",1230
"2017","W01000098","Gwynedd 006C",2448
"2017","W01000099","Gwynedd 005C",1786
"2017","W01000100","Gwynedd 010B",1070
"2017","W01000101","Gwynedd 013D",1504
"2017","W01000102","Gwynedd 002E",1312
"2017","W01000103","Gwynedd 005D",1282
"2017","W01000104","Gwynedd 008C",1917
"2017","W01000105","Gwynedd 010C",1844
"2017","W01000106","Gwynedd 010D",1633
"2017","W01000107","Gwynedd 010E",1232
"2017","W01000108","Gwynedd 012D",2285
"2017","W01000109","Gwynedd 012E",1964
"2017","W01000110","Gwynedd 006D",1491
"2017","W01000111","Gwynedd 007C",1659
"2017","W01000112","Gwynedd 008D",1978
"2017","W01000113","Gwynedd 009C",1901
"2017","W01000114","Gwynedd 009D",1530
"2017","W01000115","Gwynedd 003E",2157
"2017","W01000116","Gwynedd 017D",1710
"2017","W01000117","Gwynedd 017E",1493
"2017","W01000118","Gwynedd 007D",1713
"2017","W01000119","Gwynedd 004D",2412
"2017","W01000121","Conwy 015A",1166
"2017","W01000122","Conwy 014A",2131
"2017","W01000123","Conwy 013A",1879
"2017","W01000124","Conwy 012A",2044
"2017","W01000125","Conwy 013B",1340
"2017","W01000126","Conwy 009A",1596
"2017","W01000127","Conwy 009B",1168
"2017","W01000128","Conwy 009C",1348
"2017","W01000129","Conwy 012B",1093
"2017","W01000130","Conwy 012C",1874
"2017","W01000131","Conwy 012D",2090
"2017","W01000132","Conwy 001A",1576
"2017","W01000133","Conwy 002A",1906
"2017","W01000134","Conwy 015B",2137
"2017","W01000135","Conwy 006A",2117
"2017","W01000136","Conwy 006B",2693
"2017","W01000137","Conwy 015C",1516
"2017","W01000138","Conwy 008A",1692
"2017","W01000139","Conwy 007A",1417
"2017","W01000140","Conwy 010B",1539
"2017","W01000141","Conwy 010C",1622
"2017","W01000142","Conwy 010D",1508
"2017","W01000143","Conwy 007B",1551
"2017","W01000144","Conwy 007C",1348
"2017","W01000145","Conwy 008B",1298
"2017","W01000146","Conwy 001B",2054
"2017","W01000147","Conwy 001C",1457
"2017","W01000148","Conwy 015D",1162
"2017","W01000149","Conwy 005A",1507
"2017","W01000150","Conwy 005B",1459
"2017","W01000151","Conwy 005C",1637
"2017","W01000152","Conwy 005D",1476
"2017","W01000153","Conwy 009D",1657
"2017","W01000154","Conwy 003A",1420
"2017","W01000155","Conwy 004A",1454
"2017","W01000156","Conwy 004B",1502
"2017","W01000157","Conwy 004C",1455
"2017","W01000158","Conwy 004D",1574
"2017","W01000159","Conwy 014B",1371
"2017","W01000162","Conwy 014C",1989
"2017","W01000163","Conwy 009E",1364
"2017","W01000164","Conwy 009F",1427
"2017","W01000165","Conwy 006C",2034
"2017","W01000166","Conwy 006D",2688
"2017","W01000167","Conwy 011C",1996
"2017","W01000168","Conwy 002B",1787
"2017","W01000169","Conwy 001D",2001
"2017","W01000170","Conwy 013C",1902
"2017","W01000171","Conwy 013D",1493
"2017","W01000172","Conwy 013E",1214
"2017","W01000173","Conwy 003B",1504
"2017","W01000174","Conwy 003C",1697
"2017","W01000175","Conwy 003D",1596
"2017","W01000176","Conwy 011D",1732
"2017","W01000177","Conwy 011E",1232
"2017","W01000178","Conwy 010E",1868
"2017","W01000179","Conwy 010F",1720
"2017","W01000180","Conwy 008C",1632
"2017","W01000181","Conwy 008D",1451
"2017","W01000182","Conwy 007D",1923
"2017","W01000183","Conwy 008E",1530
"2017","W01000184","Conwy 005E",2368
"2017","W01000185","Conwy 015E",1257
"2017","W01000186","Conwy 001E",1761
"2017","W01000187","Conwy 002C",1609
"2017","W01000188","Conwy 002D",1692
"2017","W01000189","Conwy 015F",1378
"2017","W01000190","Conwy 014D",1414
"2017","W01000191","Denbighshire 009A",2202
"2017","W01000192","Denbighshire 016A",1055
"2017","W01000193","Denbighshire 015A",1346
"2017","W01000194","Denbighshire 011A",2042
"2017","W01000195","Denbighshire 012A",1418
"2017","W01000196","Denbighshire 012B",1484
"2017","W01000197","Denbighshire 012C",1724
"2017","W01000198","Denbighshire 011B",1432
"2017","W01000199","Denbighshire 011C",1680
"2017","W01000200","Denbighshire 008A",1315
"2017","W01000201","Denbighshire 008B",1515
"2017","W01000202","Denbighshire 015B",1646
"2017","W01000203","Denbighshire 013A",2505
"2017","W01000204","Denbighshire 013B",1433
"2017","W01000205","Denbighshire 016B",1183
"2017","W01000206","Denbighshire 013C",2116
"2017","W01000207","Denbighshire 015C",2302
"2017","W01000208","Denbighshire 016C",1149
"2017","W01000209","Denbighshire 016D",1604
"2017","W01000210","Denbighshire 016E",1347
"2017","W01000211","Denbighshire 012D",1897
"2017","W01000212","Denbighshire 003A",2116
"2017","W01000213","Denbighshire 002A",1417
"2017","W01000214","Denbighshire 002B",1105
"2017","W01000215","Denbighshire 002C",1471
"2017","W01000216","Denbighshire 002D",1379
"2017","W01000217","Denbighshire 008C",1973
"2017","W01000218","Denbighshire 001A",1530
"2017","W01000219","Denbighshire 001B",2692
"2017","W01000220","Denbighshire 001C",1662
"2017","W01000221","Denbighshire 003B",1337
"2017","W01000222","Denbighshire 003C",1736
"2017","W01000223","Denbighshire 009B",1238
"2017","W01000224","Denbighshire 009C",1410
"2017","W01000225","Denbighshire 009D",1504
"2017","W01000226","Denbighshire 004A",1508
"2017","W01000227","Denbighshire 004B",1640
"2017","W01000228","Denbighshire 004C",1459
"2017","W01000229","Denbighshire 017E",1647
"2017","W01000230","Denbighshire 017F",1927
"2017","W01000231","Denbighshire 017A",1353
"2017","W01000232","Denbighshire 017B",1597
"2017","W01000233","Denbighshire 017C",1304
"2017","W01000234","Denbighshire 017G",1609
"2017","W01000235","Denbighshire 017D",1283
"2017","W01000236","Denbighshire 006A",1916
"2017","W01000237","Denbighshire 006B",1888
"2017","W01000238","Denbighshire 006C",1693
"2017","W01000239","Denbighshire 004D",1676
"2017","W01000240","Denbighshire 004E",1574
"2017","W01000241","Denbighshire 004F",1434
"2017","W01000242","Denbighshire 014A",1957
"2017","W01000243","Denbighshire 014B",2040
"2017","W01000244","Denbighshire 014C",1669
"2017","W01000245","Denbighshire 010A",1746
"2017","W01000246","Denbighshire 010B",1688
"2017","W01000247","Denbighshire 010C",1924
"2017","W01000248","Denbighshire 008D",1662
"2017","W01000249","Flintshire 014A",1195
"2017","W01000250","Flintshire 014B",1569
"2017","W01000251","Flintshire 013A",1596
"2017","W01000252","Flintshire 010A",1655
"2017","W01000253","Flintshire 003A",1884
"2017","W01000254","Flintshire 003B",2227
"2017","W01000255","Flintshire 015A",2314
"2017","W01000256","Flintshire 015B",1568
"2017","W01000257","Flintshire 015C",2431
"2017","W01000258","Flintshire 006A",2144
"2017","W01000259","Flintshire 017A",1577
"2017","W01000260","Flintshire 017B",1740
"2017","W01000261","Flintshire 014C",1518
"2017","W01000262","Flintshire 017C",1508
"2017","W01000263","Flintshire 017D",1443
"2017","W01000264","Flintshire 012A",1822
"2017","W01000265","Flintshire 012B",1514
"2017","W01000266","Flintshire 017E",1726
"2017","W01000267","Flintshire 017F",2003
"2017","W01000268","Flintshire 013B",1675
"2017","W01000269","Flintshire 020A",1596
"2017","W01000270","Flintshire 006B",1276
"2017","W01000271","Flintshire 006C",1261
"2017","W01000272","Flintshire 006D",1801
"2017","W01000273","Flintshire 007A",1593
"2017","W01000274","Flintshire 007B",1731
"2017","W01000275","Flintshire 007C",1262
"2017","W01000276","Flintshire 008A",1331
"2017","W01000277","Flintshire 008B",1363
"2017","W01000278","Flintshire 007D",1519
"2017","W01000279","Flintshire 008C",1218
"2017","W01000280","Flintshire 010B",1633
"2017","W01000281","Flintshire 008D",1204
"2017","W01000282","Flintshire 010C",1713
"2017","W01000283","Flintshire 008E",2276
"2017","W01000284","Flintshire 013C",1740
"2017","W01000285","Flintshire 013D",1433
"2017","W01000286","Flintshire 013E",2238
"2017","W01000287","Flintshire 001A",1742
"2017","W01000288","Flintshire 004A",2112
"2017","W01000289","Flintshire 005A",1354
"2017","W01000290","Flintshire 004B",1197
"2017","W01000291","Flintshire 005B",1341
"2017","W01000292","Flintshire 004C",1506
"2017","W01000293","Flintshire 004D",1729
"2017","W01000294","Flintshire 005C",1918
"2017","W01000295","Flintshire 005D",1644
"2017","W01000296","Flintshire 003C",1523
"2017","W01000297","Flintshire 003D",1295
"2017","W01000298","Flintshire 001B",1524
"2017","W01000299","Flintshire 019A",1960
"2017","W01000300","Flintshire 019B",1667
"2017","W01000301","Flintshire 006E",1708
"2017","W01000302","Flintshire 013F",2035
"2017","W01000303","Flintshire 018A",1648
"2017","W01000304","Flintshire 003E",2029
"2017","W01000305","Flintshire 003F",1829
"2017","W01000306","Flintshire 002A",2498
"2017","W01000307","Flintshire 020B",1526
"2017","W01000308","Flintshire 020C",1238
"2017","W01000309","Flintshire 019C",2200
"2017","W01000310","Flintshire 020D",1851
"2017","W01000311","Flintshire 011A",1770
"2017","W01000312","Flintshire 011B",1699
"2017","W01000313","Flintshire 016A",1588
"2017","W01000314","Flintshire 016B",1147
"2017","W01000315","Flintshire 016C",1958
"2017","W01000316","Flintshire 016D",1247
"2017","W01000317","Flintshire 016E",1442
"2017","W01000318","Flintshire 016F",1277
"2017","W01000319","Flintshire 016G",1483
"2017","W01000320","Flintshire 002B",1973
"2017","W01000321","Flintshire 014D",1656
"2017","W01000322","Flintshire 014E",1324
"2017","W01000323","Flintshire 012C",1565
"2017","W01000324","Flintshire 012D",1441
"2017","W01000325","Flintshire 010D",1530
"2017","W01000326","Flintshire 018B",2146
"2017","W01000327","Flintshire 018C",2336
"2017","W01000328","Flintshire 011C",2154
"2017","W01000329","Flintshire 015D",1462
"2017","W01000330","Flintshire 015E",2293
"2017","W01000331","Flintshire 015F",1548
"2017","W01000332","Flintshire 009A",1558
"2017","W01000333","Flintshire 009B",1544
"2017","W01000334","Flintshire 009C",1994
"2017","W01000335","Flintshire 009D",1106
"2017","W01000336","Flintshire 009E",1584
"2017","W01000337","Flintshire 009F",2258
"2017","W01000338","Flintshire 001C",1782
"2017","W01000339","Flintshire 019D",1664
"2017","W01000340","Flintshire 002C",2255
"2017","W01000341","Wrexham 009A",1597
"2017","W01000342","Wrexham 009B",1612
"2017","W01000343","Wrexham 007A",1040
"2017","W01000344","Wrexham 007B",1231
"2017","W01000345","Wrexham 018A",1598
"2017","W01000346","Wrexham 018B",1552
"2017","W01000347","Wrexham 006A",2933
"2017","W01000348","Wrexham 006B",1393
"2017","W01000349","Wrexham 011A",2070
"2017","W01000350","Wrexham 011B",1532
"2017","W01000351","Wrexham 005A",2217
"2017","W01000352","Wrexham 010A",1004
"2017","W01000353","Wrexham 010B",1383
"2017","W01000354","Wrexham 017A",1761
"2017","W01000355","Wrexham 017B",1703
"2017","W01000356","Wrexham 017C",1662
"2017","W01000359","Wrexham 019C",1157
"2017","W01000360","Wrexham 019D",1255
"2017","W01000361","Wrexham 019E",2027
"2017","W01000362","Wrexham 006C",1629
"2017","W01000363","Wrexham 006D",1542
"2017","W01000364","Wrexham 006E",1675
"2017","W01000365","Wrexham 011C",2097
"2017","W01000366","Wrexham 014A",1473
"2017","W01000367","Wrexham 014B",1287
"2017","W01000368","Wrexham 008A",2060
"2017","W01000369","Wrexham 020F",1298
"2017","W01000370","Wrexham 020G",1419
"2017","W01000371","Wrexham 008B",1140
"2017","W01000372","Wrexham 008C",1337
"2017","W01000373","Wrexham 005B",1827
"2017","W01000374","Wrexham 003A",1379
"2017","W01000375","Wrexham 003B",2224
"2017","W01000376","Wrexham 003C",1375
"2017","W01000377","Wrexham 004A",1563
"2017","W01000378","Wrexham 004B",1361
"2017","W01000379","Wrexham 004C",1690
"2017","W01000380","Wrexham 004D",1399
"2017","W01000381","Wrexham 012A",1088
"2017","W01000382","Wrexham 012B",1283
"2017","W01000383","Wrexham 020A",2778
"2017","W01000384","Wrexham 020B",1058
"2017","W01000385","Wrexham 014C",1644
"2017","W01000386","Wrexham 015A",1493
"2017","W01000387","Wrexham 008D",1177
"2017","W01000388","Wrexham 008E",1064
"2017","W01000389","Wrexham 017D",2037
"2017","W01000390","Wrexham 020C",1588
"2017","W01000391","Wrexham 003D",1457
"2017","W01000392","Wrexham 003E",1712
"2017","W01000393","Wrexham 009C",1939
"2017","W01000394","Wrexham 016A",1221
"2017","W01000395","Wrexham 016B",1116
"2017","W01000396","Wrexham 020H",1216
"2017","W01000397","Wrexham 020I",980
"2017","W01000398","Wrexham 013A",1267
"2017","W01000399","Wrexham 013B",1093
"2017","W01000400","Wrexham 005C",1910
"2017","W01000401","Wrexham 005D",1885
"2017","W01000402","Wrexham 011D",2451
"2017","W01000403","Wrexham 018C",1348
"2017","W01000404","Wrexham 018D",2119
"2017","W01000405","Wrexham 015B",2314
"2017","W01000406","Wrexham 013C",2227
"2017","W01000407","Wrexham 016C",1328
"2017","W01000408","Wrexham 013D",1150
"2017","W01000409","Wrexham 017E",2067
"2017","W01000410","Wrexham 014D",1674
"2017","W01000411","Wrexham 015C",1622
"2017","W01000412","Wrexham 015D",1580
"2017","W01000413","Wrexham 010C",1396
"2017","W01000414","Wrexham 010D",1244
"2017","W01000415","Wrexham 007C",1381
"2017","W01000416","Wrexham 007D",1237
"2017","W01000417","Wrexham 020D",1501
"2017","W01000418","Wrexham 020E",1706
"2017","W01000419","Wrexham 016D",1580
"2017","W01000420","Wrexham 016E",1449
"2017","W01000422","Wrexham 008F",2110
"2017","W01000423","Wrexham 012D",2250
"2017","W01000424","Wrexham 012E",1230
"2017","W01000425","Wrexham 010E",2260
"2017","W01000426","Powys 021A",1473
"2017","W01000427","Powys 011A",1417
"2017","W01000428","Powys 005A",1339
"2017","W01000429","Powys 010A",2292
"2017","W01000430","Powys 015A",1347
"2017","W01000431","Powys 014A",1240
"2017","W01000432","Powys 014B",1159
"2017","W01000433","Powys 006A",2292
"2017","W01000434","Powys 007A",1618
"2017","W01000438","Powys 012A",1225
"2017","W01000439","Powys 007B",1990
"2017","W01000440","Powys 020A",1364
"2017","W01000441","Powys 005B",1491
"2017","W01000442","Powys 004A",2040
"2017","W01000443","Powys 015B",2338
"2017","W01000444","Powys 002A",2329
"2017","W01000445","Powys 015C",1538
"2017","W01000446","Powys 015D",1512
"2017","W01000447","Powys 007C",2001
"2017","W01000448","Powys 011B",1384
"2017","W01000449","Powys 011C",1546
"2017","W01000450","Powys 014C",1368
"2017","W01000451","Powys 012B",1139
"2017","W01000452","Powys 004B",1933
"2017","W01000453","Powys 010B",1408
"2017","W01000454","Powys 013A",1300
"2017","W01000455","Powys 013B",2211
"2017","W01000456","Powys 013C",2057
"2017","W01000457","Powys 002B",2091
"2017","W01000458","Powys 002C",1717
"2017","W01000459","Powys 014D",1196
"2017","W01000460","Powys 006B",1726
"2017","W01000461","Powys 001A",1485
"2017","W01000464","Powys 011D",1194
"2017","W01000465","Powys 018E",1035
"2017","W01000466","Powys 010C",1330
"2017","W01000467","Powys 010D",1474
"2017","W01000470","Powys 001D",1965
"2017","W01000471","Powys 014E",1815
"2017","W01000472","Powys 012C",1245
"2017","W01000473","Powys 004C",2213
"2017","W01000474","Powys 020B",1742
"2017","W01000475","Powys 001E",2419
"2017","W01000476","Powys 005C",1265
"2017","W01000477","Powys 012D",1422
"2017","W01000478","Powys 009A",1884
"2017","W01000479","Powys 009B",1453
"2017","W01000480","Powys 008A",2109
"2017","W01000481","Powys 008B",2158
"2017","W01000482","Powys 008C",1948
"2017","W01000483","Powys 009C",1767
"2017","W01000484","Powys 011E",1527
"2017","W01000485","Powys 011F",1591
"2017","W01000486","Powys 011G",1095
"2017","W01000487","Powys 012E",2102
"2017","W01000488","Powys 006C",2210
"2017","W01000489","Powys 017A",2112
"2017","W01000492","Powys 017D",1591
"2017","W01000493","Powys 017E",1486
"2017","W01000494","Powys 015E",1691
"2017","W01000496","Powys 021B",1987
"2017","W01000497","Powys 005D",1343
"2017","W01000498","Powys 003A",1488
"2017","W01000499","Powys 003B",1274
"2017","W01000500","Powys 003C",1498
"2017","W01000501","Powys 003D",2408
"2017","W01000502","Powys 021C",2030
"2017","W01000503","Powys 020C",1063
"2017","W01000504","Powys 021D",1166
"2017","W01000505","Powys 021E",1418
"2017","W01000506","Ceredigion 005A",1333
"2017","W01000507","Ceredigion 009A",1274
"2017","W01000508","Ceredigion 009B",1149
"2017","W01000509","Ceredigion 009C",1809
"2017","W01000510","Ceredigion 009D",1171
"2017","W01000511","Ceredigion 009E",1223
"2017","W01000512","Ceredigion 002A",1441
"2017","W01000513","Ceredigion 002B",2380
"2017","W01000515","Ceredigion 003A",1351
"2017","W01000516","Ceredigion 003B",1637
"2017","W01000517","Ceredigion 002D",1331
"2017","W01000518","Ceredigion 003C",1092
"2017","W01000519","Ceredigion 010A",1630
"2017","W01000522","Ceredigion 010B",1192
"2017","W01000523","Ceredigion 001C",1846
"2017","W01000524","Ceredigion 005B",1959
"2017","W01000525","Ceredigion 011A",1191
"2017","W01000527","Ceredigion 008A",1461
"2017","W01000528","Ceredigion 008B",1473
"2017","W01000529","Ceredigion 007A",1590
"2017","W01000531","Ceredigion 010C",1793
"2017","W01000532","Ceredigion 007B",1909
"2017","W01000533","Ceredigion 010D",1389
"2017","W01000534","Ceredigion 011B",1488
"2017","W01000535","Ceredigion 008C",2054
"2017","W01000536","Ceredigion 011E",1371
"2017","W01000537","Ceredigion 008D",1457
"2017","W01000538","Ceredigion 005C",1490
"2017","W01000539","Ceredigion 005D",1188
"2017","W01000540","Ceredigion 005E",1155
"2017","W01000541","Ceredigion 008E",1762
"2017","W01000542","Ceredigion 011F",2147
"2017","W01000543","Ceredigion 011C",1939
"2017","W01000544","Ceredigion 007C",985
"2017","W01000545","Ceredigion 007D",2074
"2017","W01000546","Ceredigion 009F",1143
"2017","W01000547","Ceredigion 009G",1104
"2017","W01000548","Ceredigion 001D",1816
"2017","W01000549","Ceredigion 001E",1716
"2017","W01000550","Ceredigion 011G",1177
"2017","W01000551","Ceredigion 010E",1314
"2017","W01000552","Ceredigion 011D",2073
"2017","W01000553","Pembrokeshire 011A",1211
"2017","W01000554","Pembrokeshire 009A",1865
"2017","W01000555","Pembrokeshire 008A",1482
"2017","W01000556","Pembrokeshire 008B",1179
"2017","W01000557","Pembrokeshire 014A",1460
"2017","W01000558","Pembrokeshire 001A",2143
"2017","W01000559","Pembrokeshire 001B",1476
"2017","W01000560","Pembrokeshire 001C",1288
"2017","W01000561","Pembrokeshire 001D",1422
"2017","W01000562","Pembrokeshire 002A",1678
"2017","W01000563","Pembrokeshire 011B",1149
"2017","W01000564","Pembrokeshire 011C",1309
"2017","W01000565","Pembrokeshire 002B",1929
"2017","W01000566","Pembrokeshire 002C",1484
"2017","W01000567","Pembrokeshire 002D",2090
"2017","W01000568","Pembrokeshire 005A",2364
"2017","W01000569","Pembrokeshire 005B",1287
"2017","W01000570","Pembrokeshire 005C",1569
"2017","W01000571","Pembrokeshire 006A",2366
"2017","W01000572","Pembrokeshire 005D",1848
"2017","W01000573","Pembrokeshire 006B",2496
"2017","W01000574","Pembrokeshire 015A",1748
"2017","W01000575","Pembrokeshire 008C",2648
"2017","W01000576","Pembrokeshire 011D",2200
"2017","W01000577","Pembrokeshire 007A",1633
"2017","W01000578","Pembrokeshire 014B",1651
"2017","W01000579","Pembrokeshire 003A",2474
"2017","W01000580","Pembrokeshire 009B",2429
"2017","W01000581","Pembrokeshire 003B",1451
"2017","W01000582","Pembrokeshire 004A",1656
"2017","W01000583","Pembrokeshire 004B",1405
"2017","W01000584","Pembrokeshire 014C",2079
"2017","W01000585","Pembrokeshire 007B",1415
"2017","W01000586","Pembrokeshire 006C",2221
"2017","W01000587","Pembrokeshire 010A",2046
"2017","W01000588","Pembrokeshire 010B",2309
"2017","W01000589","Pembrokeshire 012A",1178
"2017","W01000590","Pembrokeshire 012B",1060
"2017","W01000591","Pembrokeshire 012C",1680
"2017","W01000592","Pembrokeshire 012D",1372
"2017","W01000593","Pembrokeshire 010C",2825
"2017","W01000594","Pembrokeshire 012E",2306
"2017","W01000595","Pembrokeshire 007C",2072
"2017","W01000596","Pembrokeshire 007D",1567
"2017","W01000597","Pembrokeshire 002E",1214
"2017","W01000598","Pembrokeshire 009C",2289
"2017","W01000599","Pembrokeshire 009D",2058
"2017","W01000600","Pembrokeshire 013A",1642
"2017","W01000601","Pembrokeshire 013B",1490
"2017","W01000602","Pembrokeshire 013C",1253
"2017","W01000603","Pembrokeshire 013D",1938
"2017","W01000604","Pembrokeshire 013E",1616
"2017","W01000605","Pembrokeshire 013F",1777
"2017","W01000606","Pembrokeshire 015B",1670
"2017","W01000607","Pembrokeshire 015C",2247
"2017","W01000608","Pembrokeshire 015D",1450
"2017","W01000609","Pembrokeshire 014D",2465
"2017","W01000610","Pembrokeshire 016A",1682
"2017","W01000611","Pembrokeshire 004C",1959
"2017","W01000612","Pembrokeshire 003C",1793
"2017","W01000613","Pembrokeshire 001E",2225
"2017","W01000614","Pembrokeshire 008D",1425
"2017","W01000615","Pembrokeshire 011E",1509
"2017","W01000616","Pembrokeshire 011F",1068
"2017","W01000617","Pembrokeshire 002F",1526
"2017","W01000618","Pembrokeshire 003D",1929
"2017","W01000619","Pembrokeshire 016B",2096
"2017","W01000620","Pembrokeshire 016C",914
"2017","W01000621","Pembrokeshire 016D",1498
"2017","W01000622","Pembrokeshire 008E",1453
"2017","W01000623","Pembrokeshire 004D",2005
"2017","W01000624","Carmarthenshire 005A",2300
"2017","W01000625","Carmarthenshire 013A",1186
"2017","W01000626","Carmarthenshire 013B",1427
"2017","W01000627","Carmarthenshire 013C",2374
"2017","W01000628","Carmarthenshire 024A",1551
"2017","W01000629","Carmarthenshire 024B",1674
"2017","W01000630","Carmarthenshire 024C",1676
"2017","W01000631","Carmarthenshire 024D",1834
"2017","W01000632","Carmarthenshire 021A",1464
"2017","W01000633","Carmarthenshire 021B",1424
"2017","W01000634","Carmarthenshire 021C",1338
"2017","W01000635","Carmarthenshire 025A",2374
"2017","W01000636","Carmarthenshire 025B",2001
"2017","W01000637","Carmarthenshire 007A",1375
"2017","W01000638","Carmarthenshire 007B",1141
"2017","W01000639","Carmarthenshire 007C",1337
"2017","W01000640","Carmarthenshire 007D",1234
"2017","W01000641","Carmarthenshire 008A",2054
"2017","W01000642","Carmarthenshire 008B",1719
"2017","W01000643","Carmarthenshire 006A",1674
"2017","W01000644","Carmarthenshire 006B",1881
"2017","W01000645","Carmarthenshire 006C",2037
"2017","W01000646","Carmarthenshire 003A",2224
"2017","W01000647","Carmarthenshire 002A",1453
"2017","W01000648","Carmarthenshire 006D",1428
"2017","W01000649","Carmarthenshire 006E",1565
"2017","W01000650","Carmarthenshire 002B",1583
"2017","W01000651","Carmarthenshire 020A",1620
"2017","W01000652","Carmarthenshire 020B",1951
"2017","W01000653","Carmarthenshire 023A",1487
"2017","W01000654","Carmarthenshire 023B",1783
"2017","W01000655","Carmarthenshire 020C",2087
"2017","W01000656","Carmarthenshire 010A",2144
"2017","W01000657","Carmarthenshire 010B",1117
"2017","W01000658","Carmarthenshire 010C",1282
"2017","W01000659","Carmarthenshire 026A",1816
"2017","W01000660","Carmarthenshire 026B",1529
"2017","W01000662","Carmarthenshire 016A",2188
"2017","W01000663","Carmarthenshire 016B",2344
"2017","W01000664","Carmarthenshire 016C",2131
"2017","W01000665","Carmarthenshire 017A",1846
"2017","W01000666","Carmarthenshire 017B",1456
"2017","W01000667","Carmarthenshire 023C",1666
"2017","W01000670","Carmarthenshire 018A",1581
"2017","W01000671","Carmarthenshire 018B",2075
"2017","W01000672","Carmarthenshire 027E",1564
"2017","W01000673","Carmarthenshire 027F",1109
"2017","W01000674","Carmarthenshire 027A",2067
"2017","W01000675","Carmarthenshire 012A",2060
"2017","W01000676","Carmarthenshire 004A",1567
"2017","W01000677","Carmarthenshire 004B",1447
"2017","W01000678","Carmarthenshire 002C",1381
"2017","W01000679","Carmarthenshire 002D",1184
"2017","W01000680","Carmarthenshire 011A",2177
"2017","W01000681","Carmarthenshire 011B",1987
"2017","W01000682","Carmarthenshire 005B",1374
"2017","W01000683","Carmarthenshire 005C",1071
"2017","W01000684","Carmarthenshire 005D",1865
"2017","W01000685","Carmarthenshire 001A",1582
"2017","W01000686","Carmarthenshire 001B",1260
"2017","W01000687","Carmarthenshire 004C",1943
"2017","W01000688","Carmarthenshire 003B",1740
"2017","W01000689","Carmarthenshire 003C",1599
"2017","W01000690","Carmarthenshire 019A",1763
"2017","W01000691","Carmarthenshire 019B",1876
"2017","W01000692","Carmarthenshire 019C",1541
"2017","W01000693","Carmarthenshire 008C",1096
"2017","W01000694","Carmarthenshire 008D",1504
"2017","W01000695","Carmarthenshire 012B",1744
"2017","W01000696","Carmarthenshire 012C",1634
"2017","W01000697","Carmarthenshire 015A",2033
"2017","W01000698","Carmarthenshire 015B",1961
"2017","W01000699","Carmarthenshire 015C",1565
"2017","W01000700","Carmarthenshire 027G",2030
"2017","W01000701","Carmarthenshire 001C",1586
"2017","W01000702","Carmarthenshire 001D",1183
"2017","W01000703","Carmarthenshire 022A",1761
"2017","W01000704","Carmarthenshire 022B",1637
"2017","W01000705","Carmarthenshire 022C",1968
"2017","W01000706","Carmarthenshire 025C",1570
"2017","W01000707","Carmarthenshire 025D",1480
"2017","W01000708","Carmarthenshire 025E",1427
"2017","W01000709","Carmarthenshire 004D",2156
"2017","W01000710","Carmarthenshire 021D",2179
"2017","W01000711","Carmarthenshire 021E",1949
"2017","W01000712","Carmarthenshire 015D",1574
"2017","W01000713","Carmarthenshire 015E",1301
"2017","W01000714","Carmarthenshire 013D",1381
"2017","W01000715","Carmarthenshire 013E",1299
"2017","W01000716","Carmarthenshire 016D",1267
"2017","W01000717","Carmarthenshire 016E",1504
"2017","W01000718","Carmarthenshire 010D",1348
"2017","W01000719","Carmarthenshire 010E",1430
"2017","W01000720","Carmarthenshire 027B",1830
"2017","W01000721","Carmarthenshire 027C",1363
"2017","W01000722","Carmarthenshire 012D",1297
"2017","W01000723","Carmarthenshire 012E",1334
"2017","W01000724","Carmarthenshire 011C",1916
"2017","W01000725","Carmarthenshire 011D",2306
"2017","W01000726","Carmarthenshire 019D",1596
"2017","W01000727","Carmarthenshire 019E",958
"2017","W01000728","Carmarthenshire 003D",1999
"2017","W01000729","Carmarthenshire 018C",1225
"2017","W01000730","Carmarthenshire 018D",1230
"2017","W01000731","Carmarthenshire 017C",2534
"2017","W01000732","Carmarthenshire 026D",1491
"2017","W01000733","Carmarthenshire 026E",1277
"2017","W01000734","Carmarthenshire 026F",1381
"2017","W01000735","Carmarthenshire 027D",2328
"2017","W01000736","Swansea 028A",1727
"2017","W01000737","Swansea 028B",1467
"2017","W01000738","Swansea 014A",1819
"2017","W01000739","Swansea 014B",2198
"2017","W01000740","Swansea 014C",1669
"2017","W01000741","Swansea 014D",1656
"2017","W01000742","Swansea 016A",1769
"2017","W01000744","Swansea 016B",1652
"2017","W01000745","Swansea 025B",2588
"2017","W01000746","Swansea 025C",1750
"2017","W01000747","Swansea 024A",2062
"2017","W01000749","Swansea 026A",1991
"2017","W01000750","Swansea 002A",1492
"2017","W01000751","Swansea 002B",1419
"2017","W01000752","Swansea 002C",1539
"2017","W01000753","Swansea 002D",1477
"2017","W01000754","Swansea 002E",1557
"2017","W01000755","Swansea 017A",2129
"2017","W01000756","Swansea 017B",1620
"2017","W01000757","Swansea 017C",1527
"2017","W01000758","Swansea 017D",1979
"2017","W01000759","Swansea 012A",1576
"2017","W01000760","Swansea 013A",1716
"2017","W01000761","Swansea 013B",1651
"2017","W01000762","Swansea 013C",1672
"2017","W01000763","Swansea 015A",1478
"2017","W01000764","Swansea 015B",1642
"2017","W01000765","Swansea 015C",1636
"2017","W01000766","Swansea 015D",1499
"2017","W01000767","Swansea 015E",1600
"2017","W01000768","Swansea 020A",1368
"2017","W01000769","Swansea 020B",1336
"2017","W01000770","Swansea 020C",1531
"2017","W01000771","Swansea 020D",1342
"2017","W01000772","Swansea 018A",1494
"2017","W01000773","Swansea 005A",2926
"2017","W01000774","Swansea 005B",1704
"2017","W01000775","Swansea 030A",1771
"2017","W01000776","Swansea 030B",1937
"2017","W01000777","Swansea 012B",1789
"2017","W01000778","Swansea 012C",1884
"2017","W01000779","Swansea 012D",1458
"2017","W01000781","Swansea 023B",1659
"2017","W01000782","Swansea 023C",1067
"2017","W01000784","Swansea 007A",1291
"2017","W01000785","Swansea 007B",1620
"2017","W01000786","Swansea 007C",1350
"2017","W01000787","Swansea 016C",1478
"2017","W01000788","Swansea 016D",1421
"2017","W01000789","Swansea 016E",1479
"2017","W01000790","Swansea 016F",2110
"2017","W01000791","Swansea 004A",1478
"2017","W01000792","Swansea 004B",1680
"2017","W01000793","Swansea 004C",1951
"2017","W01000794","Swansea 010A",2180
"2017","W01000795","Swansea 006A",1590
"2017","W01000796","Swansea 006B",3184
"2017","W01000797","Swansea 010B",1418
"2017","W01000798","Swansea 010C",1387
"2017","W01000799","Swansea 010D",2049
"2017","W01000800","Swansea 006C",1546
"2017","W01000801","Swansea 006D",1626
"2017","W01000802","Swansea 007D",2330
"2017","W01000803","Swansea 002F",1869
"2017","W01000804","Swansea 028C",1475
"2017","W01000805","Swansea 028D",1198
"2017","W01000806","Swansea 003A",1462
"2017","W01000807","Swansea 003B",1317
"2017","W01000808","Swansea 003C",1482
"2017","W01000809","Swansea 008A",1565
"2017","W01000810","Swansea 003D",1437
"2017","W01000811","Swansea 008B",1507
"2017","W01000812","Swansea 008C",1440
"2017","W01000813","Swansea 008D",1552
"2017","W01000814","Swansea 008E",1530
"2017","W01000815","Swansea 003E",1525
"2017","W01000816","Swansea 003F",1708
"2017","W01000817","Swansea 009A",1903
"2017","W01000818","Swansea 009B",1513
"2017","W01000819","Swansea 009C",1485
"2017","W01000820","Swansea 009D",1425
"2017","W01000821","Swansea 009E",1425
"2017","W01000822","Swansea 009F",1227
"2017","W01000823","Swansea 031A",1764
"2017","W01000824","Swansea 031B",1559
"2017","W01000825","Swansea 031C",1390
"2017","W01000826","Swansea 031D",1339
"2017","W01000827","Swansea 031E",1326
"2017","W01000828","Swansea 018B",1743
"2017","W01000829","Swansea 018C",1842
"2017","W01000830","Swansea 011A",1819
"2017","W01000831","Swansea 013D",1872
"2017","W01000832","Swansea 011B",1669
"2017","W01000833","Swansea 011C",1769
"2017","W01000834","Swansea 011D",1551
"2017","W01000835","Swansea 013E",1467
"2017","W01000836","Swansea 011E",2463
"2017","W01000837","Swansea 004D",2067
"2017","W01000838","Swansea 004E",1246
"2017","W01000839","Swansea 030C",1048
"2017","W01000840","Swansea 030D",1714
"2017","W01000841","Swansea 005C",1510
"2017","W01000842","Swansea 005D",1398
"2017","W01000843","Swansea 005E",1381
"2017","W01000844","Swansea 005F",1409
"2017","W01000845","Swansea 001A",2101
"2017","W01000846","Swansea 001B",2001
"2017","W01000847","Swansea 001C",1268
"2017","W01000848","Swansea 001D",1182
"2017","W01000849","Swansea 021A",2107
"2017","W01000850","Swansea 021B",2749
"2017","W01000851","Swansea 021C",1594
"2017","W01000852","Swansea 021D",1503
"2017","W01000853","Swansea 022A",1480
"2017","W01000854","Swansea 022B",1613
"2017","W01000855","Swansea 022C",1492
"2017","W01000856","Swansea 022D",1798
"2017","W01000857","Swansea 022E",1812
"2017","W01000858","Swansea 027A",1648
"2017","W01000859","Swansea 027B",1395
"2017","W01000860","Swansea 027C",1548
"2017","W01000861","Swansea 027D",1874
"2017","W01000862","Swansea 019A",1734
"2017","W01000863","Swansea 019B",1670
"2017","W01000864","Swansea 019C",1673
"2017","W01000865","Swansea 019D",1353
"2017","W01000866","Swansea 019E",1204
"2017","W01000867","Swansea 019F",1342
"2017","W01000868","Swansea 024B",1315
"2017","W01000869","Swansea 024C",1528
"2017","W01000870","Swansea 024D",1540
"2017","W01000871","Swansea 026B",2052
"2017","W01000872","Swansea 024E",1387
"2017","W01000873","Swansea 026C",1953
"2017","W01000874","Swansea 024F",2162
"2017","W01000875","Swansea 026D",2238
"2017","W01000876","Swansea 026E",2095
"2017","W01000877","Swansea 007E",1571
"2017","W01000878","Swansea 007F",1213
"2017","W01000879","Swansea 029A",1704
"2017","W01000880","Swansea 029B",1562
"2017","W01000881","Swansea 029C",1487
"2017","W01000882","Swansea 029D",1799
"2017","W01000883","Neath Port Talbot 016A",1402
"2017","W01000884","Neath Port Talbot 017A",1283
"2017","W01000885","Neath Port Talbot 017B",1413
"2017","W01000886","Neath Port Talbot 017C",1659
"2017","W01000887","Neath Port Talbot 005A",2380
"2017","W01000888","Neath Port Talbot 004A",2618
"2017","W01000889","Neath Port Talbot 015A",1755
"2017","W01000890","Neath Port Talbot 015B",1586
"2017","W01000891","Neath Port Talbot 015C",1518
"2017","W01000892","Neath Port Talbot 015D",1886
"2017","W01000893","Neath Port Talbot 003A",2029
"2017","W01000894","Neath Port Talbot 013A",1396
"2017","W01000895","Neath Port Talbot 013B",1482
"2017","W01000896","Neath Port Talbot 013C",1646
"2017","W01000897","Neath Port Talbot 013D",1342
"2017","W01000898","Neath Port Talbot 014A",1505
"2017","W01000899","Neath Port Talbot 014B",1888
"2017","W01000900","Neath Port Talbot 014C",1595
"2017","W01000901","Neath Port Talbot 014D",1731
"2017","W01000902","Neath Port Talbot 006A",1011
"2017","W01000903","Neath Port Talbot 006B",1092
"2017","W01000904","Neath Port Talbot 006C",1551
"2017","W01000905","Neath Port Talbot 006D",1565
"2017","W01000906","Neath Port Talbot 007A",1011
"2017","W01000907","Neath Port Talbot 007B",1751
"2017","W01000908","Neath Port Talbot 006E",1649
"2017","W01000909","Neath Port Talbot 009A",1183
"2017","W01000910","Neath Port Talbot 009B",1432
"2017","W01000911","Neath Port Talbot 009C",1184
"2017","W01000912","Neath Port Talbot 010A",1096
"2017","W01000913","Neath Port Talbot 010B",1154
"2017","W01000914","Neath Port Talbot 010C",1638
"2017","W01000915","Neath Port Talbot 010D",1283
"2017","W01000916","Neath Port Talbot 010E",1247
"2017","W01000917","Neath Port Talbot 010F",3977
"2017","W01000918","Neath Port Talbot 002A",1921
"2017","W01000919","Neath Port Talbot 020A",1167
"2017","W01000920","Neath Port Talbot 011A",1262
"2017","W01000921","Neath Port Talbot 011B",1533
"2017","W01000922","Neath Port Talbot 007C",1564
"2017","W01000923","Neath Port Talbot 007D",1420
"2017","W01000924","Neath Port Talbot 011C",1028
"2017","W01000925","Neath Port Talbot 003B",1555
"2017","W01000926","Neath Port Talbot 003C",1749
"2017","W01000927","Neath Port Talbot 020B",2070
"2017","W01000928","Neath Port Talbot 020C",1644
"2017","W01000929","Neath Port Talbot 020D",1275
"2017","W01000930","Neath Port Talbot 011D",1338
"2017","W01000931","Neath Port Talbot 020E",1310
"2017","W01000932","Neath Port Talbot 019A",1104
"2017","W01000933","Neath Port Talbot 019B",2053
"2017","W01000934","Neath Port Talbot 008A",1301
"2017","W01000935","Neath Port Talbot 008B",1605
"2017","W01000936","Neath Port Talbot 012A",1481
"2017","W01000937","Neath Port Talbot 013E",2187
"2017","W01000938","Neath Port Talbot 008C",1333
"2017","W01000939","Neath Port Talbot 008D",1238
"2017","W01000940","Neath Port Talbot 008E",1291
"2017","W01000941","Neath Port Talbot 012B",1582
"2017","W01000942","Neath Port Talbot 012C",1888
"2017","W01000943","Neath Port Talbot 012D",1550
"2017","W01000944","Neath Port Talbot 002B",1174
"2017","W01000945","Neath Port Talbot 014E",1126
"2017","W01000946","Neath Port Talbot 004B",1568
"2017","W01000947","Neath Port Talbot 004C",2107
"2017","W01000948","Neath Port Talbot 004D",1872
"2017","W01000949","Neath Port Talbot 018A",1315
"2017","W01000950","Neath Port Talbot 018B",1528
"2017","W01000951","Neath Port Talbot 018C",1590
"2017","W01000952","Neath Port Talbot 018D",1184
"2017","W01000953","Neath Port Talbot 005B",1719
"2017","W01000954","Neath Port Talbot 005C",1363
"2017","W01000955","Neath Port Talbot 004E",1222
"2017","W01000956","Neath Port Talbot 004F",1183
"2017","W01000957","Neath Port Talbot 017D",1706
"2017","W01000958","Neath Port Talbot 016B",1671
"2017","W01000959","Neath Port Talbot 017E",1836
"2017","W01000960","Neath Port Talbot 017F",1754
"2017","W01000961","Neath Port Talbot 016C",1614
"2017","W01000962","Neath Port Talbot 016D",1638
"2017","W01000963","Neath Port Talbot 016E",1905
"2017","W01000964","Neath Port Talbot 016F",1702
"2017","W01000965","Neath Port Talbot 002C",2103
"2017","W01000966","Neath Port Talbot 018E",1440
"2017","W01000967","Neath Port Talbot 019C",1479
"2017","W01000968","Neath Port Talbot 019D",2041
"2017","W01000969","Neath Port Talbot 009D",1255
"2017","W01000970","Neath Port Talbot 005D",1257
"2017","W01000971","Neath Port Talbot 004G",1435
"2017","W01000973","Neath Port Talbot 020F",1376
"2017","W01000974","Bridgend 006A",2445
"2017","W01000975","Bridgend 004A",2300
"2017","W01000976","Bridgend 003A",1131
"2017","W01000977","Bridgend 003B",1414
"2017","W01000978","Bridgend 004B",1766
"2017","W01000979","Bridgend 015A",1680
"2017","W01000980","Bridgend 016A",1313
"2017","W01000981","Bridgend 016B",1178
"2017","W01000982","Bridgend 016C",1445
"2017","W01000983","Bridgend 015B",1529
"2017","W01000984","Bridgend 016D",2382
"2017","W01000985","Bridgend 015C",1317
"2017","W01000986","Bridgend 007A",1436
"2017","W01000987","Bridgend 007B",2629
"2017","W01000989","Bridgend 013A",1386
"2017","W01000990","Bridgend 017B",1540
"2017","W01000991","Bridgend 001A",1123
"2017","W01000992","Bridgend 001B",1492
"2017","W01000993","Bridgend 001C",1527
"2017","W01000994","Bridgend 001D",1444
"2017","W01000995","Bridgend 001E",1401
"2017","W01000996","Bridgend 008A",1529
"2017","W01000997","Bridgend 012A",1632
"2017","W01000998","Bridgend 011A",4992
"2017","W01000999","Bridgend 010A",1463
"2017","W01001000","Bridgend 010B",1826
"2017","W01001001","Bridgend 010C",1670
"2017","W01001002","Bridgend 010D",2493
"2017","W01001003","Bridgend 015D",1416
"2017","W01001004","Bridgend 009A",1103
"2017","W01001005","Bridgend 009B",1735
"2017","W01001006","Bridgend 009C",2332
"2017","W01001007","Bridgend 009D",1909
"2017","W01001008","Bridgend 011B",2259
"2017","W01001009","Bridgend 004C",1252
"2017","W01001010","Bridgend 012B",1242
"2017","W01001011","Bridgend 012C",1354
"2017","W01001012","Bridgend 005A",1579
"2017","W01001013","Bridgend 005B",1417
"2017","W01001014","Bridgend 002A",1700
"2017","W01001015","Bridgend 002B",1419
"2017","W01001016","Bridgend 005C",1642
"2017","W01001017","Bridgend 002C",1476
"2017","W01001018","Bridgend 002D",1292
"2017","W01001019","Bridgend 005D",1472
"2017","W01001020","Bridgend 002E",1432
"2017","W01001021","Bridgend 014A",1584
"2017","W01001022","Bridgend 014B",1438
"2017","W01001023","Bridgend 014C",1696
"2017","W01001024","Bridgend 003C",1059
"2017","W01001025","Bridgend 003D",1241
"2017","W01001026","Bridgend 012D",2029
"2017","W01001027","Bridgend 017C",1538
"2017","W01001028","Bridgend 014D",1899
"2017","W01001029","Bridgend 019A",1830
"2017","W01001030","Bridgend 019B",1838
"2017","W01001031","Bridgend 018A",1464
"2017","W01001032","Bridgend 018B",1762
"2017","W01001033","Bridgend 003E",1749
"2017","W01001034","Bridgend 003F",1472
"2017","W01001035","Bridgend 014E",1782
"2017","W01001036","Bridgend 017D",1526
"2017","W01001037","Bridgend 013B",1654
"2017","W01001038","Bridgend 011C",2173
"2017","W01001039","Bridgend 009E",1630
"2017","W01001040","Bridgend 009F",1506
"2017","W01001041","Bridgend 013C",2415
"2017","W01001042","Bridgend 004D",1319
"2017","W01001043","Bridgend 004E",1133
"2017","W01001044","Bridgend 019C",1598
"2017","W01001045","Bridgend 019D",1728
"2017","W01001046","Bridgend 018C",1844
"2017","W01001047","Bridgend 018D",1676
"2017","W01001048","Bridgend 008B",1522
"2017","W01001049","Bridgend 008C",1306
"2017","W01001050","Bridgend 008D",1571
"2017","W01001051","Bridgend 008E",1929
"2017","W01001052","Bridgend 008F",1320
"2017","W01001053","Bridgend 018E",949
"2017","W01001054","Bridgend 018F",1208
"2017","W01001055","Bridgend 007C",1190
"2017","W01001056","Bridgend 007D",1190
"2017","W01001057","Bridgend 006B",1647
"2017","W01001058","Bridgend 006C",1959
"2017","W01001059","The Vale of Glamorgan 015A",1540
"2017","W01001060","The Vale of Glamorgan 015B",1486
"2017","W01001061","The Vale of Glamorgan 015C",2332
"2017","W01001062","The Vale of Glamorgan 013A",1349
"2017","W01001063","The Vale of Glamorgan 012A",1740
"2017","W01001064","The Vale of Glamorgan 013B",1511
"2017","W01001065","The Vale of Glamorgan 012B",1647
"2017","W01001066","The Vale of Glamorgan 015D",1623
"2017","W01001067","The Vale of Glamorgan 009A",1418
"2017","W01001068","The Vale of Glamorgan 009B",1730
"2017","W01001069","The Vale of Glamorgan 012C",1469
"2017","W01001070","The Vale of Glamorgan 009C",1193
"2017","W01001071","The Vale of Glamorgan 009D",1553
"2017","W01001072","The Vale of Glamorgan 009E",2893
"2017","W01001073","The Vale of Glamorgan 015E",2210
"2017","W01001075","The Vale of Glamorgan 004A",1175
"2017","W01001076","The Vale of Glamorgan 004B",1494
"2017","W01001077","The Vale of Glamorgan 004C",1404
"2017","W01001078","The Vale of Glamorgan 004D",1304
"2017","W01001079","The Vale of Glamorgan 012E",1621
"2017","W01001080","The Vale of Glamorgan 012F",1607
"2017","W01001081","The Vale of Glamorgan 007A",1738
"2017","W01001082","The Vale of Glamorgan 002A",1629
"2017","W01001083","The Vale of Glamorgan 002B",1548
"2017","W01001084","The Vale of Glamorgan 002C",1596
"2017","W01001085","The Vale of Glamorgan 002D",1563
"2017","W01001086","The Vale of Glamorgan 006A",1513
"2017","W01001087","The Vale of Glamorgan 006B",1596
"2017","W01001088","The Vale of Glamorgan 006C",1874
"2017","W01001089","The Vale of Glamorgan 006D",1488
"2017","W01001090","The Vale of Glamorgan 006E",1488
"2017","W01001091","The Vale of Glamorgan 010A",1634
"2017","W01001092","The Vale of Glamorgan 007B",2079
"2017","W01001093","The Vale of Glamorgan 013C",1798
"2017","W01001094","The Vale of Glamorgan 007C",1364
"2017","W01001095","The Vale of Glamorgan 007D",1623
"2017","W01001096","The Vale of Glamorgan 007E",1310
"2017","W01001097","The Vale of Glamorgan 007F",1722
"2017","W01001098","The Vale of Glamorgan 010B",1110
"2017","W01001099","The Vale of Glamorgan 013D",1323
"2017","W01001100","The Vale of Glamorgan 010C",1548
"2017","W01001101","The Vale of Glamorgan 013E",1586
"2017","W01001102","The Vale of Glamorgan 013F",1616
"2017","W01001103","The Vale of Glamorgan 010D",1202
"2017","W01001104","The Vale of Glamorgan 004E",1877
"2017","W01001105","The Vale of Glamorgan 001A",2747
"2017","W01001106","The Vale of Glamorgan 011A",1506
"2017","W01001107","The Vale of Glamorgan 011B",1559
"2017","W01001108","The Vale of Glamorgan 014A",1753
"2017","W01001109","The Vale of Glamorgan 011C",1482
"2017","W01001110","The Vale of Glamorgan 011D",1453
"2017","W01001111","The Vale of Glamorgan 011E",1541
"2017","W01001112","The Vale of Glamorgan 011F",1408
"2017","W01001113","The Vale of Glamorgan 003A",2295
"2017","W01001114","The Vale of Glamorgan 008A",1554
"2017","W01001115","The Vale of Glamorgan 008B",2223
"2017","W01001116","The Vale of Glamorgan 005A",2007
"2017","W01001117","The Vale of Glamorgan 014B",1364
"2017","W01001118","The Vale of Glamorgan 014C",2463
"2017","W01001119","The Vale of Glamorgan 003B",1870
"2017","W01001120","The Vale of Glamorgan 014D",1339
"2017","W01001121","The Vale of Glamorgan 014E",1576
"2017","W01001122","The Vale of Glamorgan 014F",3047
"2017","W01001123","The Vale of Glamorgan 005B",1585
"2017","W01001124","The Vale of Glamorgan 005C",1500
"2017","W01001125","The Vale of Glamorgan 005D",1588
"2017","W01001126","The Vale of Glamorgan 005E",2605
"2017","W01001127","The Vale of Glamorgan 001B",1348
"2017","W01001128","The Vale of Glamorgan 001C",1523
"2017","W01001129","The Vale of Glamorgan 004F",1509
"2017","W01001130","The Vale of Glamorgan 005F",1299
"2017","W01001131","The Vale of Glamorgan 008C",1837
"2017","W01001132","The Vale of Glamorgan 008D",1390
"2017","W01001133","The Vale of Glamorgan 008E",2207
"2017","W01001134","The Vale of Glamorgan 008F",1187
"2017","W01001135","The Vale of Glamorgan 003C",1635
"2017","W01001136","The Vale of Glamorgan 003D",1179
"2017","W01001137","Rhondda Cynon Taf 005A",2244
"2017","W01001138","Rhondda Cynon Taf 005B",1279
"2017","W01001139","Rhondda Cynon Taf 005C",1641
"2017","W01001140","Rhondda Cynon Taf 005D",1394
"2017","W01001141","Rhondda Cynon Taf 005E",1608
"2017","W01001142","Rhondda Cynon Taf 005F",1798
"2017","W01001143","Rhondda Cynon Taf 012A",1498
"2017","W01001144","Rhondda Cynon Taf 012B",1654
"2017","W01001145","Rhondda Cynon Taf 012C",1808
"2017","W01001146","Rhondda Cynon Taf 012D",1479
"2017","W01001147","Rhondda Cynon Taf 004A",1707
"2017","W01001148","Rhondda Cynon Taf 002A",1774
"2017","W01001149","Rhondda Cynon Taf 003A",1478
"2017","W01001150","Rhondda Cynon Taf 003B",1707
"2017","W01001151","Rhondda Cynon Taf 003C",1571
"2017","W01001152","Rhondda Cynon Taf 002B",1873
"2017","W01001153","Rhondda Cynon Taf 002C",1522
"2017","W01001154","Rhondda Cynon Taf 003D",1442
"2017","W01001155","Rhondda Cynon Taf 002D",1526
"2017","W01001156","Rhondda Cynon Taf 003E",1452
"2017","W01001157","Rhondda Cynon Taf 028A",1338
"2017","W01001158","Rhondda Cynon Taf 028B",1506
"2017","W01001159","Rhondda Cynon Taf 028C",1725
"2017","W01001160","Rhondda Cynon Taf 029A",1607
"2017","W01001161","Rhondda Cynon Taf 029B",3029
"2017","W01001162","Rhondda Cynon Taf 025A",2288
"2017","W01001164","Rhondda Cynon Taf 019A",1551
"2017","W01001165","Rhondda Cynon Taf 019B",1347
"2017","W01001166","Rhondda Cynon Taf 016A",1302
"2017","W01001167","Rhondda Cynon Taf 016B",1519
"2017","W01001168","Rhondda Cynon Taf 004B",1473
"2017","W01001169","Rhondda Cynon Taf 004C",2501
"2017","W01001170","Rhondda Cynon Taf 004D",1143
"2017","W01001171","Rhondda Cynon Taf 017A",1296
"2017","W01001172","Rhondda Cynon Taf 020A",1458
"2017","W01001173","Rhondda Cynon Taf 020B",1277
"2017","W01001174","Rhondda Cynon Taf 020C",1455
"2017","W01001175","Rhondda Cynon Taf 009A",1431
"2017","W01001176","Rhondda Cynon Taf 013A",1449
"2017","W01001177","Rhondda Cynon Taf 009B",1229
"2017","W01001178","Rhondda Cynon Taf 023A",1658
"2017","W01001179","Rhondda Cynon Taf 023B",1788
"2017","W01001180","Rhondda Cynon Taf 015A",1553
"2017","W01001181","Rhondda Cynon Taf 015B",1445
"2017","W01001182","Rhondda Cynon Taf 021A",1463
"2017","W01001183","Rhondda Cynon Taf 021B",1009
"2017","W01001184","Rhondda Cynon Taf 026A",2066
"2017","W01001185","Rhondda Cynon Taf 022A",1878
"2017","W01001186","Rhondda Cynon Taf 001A",1768
"2017","W01001187","Rhondda Cynon Taf 001B",1357
"2017","W01001188","Rhondda Cynon Taf 001C",1185
"2017","W01001189","Rhondda Cynon Taf 029C",1583
"2017","W01001190","Rhondda Cynon Taf 029D",2776
"2017","W01001191","Rhondda Cynon Taf 031A",3212
"2017","W01001192","Rhondda Cynon Taf 031B",1370
"2017","W01001193","Rhondda Cynon Taf 030A",1179
"2017","W01001194","Rhondda Cynon Taf 030B",2198
"2017","W01001195","Rhondda Cynon Taf 030C",1573
"2017","W01001196","Rhondda Cynon Taf 027B",1506
"2017","W01001197","Rhondda Cynon Taf 027C",1226
"2017","W01001198","Rhondda Cynon Taf 027D",1541
"2017","W01001199","Rhondda Cynon Taf 027E",1649
"2017","W01001200","Rhondda Cynon Taf 014A",1011
"2017","W01001201","Rhondda Cynon Taf 014B",1213
"2017","W01001202","Rhondda Cynon Taf 009C",1740
"2017","W01001203","Rhondda Cynon Taf 009D",1382
"2017","W01001204","Rhondda Cynon Taf 006A",1343
"2017","W01001205","Rhondda Cynon Taf 006B",1529
"2017","W01001206","Rhondda Cynon Taf 006C",1403
"2017","W01001207","Rhondda Cynon Taf 006D",1451
"2017","W01001208","Rhondda Cynon Taf 006E",1568
"2017","W01001209","Rhondda Cynon Taf 008A",1436
"2017","W01001210","Rhondda Cynon Taf 008B",1519
"2017","W01001211","Rhondda Cynon Taf 008C",1671
"2017","W01001212","Rhondda Cynon Taf 008D",1386
"2017","W01001213","Rhondda Cynon Taf 011A",1432
"2017","W01001214","Rhondda Cynon Taf 011B",1283
"2017","W01001215","Rhondda Cynon Taf 011C",1011
"2017","W01001216","Rhondda Cynon Taf 011D",1526
"2017","W01001217","Rhondda Cynon Taf 018A",1132
"2017","W01001218","Rhondda Cynon Taf 018B",1549
"2017","W01001219","Rhondda Cynon Taf 018C",1260
"2017","W01001220","Rhondda Cynon Taf 018D",1493
"2017","W01001221","Rhondda Cynon Taf 001D",1506
"2017","W01001222","Rhondda Cynon Taf 001E",1642
"2017","W01001223","Rhondda Cynon Taf 031C",1565
"2017","W01001224","Rhondda Cynon Taf 031D",2116
"2017","W01001225","Rhondda Cynon Taf 031E",1679
"2017","W01001226","Rhondda Cynon Taf 031F",1767
"2017","W01001227","Rhondda Cynon Taf 021C",1277
"2017","W01001228","Rhondda Cynon Taf 021D",1486
"2017","W01001229","Rhondda Cynon Taf 017B",1427
"2017","W01001230","Rhondda Cynon Taf 017C",1579
"2017","W01001231","Rhondda Cynon Taf 017D",1524
"2017","W01001232","Rhondda Cynon Taf 020D",1461
"2017","W01001233","Rhondda Cynon Taf 001F",1769
"2017","W01001234","Rhondda Cynon Taf 021E",1430
"2017","W01001235","Rhondda Cynon Taf 021F",1700
"2017","W01001236","Rhondda Cynon Taf 021G",1604
"2017","W01001237","Rhondda Cynon Taf 022B",1441
"2017","W01001238","Rhondda Cynon Taf 022C",1689
"2017","W01001239","Rhondda Cynon Taf 026B",1382
"2017","W01001240","Rhondda Cynon Taf 026C",1994
"2017","W01001241","Rhondda Cynon Taf 026D",1833
"2017","W01001242","Rhondda Cynon Taf 030D",1282
"2017","W01001243","Rhondda Cynon Taf 030E",1520
"2017","W01001244","Rhondda Cynon Taf 025B",1346
"2017","W01001245","Rhondda Cynon Taf 025C",1262
"2017","W01001246","Rhondda Cynon Taf 025D",1346
"2017","W01001247","Rhondda Cynon Taf 016C",1626
"2017","W01001248","Rhondda Cynon Taf 016D",2146
"2017","W01001249","Rhondda Cynon Taf 024A",1383
"2017","W01001250","Rhondda Cynon Taf 024B",1440
"2017","W01001251","Rhondda Cynon Taf 024C",1626
"2017","W01001252","Rhondda Cynon Taf 024D",1501
"2017","W01001253","Rhondda Cynon Taf 023C",1516
"2017","W01001255","Rhondda Cynon Taf 023E",1742
"2017","W01001256","Rhondda Cynon Taf 019C",1237
"2017","W01001257","Rhondda Cynon Taf 019D",1208
"2017","W01001258","Rhondda Cynon Taf 019E",1288
"2017","W01001259","Rhondda Cynon Taf 018E",1748
"2017","W01001260","Rhondda Cynon Taf 014C",1158
"2017","W01001261","Rhondda Cynon Taf 018F",1253
"2017","W01001262","Rhondda Cynon Taf 022D",1422
"2017","W01001263","Rhondda Cynon Taf 022E",1653
"2017","W01001264","Rhondda Cynon Taf 022F",2053
"2017","W01001265","Rhondda Cynon Taf 007A",1562
"2017","W01001266","Rhondda Cynon Taf 007B",1339
"2017","W01001267","Rhondda Cynon Taf 007C",1402
"2017","W01001268","Rhondda Cynon Taf 007D",1459
"2017","W01001269","Rhondda Cynon Taf 010A",1435
"2017","W01001270","Rhondda Cynon Taf 010B",1466
"2017","W01001271","Rhondda Cynon Taf 010C",1575
"2017","W01001272","Rhondda Cynon Taf 010D",1499
"2017","W01001273","Rhondda Cynon Taf 010E",1706
"2017","W01001274","Rhondda Cynon Taf 013B",1249
"2017","W01001275","Rhondda Cynon Taf 013C",1799
"2017","W01001276","Rhondda Cynon Taf 013D",1379
"2017","W01001277","Rhondda Cynon Taf 028D",1256
"2017","W01001278","Rhondda Cynon Taf 028E",1187
"2017","W01001279","Rhondda Cynon Taf 028F",1029
"2017","W01001280","Rhondda Cynon Taf 017E",1583
"2017","W01001281","Rhondda Cynon Taf 017F",1698
"2017","W01001282","Rhondda Cynon Taf 015C",2027
"2017","W01001283","Rhondda Cynon Taf 015D",1504
"2017","W01001284","Rhondda Cynon Taf 015E",1141
"2017","W01001285","Rhondda Cynon Taf 014D",1372
"2017","W01001286","Rhondda Cynon Taf 014E",1548
"2017","W01001287","Rhondda Cynon Taf 014F",1416
"2017","W01001288","Rhondda Cynon Taf 014G",1421
"2017","W01001289","Merthyr Tydfil 006A",1374
"2017","W01001290","Merthyr Tydfil 007A",2251
"2017","W01001291","Merthyr Tydfil 003A",2116
"2017","W01001292","Merthyr Tydfil 004A",1797
"2017","W01001293","Merthyr Tydfil 004B",1794
"2017","W01001294","Merthyr Tydfil 003B",1726
"2017","W01001295","Merthyr Tydfil 002A",1508
"2017","W01001296","Merthyr Tydfil 002B",1609
"2017","W01001297","Merthyr Tydfil 002C",1827
"2017","W01001298","Merthyr Tydfil 002D",1837
"2017","W01001299","Merthyr Tydfil 008A",1633
"2017","W01001300","Merthyr Tydfil 008B",1900
"2017","W01001301","Merthyr Tydfil 008C",1916
"2017","W01001302","Merthyr Tydfil 006B",1150
"2017","W01001303","Merthyr Tydfil 006C",1117
"2017","W01001304","Merthyr Tydfil 006D",1460
"2017","W01001305","Merthyr Tydfil 003C",1183
"2017","W01001306","Merthyr Tydfil 003D",1544
"2017","W01001307","Merthyr Tydfil 004C",1577
"2017","W01001308","Merthyr Tydfil 008D",1311
"2017","W01001309","Merthyr Tydfil 008E",1359
"2017","W01001310","Merthyr Tydfil 002E",1632
"2017","W01001311","Merthyr Tydfil 002F",1186
"2017","W01001312","Merthyr Tydfil 006E",1550
"2017","W01001313","Merthyr Tydfil 006F",1524
"2017","W01001314","Merthyr Tydfil 005A",2246
"2017","W01001315","Merthyr Tydfil 004D",1767
"2017","W01001316","Merthyr Tydfil 005B",2980
"2017","W01001317","Merthyr Tydfil 005C",1645
"2017","W01001318","Merthyr Tydfil 005D",1561
"2017","W01001319","Merthyr Tydfil 007B",1796
"2017","W01001320","Merthyr Tydfil 007C",1396
"2017","W01001321","Merthyr Tydfil 007D",1543
"2017","W01001322","Merthyr Tydfil 007E",1586
"2017","W01001324","Merthyr Tydfil 003E",2079
"2017","W01001325","Caerphilly 003A",1763
"2017","W01001326","Caerphilly 003B",2218
"2017","W01001327","Caerphilly 014A",2400
"2017","W01001328","Caerphilly 014B",1557
"2017","W01001329","Caerphilly 014C",1585
"2017","W01001330","Caerphilly 018A",1496
"2017","W01001331","Caerphilly 018B",1832
"2017","W01001332","Caerphilly 018C",1955
"2017","W01001333","Caerphilly 018D",1539
"2017","W01001334","Caerphilly 005A",1517
"2017","W01001335","Caerphilly 005B",1268
"2017","W01001336","Caerphilly 004A",1428
"2017","W01001337","Caerphilly 004B",1487
"2017","W01001338","Caerphilly 004C",1710
"2017","W01001339","Caerphilly 004D",1465
"2017","W01001340","Caerphilly 020A",1826
"2017","W01001341","Caerphilly 020B",1813
"2017","W01001342","Caerphilly 021A",1218
"2017","W01001343","Caerphilly 021B",1152
"2017","W01001344","Caerphilly 020C",1650
"2017","W01001345","Caerphilly 021C",1459
"2017","W01001346","Caerphilly 020D",1609
"2017","W01001347","Caerphilly 005C",1448
"2017","W01001348","Caerphilly 009A",1841
"2017","W01001349","Caerphilly 009B",1862
"2017","W01001350","Caerphilly 009C",1806
"2017","W01001351","Caerphilly 005D",1459
"2017","W01001352","Caerphilly 007A",1935
"2017","W01001353","Caerphilly 007B",1536
"2017","W01001354","Caerphilly 014D",1698
"2017","W01001355","Caerphilly 015A",1655
"2017","W01001356","Caerphilly 006A",1245
"2017","W01001357","Caerphilly 006B",1652
"2017","W01001358","Caerphilly 006C",1522
"2017","W01001359","Caerphilly 006D",1572
"2017","W01001360","Caerphilly 002A",1336
"2017","W01001361","Caerphilly 002B",1201
"2017","W01001362","Caerphilly 003C",2104
"2017","W01001363","Caerphilly 012A",1742
"2017","W01001364","Caerphilly 012B",1887
"2017","W01001365","Caerphilly 012C",2061
"2017","W01001366","Caerphilly 019A",1689
"2017","W01001367","Caerphilly 019B",1521
"2017","W01001368","Caerphilly 019C",1512
"2017","W01001369","Caerphilly 012D",2210
"2017","W01001370","Caerphilly 023A",1811
"2017","W01001371","Caerphilly 022A",1590
"2017","W01001372","Caerphilly 022B",1879
"2017","W01001373","Caerphilly 022C",2045
"2017","W01001374","Caerphilly 001A",1521
"2017","W01001375","Caerphilly 001B",1502
"2017","W01001376","Caerphilly 001C",1533
"2017","W01001377","Caerphilly 013A",1585
"2017","W01001378","Caerphilly 013B",1514
"2017","W01001379","Caerphilly 013C",1586
"2017","W01001380","Caerphilly 010A",1845
"2017","W01001381","Caerphilly 010B",1598
"2017","W01001382","Caerphilly 010C",1625
"2017","W01001383","Caerphilly 010D",1523
"2017","W01001384","Caerphilly 002C",1628
"2017","W01001385","Caerphilly 002D",1532
"2017","W01001386","Caerphilly 002E",1589
"2017","W01001387","Caerphilly 007C",1363
"2017","W01001388","Caerphilly 007D",1829
"2017","W01001389","Caerphilly 007E",1124
"2017","W01001390","Caerphilly 006E",1976
"2017","W01001391","Caerphilly 006F",1633
"2017","W01001392","Caerphilly 009D",1780
"2017","W01001393","Caerphilly 019D",1324
"2017","W01001394","Caerphilly 023B",1345
"2017","W01001395","Caerphilly 023C",1422
"2017","W01001396","Caerphilly 023D",1647
"2017","W01001397","Caerphilly 019E",1670
"2017","W01001398","Caerphilly 024A",2799
"2017","W01001399","Caerphilly 023E",1296
"2017","W01001400","Caerphilly 019F",1464
"2017","W01001401","Caerphilly 011A",2060
"2017","W01001402","Caerphilly 011B",1680
"2017","W01001403","Caerphilly 011C",1691
"2017","W01001404","Caerphilly 011D",1334
"2017","W01001405","Caerphilly 011E",1837
"2017","W01001406","Caerphilly 001D",1971
"2017","W01001407","Caerphilly 016A",1351
"2017","W01001408","Caerphilly 016B",1478
"2017","W01001409","Caerphilly 016C",1674
"2017","W01001410","Caerphilly 016D",1877
"2017","W01001411","Caerphilly 017A",1652
"2017","W01001412","Caerphilly 017B",1709
"2017","W01001413","Caerphilly 017C",1850
"2017","W01001414","Caerphilly 008A",1543
"2017","W01001415","Caerphilly 008B",1820
"2017","W01001416","Caerphilly 008C",1410
"2017","W01001417","Caerphilly 008D",1416
"2017","W01001418","Caerphilly 008E",1426
"2017","W01001419","Caerphilly 021D",1574
"2017","W01001420","Caerphilly 022D",1261
"2017","W01001421","Caerphilly 022E",1558
"2017","W01001422","Caerphilly 022F",1509
"2017","W01001423","Caerphilly 024B",1340
"2017","W01001424","Caerphilly 024C",1446
"2017","W01001425","Caerphilly 024D",1682
"2017","W01001426","Caerphilly 024E",1310
"2017","W01001427","Caerphilly 024F",1972
"2017","W01001428","Caerphilly 001E",1289
"2017","W01001429","Caerphilly 001F",1113
"2017","W01001430","Caerphilly 015B",2579
"2017","W01001431","Caerphilly 015C",1634
"2017","W01001432","Caerphilly 013D",2976
"2017","W01001433","Caerphilly 013E",1378
"2017","W01001434","Caerphilly 013F",1376
"2017","W01001435","Blaenau Gwent 008A",1457
"2017","W01001436","Blaenau Gwent 008B",1381
"2017","W01001437","Blaenau Gwent 008C",1487
"2017","W01001438","Blaenau Gwent 004A",1431
"2017","W01001439","Blaenau Gwent 004B",1724
"2017","W01001440","Blaenau Gwent 001A",1347
"2017","W01001441","Blaenau Gwent 001B",1269
"2017","W01001442","Blaenau Gwent 001C",1211
"2017","W01001443","Blaenau Gwent 005A",1363
"2017","W01001444","Blaenau Gwent 005B",1963
"2017","W01001445","Blaenau Gwent 005C",1431
"2017","W01001446","Blaenau Gwent 002A",1379
"2017","W01001447","Blaenau Gwent 002B",1569
"2017","W01001448","Blaenau Gwent 002C",1203
"2017","W01001449","Blaenau Gwent 002D",1394
"2017","W01001450","Blaenau Gwent 007A",1272
"2017","W01001451","Blaenau Gwent 007B",1399
"2017","W01001452","Blaenau Gwent 007C",1482
"2017","W01001453","Blaenau Gwent 008D",1548
"2017","W01001454","Blaenau Gwent 008E",1366
"2017","W01001455","Blaenau Gwent 008F",1801
"2017","W01001456","Blaenau Gwent 004C",1379
"2017","W01001457","Blaenau Gwent 004D",1723
"2017","W01001458","Blaenau Gwent 004E",1489
"2017","W01001459","Blaenau Gwent 007D",1208
"2017","W01001460","Blaenau Gwent 007E",1792
"2017","W01001461","Blaenau Gwent 007F",1398
"2017","W01001462","Blaenau Gwent 006A",1696
"2017","W01001463","Blaenau Gwent 006B",1919
"2017","W01001464","Blaenau Gwent 009A",1537
"2017","W01001465","Blaenau Gwent 009B",1568
"2017","W01001466","Blaenau Gwent 009C",1596
"2017","W01001467","Blaenau Gwent 005D",1941
"2017","W01001468","Blaenau Gwent 005E",1346
"2017","W01001469","Blaenau Gwent 005F",1366
"2017","W01001470","Blaenau Gwent 001D",1442
"2017","W01001471","Blaenau Gwent 001E",1746
"2017","W01001472","Blaenau Gwent 003A",1358
"2017","W01001473","Blaenau Gwent 003B",1406
"2017","W01001474","Blaenau Gwent 003C",1501
"2017","W01001475","Blaenau Gwent 003D",1208
"2017","W01001476","Blaenau Gwent 009D",966
"2017","W01001477","Blaenau Gwent 009E",1407
"2017","W01001478","Blaenau Gwent 006C",1401
"2017","W01001479","Blaenau Gwent 006D",1495
"2017","W01001480","Blaenau Gwent 003E",1570
"2017","W01001481","Blaenau Gwent 006E",1674
"2017","W01001482","Torfaen 002A",1270
"2017","W01001483","Torfaen 002B",1492
"2017","W01001484","Torfaen 002C",1704
"2017","W01001485","Torfaen 002D",1342
"2017","W01001486","Torfaen 002E",1480
"2017","W01001487","Torfaen 001A",1635
"2017","W01001488","Torfaen 001B",1649
"2017","W01001489","Torfaen 001C",1583
"2017","W01001490","Torfaen 001D",1410
"2017","W01001491","Torfaen 004A",1767
"2017","W01001492","Torfaen 012A",2485
"2017","W01001493","Torfaen 008A",1896
"2017","W01001494","Torfaen 008B",1548
"2017","W01001495","Torfaen 008C",1785
"2017","W01001496","Torfaen 004B",1429
"2017","W01001497","Torfaen 011A",1409
"2017","W01001498","Torfaen 011B",1193
"2017","W01001499","Torfaen 011C",1217
"2017","W01001500","Torfaen 011D",1291
"2017","W01001501","Torfaen 009A",1356
"2017","W01001502","Torfaen 011E",1264
"2017","W01001503","Torfaen 009B",1348
"2017","W01001504","Torfaen 013A",2354
"2017","W01001505","Torfaen 013B",2081
"2017","W01001506","Torfaen 010A",1597
"2017","W01001507","Torfaen 008D",2032
"2017","W01001508","Torfaen 013C",1179
"2017","W01001509","Torfaen 013D",1446
"2017","W01001510","Torfaen 005A",1580
"2017","W01001511","Torfaen 005B",1595
"2017","W01001512","Torfaen 005C",1265
"2017","W01001513","Torfaen 005D",1464
"2017","W01001514","Torfaen 006A",1097
"2017","W01001515","Torfaen 006B",1498
"2017","W01001516","Torfaen 006C",1398
"2017","W01001517","Torfaen 006D",2564
"2017","W01001518","Torfaen 006E",1100
"2017","W01001519","Torfaen 007A",1312
"2017","W01001520","Torfaen 007B",1685
"2017","W01001521","Torfaen 007C",1390
"2017","W01001522","Torfaen 007D",1671
"2017","W01001523","Torfaen 004C",1475
"2017","W01001524","Torfaen 004D",1887
"2017","W01001525","Torfaen 003A",1729
"2017","W01001526","Torfaen 010B",1415
"2017","W01001527","Torfaen 010C",1227
"2017","W01001528","Torfaen 010D",1274
"2017","W01001529","Torfaen 003B",2133
"2017","W01001530","Torfaen 003C",1904
"2017","W01001531","Torfaen 003D",1700
"2017","W01001532","Torfaen 010E",1743
"2017","W01001533","Torfaen 012B",1586
"2017","W01001534","Torfaen 012C",1475
"2017","W01001535","Torfaen 012D",1250
"2017","W01001536","Torfaen 009C",1245
"2017","W01001537","Torfaen 007E",1179
"2017","W01001538","Torfaen 009D",1346
"2017","W01001539","Torfaen 009E",1439
"2017","W01001540","Torfaen 004E",1226
"2017","W01001541","Torfaen 004F",1170
"2017","W01001542","Monmouthshire 009A",2146
"2017","W01001543","Monmouthshire 009B",1785
"2017","W01001545","Monmouthshire 001A",1496
"2017","W01001546","Monmouthshire 002A",1481
"2017","W01001548","Monmouthshire 001B",2174
"2017","W01001549","Monmouthshire 007A",1448
"2017","W01001551","Monmouthshire 010C",1168
"2017","W01001552","Monmouthshire 004A",1563
"2017","W01001553","Monmouthshire 004B",2921
"2017","W01001554","Monmouthshire 004C",1814
"2017","W01001555","Monmouthshire 006A",1113
"2017","W01001556","Monmouthshire 006B",1173
"2017","W01001557","Monmouthshire 001C",1854
"2017","W01001558","Monmouthshire 002C",1542
"2017","W01001559","Monmouthshire 008A",1381
"2017","W01001560","Monmouthshire 006C",1406
"2017","W01001561","Monmouthshire 003A",1503
"2017","W01001562","Monmouthshire 003B",1473
"2017","W01001563","Monmouthshire 003C",1142
"2017","W01001564","Monmouthshire 003D",2763
"2017","W01001565","Monmouthshire 006D",1895
"2017","W01001566","Monmouthshire 005A",1244
"2017","W01001567","Monmouthshire 005B",1042
"2017","W01001568","Monmouthshire 005C",1807
"2017","W01001569","Monmouthshire 003E",1463
"2017","W01001571","Monmouthshire 001D",1276
"2017","W01001572","Monmouthshire 011A",1670
"2017","W01001573","Monmouthshire 011B",1485
"2017","W01001574","Monmouthshire 011C",1399
"2017","W01001575","Monmouthshire 005D",1262
"2017","W01001576","Monmouthshire 004D",1070
"2017","W01001577","Monmouthshire 004E",1353
"2017","W01001578","Monmouthshire 009C",2302
"2017","W01001579","Monmouthshire 001E",1462
"2017","W01001580","Monmouthshire 002E",1784
"2017","W01001581","Monmouthshire 005E",1940
"2017","W01001582","Monmouthshire 011D",1795
"2017","W01001583","Monmouthshire 007B",1629
"2017","W01001584","Monmouthshire 008B",1887
"2017","W01001585","Monmouthshire 007C",1294
"2017","W01001586","Monmouthshire 007D",2540
"2017","W01001587","Monmouthshire 008C",1904
"2017","W01001588","Monmouthshire 010D",1662
"2017","W01001589","Monmouthshire 010E",1489
"2017","W01001590","Monmouthshire 009D",2196
"2017","W01001591","Monmouthshire 011E",1597
"2017","W01001592","Monmouthshire 008D",1706
"2017","W01001593","Monmouthshire 008E",1739
"2017","W01001594","Monmouthshire 007E",1438
"2017","W01001595","Monmouthshire 007F",1330
"2017","W01001596","Monmouthshire 006E",1422
"2017","W01001597","Monmouthshire 006F",1517
"2017","W01001598","Monmouthshire 010F",1714
"2017","W01001599","Monmouthshire 004F",2152
"2017","W01001600","Newport 012A",1734
"2017","W01001601","Newport 006A",1449
"2017","W01001602","Newport 012B",1562
"2017","W01001603","Newport 012C",1427
"2017","W01001604","Newport 012D",1463
"2017","W01001605","Newport 014A",1331
"2017","W01001606","Newport 008A",1276
"2017","W01001607","Newport 015A",1473
"2017","W01001608","Newport 008B",1483
"2017","W01001609","Newport 015B",1758
"2017","W01001610","Newport 015C",1283
"2017","W01001611","Newport 011A",1300
"2017","W01001612","Newport 011B",1648
"2017","W01001613","Newport 011C",1574
"2017","W01001614","Newport 005A",1520
"2017","W01001615","Newport 005B",1590
"2017","W01001616","Newport 005C",1447
"2017","W01001617","Newport 003A",1305
"2017","W01001618","Newport 003B",1158
"2017","W01001619","Newport 003C",1343
"2017","W01001620","Newport 003D",1573
"2017","W01001621","Newport 003E",1336
"2017","W01001622","Newport 003F",1263
"2017","W01001623","Newport 001A",1446
"2017","W01001624","Newport 001B",1250
"2017","W01001625","Newport 001C",1160
"2017","W01001626","Newport 001D",1375
"2017","W01001627","Newport 001E",1505
"2017","W01001628","Newport 001F",1065
"2017","W01001629","Newport 017A",1397
"2017","W01001630","Newport 017B",1504
"2017","W01001631","Newport 017C",1368
"2017","W01001632","Newport 017D",1483
"2017","W01001633","Newport 019A",1622
"2017","W01001634","Newport 019B",1572
"2017","W01001635","Newport 016A",1237
"2017","W01001636","Newport 020A",1957
"2017","W01001637","Newport 016B",1808
"2017","W01001638","Newport 016C",1161
"2017","W01001639","Newport 004A",2155
"2017","W01001640","Newport 004B",1153
"2017","W01001641","Newport 004C",1422
"2017","W01001642","Newport 013A",1755
"2017","W01001643","Newport 013B",1612
"2017","W01001644","Newport 013C",3437
"2017","W01001645","Newport 015D",1320
"2017","W01001646","Newport 015E",1872
"2017","W01001647","Newport 015F",2042
"2017","W01001648","Newport 015G",1501
"2017","W01001649","Newport 004D",2159
"2017","W01001650","Newport 004E",1478
"2017","W01001651","Newport 002A",1441
"2017","W01001652","Newport 002B",1931
"2017","W01001653","Newport 002C",1371
"2017","W01001654","Newport 002D",1651
"2017","W01001655","Newport 002E",1561
"2017","W01001657","Newport 020C",1444
"2017","W01001658","Newport 020D",1960
"2017","W01001659","Newport 018A",1940
"2017","W01001660","Newport 018B",1978
"2017","W01001661","Newport 018C",2962
"2017","W01001662","Newport 018D",1482
"2017","W01001663","Newport 008C",1374
"2017","W01001664","Newport 010A",1400
"2017","W01001665","Newport 008D",1600
"2017","W01001666","Newport 010B",1395
"2017","W01001667","Newport 010C",1351
"2017","W01001668","Newport 010D",1231
"2017","W01001669","Newport 009A",1265
"2017","W01001670","Newport 009B",2268
"2017","W01001671","Newport 016D",1771
"2017","W01001672","Newport 009C",2318
"2017","W01001673","Newport 009D",1433
"2017","W01001674","Newport 009E",1496
"2017","W01001675","Newport 007A",1578
"2017","W01001676","Newport 007B",1774
"2017","W01001677","Newport 007C",1392
"2017","W01001678","Newport 005D",1538
"2017","W01001679","Newport 007D",1160
"2017","W01001680","Newport 007E",1294
"2017","W01001681","Newport 006B",1383
"2017","W01001682","Newport 006C",1413
"2017","W01001683","Newport 006D",1104
"2017","W01001684","Newport 006E",1449
"2017","W01001685","Newport 014B",1664
"2017","W01001686","Newport 014C",1330
"2017","W01001687","Newport 014D",2070
"2017","W01001688","Newport 019C",2943
"2017","W01001689","Newport 019D",1795
"2017","W01001690","Newport 013D",2325
"2017","W01001691","Newport 011D",1318
"2017","W01001692","Newport 011E",2106
"2017","W01001693","Newport 013E",2133
"2017","W01001694","Cardiff 036A",2006
"2017","W01001695","Cardiff 036B",4188
"2017","W01001696","Cardiff 036C",1664
"2017","W01001697","Cardiff 036D",1602
"2017","W01001698","Cardiff 036E",2053
"2017","W01001699","Cardiff 049A",2543
"2017","W01001702","Cardiff 045A",1865
"2017","W01001703","Cardiff 045B",1279
"2017","W01001704","Cardiff 041A",1736
"2017","W01001705","Cardiff 045C",1894
"2017","W01001706","Cardiff 041B",1315
"2017","W01001707","Cardiff 041C",2157
"2017","W01001708","Cardiff 045D",1713
"2017","W01001709","Cardiff 040A",2014
"2017","W01001710","Cardiff 040B",1814
"2017","W01001711","Cardiff 040C",1861
"2017","W01001712","Cardiff 040D",1479
"2017","W01001713","Cardiff 040E",1696
"2017","W01001714","Cardiff 035A",1565
"2017","W01001715","Cardiff 035B",1605
"2017","W01001716","Cardiff 035C",1351
"2017","W01001717","Cardiff 035D",1569
"2017","W01001718","Cardiff 028A",1709
"2017","W01001719","Cardiff 028B",2485
"2017","W01001720","Cardiff 028C",2154
"2017","W01001721","Cardiff 032A",3050
"2017","W01001722","Cardiff 028D",1771
"2017","W01001724","Cardiff 032C",2366
"2017","W01001725","Cardiff 032D",2216
"2017","W01001726","Cardiff 028E",1839
"2017","W01001727","Cardiff 014A",1121
"2017","W01001728","Cardiff 014B",1453
"2017","W01001729","Cardiff 014C",2057
"2017","W01001730","Cardiff 008A",1564
"2017","W01001731","Cardiff 008B",1483
"2017","W01001732","Cardiff 019A",1693
"2017","W01001733","Cardiff 019B",2647
"2017","W01001734","Cardiff 019C",1603
"2017","W01001735","Cardiff 019D",1686
"2017","W01001736","Cardiff 008C",1510
"2017","W01001737","Cardiff 039A",1641
"2017","W01001738","Cardiff 039B",1499
"2017","W01001739","Cardiff 039C",1444
"2017","W01001740","Cardiff 039D",1505
"2017","W01001741","Cardiff 039E",1776
"2017","W01001742","Cardiff 043A",1540
"2017","W01001743","Cardiff 043B",1384
"2017","W01001744","Cardiff 043C",1793
"2017","W01001745","Cardiff 043D",1303
"2017","W01001746","Cardiff 041D",1590
"2017","W01001747","Cardiff 027A",1674
"2017","W01001748","Cardiff 027B",1658
"2017","W01001749","Cardiff 027C",1466
"2017","W01001750","Cardiff 031A",1641
"2017","W01001751","Cardiff 027D",1840
"2017","W01001752","Cardiff 031B",1544
"2017","W01001753","Cardiff 031C",1549
"2017","W01001754","Cardiff 031D",1704
"2017","W01001755","Cardiff 025A",1473
"2017","W01001756","Cardiff 025B",4497
"2017","W01001757","Cardiff 025C",1483
"2017","W01001758","Cardiff 025D",2235
"2017","W01001759","Cardiff 046A",1488
"2017","W01001760","Cardiff 046B",1674
"2017","W01001761","Cardiff 046C",1828
"2017","W01001762","Cardiff 046D",1865
"2017","W01001764","Cardiff 044A",2098
"2017","W01001765","Cardiff 044B",1473
"2017","W01001766","Cardiff 044C",1862
"2017","W01001767","Cardiff 044D",1820
"2017","W01001768","Cardiff 044E",1733
"2017","W01001769","Cardiff 018A",1613
"2017","W01001770","Cardiff 018B",1140
"2017","W01001771","Cardiff 018C",1629
"2017","W01001772","Cardiff 021A",1438
"2017","W01001773","Cardiff 012A",2578
"2017","W01001774","Cardiff 018D",1398
"2017","W01001775","Cardiff 021B",1706
"2017","W01001776","Cardiff 021C",1333
"2017","W01001777","Cardiff 001A",1488
"2017","W01001778","Cardiff 001B",1772
"2017","W01001779","Cardiff 026A",1437
"2017","W01001780","Cardiff 026B",1745
"2017","W01001781","Cardiff 026C",1784
"2017","W01001782","Cardiff 026D",1395
"2017","W01001783","Cardiff 026E",1235
"2017","W01001784","Cardiff 026F",1282
"2017","W01001785","Cardiff 023A",1229
"2017","W01001786","Cardiff 023B",1625
"2017","W01001787","Cardiff 023C",1490
"2017","W01001788","Cardiff 023D",1500
"2017","W01001789","Cardiff 023E",1555
"2017","W01001790","Cardiff 023F",1214
"2017","W01001791","Cardiff 005A",1621
"2017","W01001792","Cardiff 005B",1757
"2017","W01001793","Cardiff 002A",1482
"2017","W01001794","Cardiff 001C",1399
"2017","W01001795","Cardiff 002B",1551
"2017","W01001796","Cardiff 002C",1443
"2017","W01001797","Cardiff 005C",1422
"2017","W01001798","Cardiff 002D",1468
"2017","W01001799","Cardiff 001D",1287
"2017","W01001800","Cardiff 005D",1509
"2017","W01001802","Cardiff 007A",1681
"2017","W01001803","Cardiff 015A",1699
"2017","W01001804","Cardiff 015B",1625
"2017","W01001805","Cardiff 015C",1376
"2017","W01001806","Cardiff 015D",1653
"2017","W01001807","Cardiff 007B",1573
"2017","W01001808","Cardiff 007C",1758
"2017","W01001809","Cardiff 017A",1309
"2017","W01001810","Cardiff 017B",1708
"2017","W01001811","Cardiff 009A",1581
"2017","W01001812","Cardiff 017C",1295
"2017","W01001813","Cardiff 017D",1611
"2017","W01001814","Cardiff 017E",1432
"2017","W01001815","Cardiff 008D",1319
"2017","W01001816","Cardiff 009B",2900
"2017","W01001817","Cardiff 009C",1356
"2017","W01001818","Cardiff 009D",1566
"2017","W01001819","Cardiff 014D",2339
"2017","W01001820","Cardiff 006A",1188
"2017","W01001821","Cardiff 024A",1250
"2017","W01001822","Cardiff 029A",1922
"2017","W01001823","Cardiff 029B",1352
"2017","W01001824","Cardiff 029C",1544
"2017","W01001825","Cardiff 029D",1975
"2017","W01001826","Cardiff 024B",1378
"2017","W01001827","Cardiff 024C",2340
"2017","W01001828","Cardiff 024D",1515
"2017","W01001829","Cardiff 033A",1721
"2017","W01001830","Cardiff 033B",1572
"2017","W01001831","Cardiff 030A",1445
"2017","W01001832","Cardiff 033C",1833
"2017","W01001833","Cardiff 033D",1520
"2017","W01001834","Cardiff 033E",1628
"2017","W01001835","Cardiff 033F",1756
"2017","W01001836","Cardiff 030B",1488
"2017","W01001837","Cardiff 030C",1654
"2017","W01001838","Cardiff 030D",1665
"2017","W01001839","Cardiff 030E",1474
"2017","W01001840","Cardiff 007D",1791
"2017","W01001841","Cardiff 003A",1987
"2017","W01001842","Cardiff 003B",1716
"2017","W01001843","Cardiff 003C",2268
"2017","W01001844","Cardiff 003D",1986
"2017","W01001846","Cardiff 006C",1803
"2017","W01001847","Cardiff 006D",1539
"2017","W01001848","Cardiff 012B",1485
"2017","W01001849","Cardiff 004A",1551
"2017","W01001850","Cardiff 012C",1967
"2017","W01001851","Cardiff 012D",1528
"2017","W01001852","Cardiff 004B",1848
"2017","W01001853","Cardiff 004C",1679
"2017","W01001854","Cardiff 004D",1572
"2017","W01001855","Cardiff 042A",1773
"2017","W01001856","Cardiff 042B",1823
"2017","W01001857","Cardiff 042C",1925
"2017","W01001858","Cardiff 034A",1765
"2017","W01001859","Cardiff 034B",1514
"2017","W01001860","Cardiff 034C",1698
"2017","W01001861","Cardiff 034D",1734
"2017","W01001862","Cardiff 042D",1747
"2017","W01001863","Cardiff 022A",1576
"2017","W01001864","Cardiff 022B",1487
"2017","W01001865","Cardiff 022C",1288
"2017","W01001866","Cardiff 016A",1647
"2017","W01001867","Cardiff 016B",1523
"2017","W01001868","Cardiff 022D",1558
"2017","W01001869","Cardiff 038A",1320
"2017","W01001870","Cardiff 037A",1348
"2017","W01001871","Cardiff 037B",1580
"2017","W01001872","Cardiff 038B",1590
"2017","W01001873","Cardiff 038C",1770
"2017","W01001874","Cardiff 038D",1480
"2017","W01001875","Cardiff 037C",2840
"2017","W01001876","Cardiff 037D",1711
"2017","W01001877","Cardiff 011A",1654
"2017","W01001878","Cardiff 011B",1639
"2017","W01001879","Cardiff 013A",1882
"2017","W01001880","Cardiff 013B",1688
"2017","W01001881","Cardiff 013C",1484
"2017","W01001882","Cardiff 011C",1787
"2017","W01001883","Cardiff 016C",1720
"2017","W01001884","Cardiff 013D",1429
"2017","W01001885","Cardiff 011D",2229
"2017","W01001886","Cardiff 016D",1297
"2017","W01001887","Cardiff 020A",1661
"2017","W01001888","Cardiff 010A",1739
"2017","W01001889","Cardiff 020B",1570
"2017","W01001890","Cardiff 021D",1765
"2017","W01001891","Cardiff 020C",1735
"2017","W01001892","Cardiff 020D",1401
"2017","W01001893","Cardiff 010B",1959
"2017","W01001894","Cardiff 010C",1629
"2017","W01001895","Cardiff 010D",1704
"2017","W01001896","Cardiff 020E",1550
"2017","W01001897","Powys 020D",1873
"2017","W01001898","Merthyr Tydfil 008F",1473
"2017","W01001899","Powys 021F",2074
"2017","W01001900","Neath Port Talbot 020G",1540
"2017","W01001901","Powys 017F",1848
"2017","W01001902","Powys 017G",1382
"2017","W01001903","Powys 018F",2106
"2017","W01001904","Powys 018G",1710
"2017","W01001905","Powys 018H",2125
"2017","W01001906","Powys 001F",1958
"2017","W01001907","Powys 001G",1355
"2017","W01001908","Monmouthshire 010G",2099
"2017","W01001909","Monmouthshire 002F",2680
"2017","W01001910","The Vale of Glamorgan 012G",1799
"2017","W01001911","The Vale of Glamorgan 012H",1188
"2017","W01001912","Newport 020E",1366
"2017","W01001913","Newport 020F",1615
"2017","W01001914","Rhondda Cynon Taf 023F",1846
"2017","W01001915","Rhondda Cynon Taf 027F",1763
"2017","W01001916","Rhondda Cynon Taf 027G",1543
"2017","W01001917","Rhondda Cynon Taf 023G",1596
"2017","W01001918","Bridgend 017E",1999
"2017","W01001919","Bridgend 017F",1511
"2017","W01001920","Bridgend 017G",1267
"2017","W01001921","Bridgend 017H",1623
"2017","W01001922","Cardiff 032E",2097
"2017","W01001923","Carmarthenshire 026G",1590
"2017","W01001924","Carmarthenshire 026H",1344
"2017","W01001925","Carmarthenshire 023F",2298
"2017","W01001926","Conwy 011F",2260
"2017","W01001927","Conwy 010G",1382
"2017","W01001928","Conwy 010H",1128
"2017","W01001929","Wrexham 012F",1218
"2017","W01001930","Wrexham 019F",2101
"2017","W01001931","Wrexham 012G",1520
"2017","W01001932","Gwynedd 014E",2986
"2017","W01001933","Gwynedd 017F",2174
"2017","W01001934","Ceredigion 002F",3891
"2017","W01001935","Ceredigion 003E",1095
"2017","W01001936","Ceredigion 003F",1981
"2017","W01001937","Ceredigion 001F",2032
"2017","W01001938","Swansea 025E",1516
"2017","W01001939","Cardiff 032F",1262
"2017","W01001940","Cardiff 048A",1476
"2017","W01001941","Cardiff 032G",1519
"2017","W01001942","Cardiff 049B",1652
"2017","W01001943","Cardiff 048B",1546
"2017","W01001944","Cardiff 048C",1349
"2017","W01001945","Cardiff 048D",2176
"2017","W01001946","Cardiff 049C",1452
"2017","W01001947","Cardiff 048E",2173
"2017","W01001948","Cardiff 006E",1984
"2017","W01001949","Cardiff 005F",1450
"2017","W01001950","Cardiff 049D",1508
"2017","W01001951","Cardiff 049E",1181
"2017","W01001952","Cardiff 049F",1872
"2017","W01001953","Cardiff 005G",1631
"2017","W01001954","Cardiff 006F",1507
"2017","W01001955","Swansea 025F",1832
"2017","W01001956","Swansea 023E",2418
"2017","W01001957","Swansea 025G",1072
"2017","W01001958","Swansea 025H",1513
