"Table 8.5a   Hourly pay - Gross (£) - For male employee jobsa: United Kingdom, 2025",,,,,,,,,,,,,,,,,,,,,,,,
,,,,,,,,,,,,,,,,,,,,,,,,
,,Number,,Annual,,Annual,,,,,,,,,,,,,,,,,,
,,of jobsb,,percentage,,percentage,Percentiles,,,,,,,,,,,,,,,,,
Description,Code,(thousand),Median,change,Mean,change,10,20,25,30,40,60,70,75,80,90,,,,,,,,
United Kingdom ,K02000001,"14,328",19.26,4.8,24.58,6.3,12.56,13.71,14.38,15.13,16.95,22.16,25.80,28.11,31.01,40.91,,,,,,,,
Great Britain,K03000001,"13,679",19.37,4.7,24.69,6.2,12.57,13.75,14.42,15.18,17.04,22.28,25.94,28.33,31.19,41.09,,Key,Statistical robustness,,,,,
England and Wales,K04000001,"12,507",19.35,4.6,24.75,6.0,12.57,13.74,14.41,15.17,17.02,22.28,25.94,28.41,31.28,41.30,, CV <= 5% , Estimates are considered precise  ,,,,,
England,E92000001,"11,864",19.44,4.5,24.93,5.9,12.58,13.75,14.44,15.21,17.09,22.42,26.13,28.61,31.55,41.71,, CV > 5% and <= 10% , Estimates are considered reasonably precise ,,,,,
North East ,E12000001,505,17.25,5.3,20.93,4.6,12.36,13.16,13.59,14.14,15.50,19.51,22.44,23.94,26.34,33.49,, CV > 10% and <= 20% , Estimates are considered acceptable ,,,,,
Darlington UA,E06000005,23,17.82,2.0,20.77,-1.4,12.32,12.81,13.05,13.52,14.59,19.96,23.21,23.91,x,x,, x = CV > 20% , Estimates are considered unreliable for practical purposes ,,,,,
Hartlepool UA,E06000001,15,16.18,2.4,18.72,-0.5,12.26,12.76,12.93,13.74,14.61,17.55,20.03,21.91,x,x,, .. = disclosive ,,,,,,
Middlesbrough UA,E06000002,24,16.34,8.9,19.83,5.9,12.43,13.24,13.50,14.11,15.37,18.37,19.68,20.50,x,x,, : = not applicable ,,,,,,
Redcar and Cleveland UA,E06000003,23,15.73,5.0,20.18,12.0,12.08,12.40,12.67,13.05,13.80,17.75,20.31,22.11,x,x,, - = nil or negligible  ,,,,,,
Stockton-on-Tees UA,E06000004,41,18.10,9.3,21.76,8.2,12.51,13.32,13.72,14.44,16.13,20.12,23.15,24.60,27.65,x,,,,,,,,
County Durham UA,E06000047,98,16.88,2.6,20.57,2.2,12.46,13.17,13.63,14.12,15.37,19.78,22.68,24.54,26.37,32.89,,,,,,,,
Northumberland UA,E06000057,57,19.58,11.0,23.75,10.0,12.85,13.58,14.14,14.89,16.98,22.81,25.14,27.01,29.06,x,,,,,,,,
Tyne and Wear Met County,E11000007,225,16.96,3.3,20.57,3.4,12.30,13.13,13.67,14.16,15.47,19.11,21.64,23.42,25.92,32.06,,,,,,,,
  Gateshead,E08000037,43,17.28,6.5,20.33,8.7,12.24,13.28,13.89,14.49,15.57,19.41,21.73,23.39,25.10,x,,,,,,,,
  Newcastle upon Tyne,E08000021,55,17.50,3.1,21.43,3.2,12.47,13.13,13.77,14.21,15.58,19.73,22.48,23.58,26.60,x,,,,,,,,
  North Tyneside,E08000022,48,18.26,0.2,22.60,3.5,12.36,13.39,13.86,14.55,16.28,20.62,24.66,26.67,29.29,x,,,,,,,,
  South Tyneside,E08000023,24,16.15,-0.1,18.63,-1.8,12.21,12.59,12.99,13.39,14.42,18.21,19.70,20.67,22.48,x,,,,,,,,
  Sunderland,E08000024,56,16.00,4.0,19.08,1.5,12.21,13.14,13.56,14.01,14.85,17.05,19.79,21.66,23.28,x,,,,,,,,
North West ,E12000002,"1,538",18.71,5.7,23.07,6.2,12.50,13.45,14.02,14.78,16.41,21.51,24.82,26.84,29.37,37.88,,,,,,,,
Blackburn with Darwen UA,E06000008,32,16.44,4.7,20.03,9.9,12.22,12.78,13.23,13.55,14.97,18.55,20.64,22.38,25.54,x,,,,,,,,
Blackpool UA,E06000009,25,14.98,5.8,17.24,3.3,12.21,12.33,12.75,13.06,13.90,16.83,18.50,20.11,21.50,x,,,,,,,,
Halton UA,E06000006,27,16.73,3.9,20.84,0.8,12.53,13.33,13.65,14.45,15.46,19.58,22.56,25.83,27.53,x,,,,,,,,
Warrington UA,E06000007,50,20.16,5.4,25.64,0.9,12.36,13.10,13.76,15.13,17.13,23.46,26.34,28.88,33.08,x,,,,,,,,
Cheshire East UA,E06000049,88,20.69,9.2,27.21,9.1,12.58,13.84,14.81,15.74,17.79,24.21,27.93,30.65,35.99,x,,,,,,,,
Cheshire West and Chester UA,E06000050,82,20.39,6.5,24.50,6.4,12.55,13.69,14.23,15.32,17.37,23.15,26.48,29.07,31.76,x,,,,,,,,
Cumberland UA,E06000063,66,19.65,12.1,22.37,6.7,12.49,13.75,14.49,15.15,17.00,22.55,25.02,27.13,29.16,x,,,,,,,,
Westmorland and Furness UA,E06000064,54,20.77,13.5,23.21,12.4,12.64,13.61,14.38,15.26,17.62,23.02,25.19,26.36,28.70,x,,,,,,,,
Greater Manchester Met County,E11000001,587,18.22,4.3,23.04,6.4,12.41,13.35,13.89,14.61,16.17,20.90,24.34,26.56,29.34,37.94,,,,,,,,
  Bolton,E08000001,56,16.35,-1.4,20.94,3.3,12.21,12.59,13.01,13.54,14.45,19.16,23.08,24.52,26.20,x,,,,,,,,
  Bury,E08000002,36,19.10,9.3,23.65,11.2,12.41,13.39,14.37,15.07,16.98,22.07,24.60,26.88,30.41,x,,,,,,,,
  Manchester,E08000003,115,17.54,8.3,23.31,11.4,12.32,13.04,13.56,14.13,15.57,20.31,23.48,26.28,29.11,37.38,,,,,,,,
  Oldham,E08000004,44,16.61,0.9,20.20,3.8,12.38,12.99,13.43,13.95,15.12,18.23,20.79,22.74,24.77,x,,,,,,,,
  Rochdale,E08000005,40,16.58,-3.3,23.03,-3.7,12.28,13.26,13.69,14.18,15.26,18.51,21.57,23.28,26.17,x,,,,,,,,
  Salford,E08000006,65,17.90,4.2,22.03,7.1,12.50,13.69,14.49,15.08,16.30,19.97,22.58,24.59,27.92,x,,,,,,,,
  Stockport,E08000007,59,20.92,9.5,25.14,8.6,12.67,13.81,14.60,15.62,18.06,24.18,28.10,31.69,34.48,x,,,,,,,,
  Tameside,E08000008,49,18.03,3.0,20.69,2.3,12.52,13.80,14.38,15.01,16.57,20.70,22.71,24.08,26.00,x,,,,,,,,
  Trafford,E08000009,58,23.42,9.6,28.82,7.9,12.97,14.07,15.09,16.34,19.38,27.69,32.76,36.08,40.57,x,,,,,,,,
  Wigan,E08000010,66,18.49,5.7,22.08,6.4,12.50,13.35,13.98,14.88,16.53,21.19,24.21,25.90,28.60,x,,,,,,,,
Lancashire,E10000017,250,18.70,7.7,22.65,8.0,12.52,13.60,14.15,14.84,16.42,21.52,24.86,26.69,28.96,37.36,,,,,,,,
  Burnley,E07000117,16,16.73,5.9,19.66,5.9,12.21,12.87,13.69,14.20,15.18,18.33,22.40,x,x,x,,,,,,,,
  Chorley,E07000118,27,20.39,7.8,24.28,9.0,12.88,14.00,14.66,15.48,18.68,23.30,27.16,28.42,30.77,x,,,,,,,,
  Fylde,E07000119,15,21.20,10.2,25.02,7.4,13.13,15.02,15.39,16.38,18.47,24.66,27.46,31.08,x,x,,,,,,,,
  Hyndburn,E07000120,16,15.61,-7.8,19.72,3.9,12.39,13.43,13.76,14.00,14.91,18.66,21.87,23.06,x,x,,,,,,,,
  Lancaster,E07000121,28,16.55,2.2,20.49,9.1,12.49,13.16,13.69,14.04,15.18,19.14,21.46,23.01,24.76,x,,,,,,,,
  Pendle,E07000122,15,16.42,14.2,21.04,12.7,12.57,13.37,13.83,14.18,15.06,18.12,20.77,x,x,x,,,,,,,,
  Preston,E07000123,34,18.63,8.1,22.73,11.5,12.50,13.38,13.95,14.87,16.48,21.93,24.23,25.81,28.04,x,,,,,,,,
  Ribble Valley,E07000124,13,22.71,8.2,26.92,16.9,12.62,14.39,14.78,15.31,17.52,25.23,x,x,x,x,,,,,,,,
  Rossendale,E07000125,15,18.20,9.5,21.55,7.5,12.54,13.15,13.93,14.32,16.44,19.81,24.47,x,x,x,,,,,,,,
  South Ribble,E07000126,23,19.88,3.4,22.98,-0.7,12.47,13.69,14.38,15.46,17.17,23.23,26.84,28.92,x,x,,,,,,,,
  West Lancashire,E07000127,25,20.86,13.5,24.54,5.0,12.52,13.90,14.83,15.89,18.09,23.88,27.53,29.05,x,x,,,,,,,,
  Wyre,E07000128,24,18.59,6.2,22.79,6.4,12.67,13.39,14.08,14.80,16.33,21.19,23.60,25.63,x,x,,,,,,,,
Merseyside Met County,E11000002,278,18.91,4.6,22.53,2.9,12.55,13.63,14.20,14.88,16.46,21.08,24.55,26.66,28.96,36.43,,,,,,,,
  Knowsley,E08000011,27,17.77,4.5,20.49,3.8,12.42,13.36,13.84,14.72,15.91,20.05,22.77,24.18,25.76,x,,,,,,,,
  Liverpool,E08000012,99,19.26,6.5,22.47,1.7,12.60,13.66,14.27,14.90,17.05,21.08,24.56,26.31,28.78,35.83,,,,,,,,
  St. Helens,E08000013,38,18.97,11.8,23.26,8.8,12.68,13.69,14.25,15.20,17.25,21.64,24.47,26.69,29.13,x,,,,,,,,
  Sefton,E08000014,51,18.08,5.6,22.59,1.8,12.44,13.19,13.88,14.52,16.02,21.01,25.15,28.15,31.20,x,,,,,,,,
  Wirral,E08000015,64,19.47,1.1,23.01,1.8,12.55,13.69,14.20,15.00,16.32,21.59,24.99,27.19,29.33,x,,,,,,,,
Yorkshire and The Humber ,E12000003,"1,135",17.95,4.1,22.18,6.4,12.50,13.40,13.96,14.64,16.04,20.29,23.61,25.57,28.07,36.04,,,,,,,,
East Riding of Yorkshire UA,E06000011,74,19.19,1.1,24.43,5.4,12.72,14.50,14.98,15.51,17.07,22.51,26.70,29.03,32.35,x,,,,,,,,
Kingston upon Hull UA,E06000010,52,16.20,7.8,20.74,19.5,12.31,13.10,13.50,14.00,15.32,18.37,20.83,21.96,23.86,x,,,,,,,,
North East Lincolnshire UA,E06000012,29,18.59,-2.7,22.10,1.5,12.60,13.20,13.99,15.45,16.63,21.21,24.81,27.49,29.54,x,,,,,,,,
North Lincolnshire UA,E06000013,39,17.34,0.3,21.55,6.9,12.57,13.29,13.86,14.56,15.93,20.36,23.27,24.78,26.33,x,,,,,,,,
York UA,E06000014,44,20.03,8.6,24.76,12.9,12.60,13.76,14.29,15.42,17.77,23.77,27.39,30.38,32.43,x,,,,,,,,
North Yorkshire UA,E06000065,124,18.45,5.8,23.95,10.4,12.61,13.65,14.34,15.10,16.49,21.34,25.57,27.65,30.30,42.26,,,,,,,,
South Yorkshire Met County,E11000003,289,17.87,4.2,21.76,5.6,12.53,13.41,13.89,14.57,16.10,19.79,22.86,25.02,27.25,34.38,,,,,,,,
  Barnsley,E08000038,52,18.02,5.3,21.62,8.5,12.52,13.44,13.93,14.59,16.22,19.63,22.17,24.54,25.87,x,,,,,,,,
  Doncaster,E08000017,60,17.05,2.8,19.77,1.4,12.55,13.31,13.65,14.30,15.31,18.36,20.37,22.09,25.08,x,,,,,,,,
  Rotherham,E08000018,49,17.72,4.9,22.89,13.3,12.56,13.44,13.89,14.43,16.15,19.77,23.02,24.89,27.48,x,,,,,,,,
  Sheffield,E08000039,128,18.40,4.0,22.39,3.5,12.50,13.46,14.01,14.81,16.36,20.80,23.93,26.27,28.34,35.34,,,,,,,,
West Yorkshire Met County,E11000006,485,17.73,3.5,21.62,4.4,12.42,13.23,13.78,14.42,15.76,20.12,23.34,24.75,27.26,35.21,,,,,,,,
  Bradford,E08000032,93,16.45,4.6,20.79,1.7,12.28,12.88,13.35,13.86,14.80,18.86,21.24,23.36,24.65,x,,,,,,,,
  Calderdale,E08000033,43,18.37,0.7,21.83,2.4,12.42,13.47,13.96,14.54,16.35,20.55,23.71,25.25,26.88,x,,,,,,,,
  Kirklees,E08000034,96,17.57,4.4,21.25,5.6,12.49,13.17,13.65,14.64,15.85,19.95,22.99,23.94,26.94,x,,,,,,,,
  Leeds,E08000035,181,18.31,1.9,22.62,5.5,12.43,13.26,13.88,14.58,15.82,20.79,24.54,26.81,29.69,38.37,,,,,,,,
  Wakefield,E08000036,72,17.69,6.9,20.63,5.3,12.71,13.52,14.02,14.92,16.29,19.85,22.77,23.98,25.40,x,,,,,,,,
East Midlands ,E12000004,"1,009",18.32,5.0,22.75,7.7,12.50,13.51,14.03,14.69,16.18,20.77,23.89,25.74,28.36,36.09,,,,,,,,
Derby UA,E06000015,59,17.63,4.7,21.33,5.7,12.43,13.27,13.89,14.32,15.55,20.73,23.80,25.66,27.78,x,,,,,,,,
Leicester UA,E06000016,66,15.76,7.3,19.51,9.1,12.28,12.82,13.21,13.61,14.54,17.38,19.07,20.40,22.42,x,,,,,,,,
North Northamptonshire UA,E06000061,81,19.81,6.9,23.59,4.4,12.61,13.82,14.39,15.24,17.44,22.45,25.61,27.63,29.08,x,,,,,,,,
Nottingham UA,E06000018,50,15.25,6.9,19.19,8.4,12.21,12.75,13.18,13.63,14.10,17.05,19.09,20.64,23.33,x,,,,,,,,
Rutland UA,E06000017,10,21.57,2.4,27.41,-5.3,12.77,13.81,15.24,16.84,20.19,23.52,x,x,x,x,,,,,,,,
West Northamptonshire UA,E06000062,91,18.69,2.0,24.83,9.1,12.50,13.70,14.30,14.93,16.60,22.00,25.15,28.55,32.51,x,,,,,,,,
Derbyshire,E10000007,164,19.30,5.8,24.79,16.1,12.55,13.98,14.55,15.34,16.96,21.67,24.83,26.57,29.38,36.08,,,,,,,,
  Amber Valley,E07000032,25,19.03,0.9,x,,12.50,14.02,15.06,15.41,17.07,20.83,23.15,26.94,x,x,,,,,,,,
  Bolsover,E07000033,15,17.61,10.6,19.76,10.1,12.75,14.18,14.76,15.43,16.11,18.97,20.01,24.02,x,x,,,,,,,,
  Chesterfield,E07000034,21,18.91,12.8,22.49,9.1,12.96,13.82,14.18,14.70,16.17,19.90,22.44,24.29,x,x,,,,,,,,
  Derbyshire Dales,E07000035,13,19.96,3.4,21.90,9.3,12.20,13.50,14.55,15.24,17.27,21.22,23.90,x,x,x,,,,,,,,
  Erewash,E07000036,22,18.85,6.5,21.79,6.0,12.67,13.99,14.41,14.97,16.48,21.30,24.20,25.85,27.51,x,,,,,,,,
  High Peak,E07000037,21,19.53,3.5,23.90,5.9,12.47,13.62,14.32,14.99,16.40,22.55,25.26,27.02,x,x,,,,,,,,
  North East Derbyshire,E07000038,22,19.65,9.7,24.80,11.7,12.42,13.28,13.80,14.55,17.26,23.04,27.32,29.49,x,x,,,,,,,,
  South Derbyshire,E07000039,24,22.04,11.5,26.73,16.1,12.51,14.58,15.87,16.96,19.79,24.86,29.64,30.79,32.48,x,,,,,,,,
Leicestershire,E10000018,159,20.00,5.6,23.75,6.3,12.58,13.81,14.77,15.59,17.85,22.79,25.99,27.78,29.82,36.90,,,,,,,,
  Blaby,E07000129,20,18.70,8.4,22.21,2.5,12.62,13.72,14.47,15.34,16.98,21.05,23.54,27.51,29.39,x,,,,,,,,
  Charnwood,E07000130,41,20.00,4.7,22.58,7.5,12.75,14.33,15.38,15.84,18.28,22.78,25.51,26.82,27.60,x,,,,,,,,
  Harborough,E07000131,24,22.94,14.1,28.50,1.6,12.57,13.76,14.91,16.31,19.81,26.78,30.22,32.46,x,x,,,,,,,,
  Hinckley and Bosworth,E07000132,25,18.98,8.0,22.16,5.1,12.21,14.00,14.70,15.10,16.83,20.96,23.93,25.90,28.79,x,,,,,,,,
  Melton,E07000133,8,15.79,-6.6,22.67,12.1,x,13.00,13.34,13.67,14.80,16.94,x,x,x,x,,,,,,,,
  North West Leicestershire,E07000134,25,20.47,1.1,24.21,4.8,12.44,13.55,14.62,15.44,18.62,22.76,26.83,28.36,x,x,,,,,,,,
  Oadby and Wigston,E07000135,16,21.93,25.3,24.39,14.9,12.79,13.74,14.18,15.79,19.11,23.80,26.06,x,x,x,,,,,,,,
Lincolnshire,E10000019,158,16.83,1.3,20.78,2.9,12.36,13.06,13.57,14.12,15.18,19.12,22.30,23.90,25.98,33.45,,,,,,,,
  Boston,E07000136,15,14.60,6.5,17.95,13.9,12.21,12.50,12.59,12.96,13.76,15.15,16.64,17.60,x,x,,,,,,,,
  East Lindsey,E07000137,19,15.32,1.9,18.24,-6.1,12.27,12.74,13.03,13.54,14.36,16.86,19.75,21.41,x,x,,,,,,,,
  Lincoln,E07000138,21,16.23,-6.6,19.63,5.9,12.52,13.13,13.48,13.95,15.15,18.65,21.12,22.47,x,x,,,,,,,,
  North Kesteven,E07000139,29,19.20,3.6,23.06,5.3,12.62,13.88,14.23,15.00,16.46,22.69,25.54,27.87,30.40,x,,,,,,,,
  South Holland,E07000140,22,16.11,1.2,18.76,-1.0,12.43,13.16,13.55,14.17,14.96,17.75,19.70,20.49,x,x,,,,,,,,
  South Kesteven,E07000141,29,17.93,1.7,23.62,4.3,12.21,12.91,13.63,14.50,15.89,20.14,23.15,x,x,x,,,,,,,,
  West Lindsey,E07000142,23,18.31,4.1,21.79,0.9,12.62,13.41,14.02,14.48,16.72,19.96,23.71,25.70,x,x,,,,,,,,
Nottinghamshire,E10000024,171,18.49,7.2,22.62,7.9,12.60,13.70,14.33,14.93,16.37,20.92,23.76,25.52,28.58,36.63,,,,,,,,
  Ashfield,E07000170,23,17.72,6.8,21.34,14.5,12.71,13.80,14.22,14.62,15.76,19.07,21.31,22.65,x,x,,,,,,,,
  Bassetlaw,E07000171,27,16.72,8.3,20.06,4.3,12.57,13.75,13.98,14.55,15.33,19.53,21.86,23.26,24.84,x,,,,,,,,
  Broxtowe,E07000172,25,18.97,-6.3,22.23,-5.0,12.50,13.44,14.29,14.99,16.75,20.93,24.33,26.14,28.75,x,,,,,,,,
  Gedling,E07000173,26,19.66,10.4,23.80,4.7,12.67,13.92,15.02,15.96,17.04,21.96,24.81,28.28,x,x,,,,,,,,
  Mansfield,E07000174,19,16.30,6.7,19.77,12.5,12.26,13.09,13.43,13.85,15.00,17.50,20.87,24.00,x,x,,,,,,,,
  Newark and Sherwood,E07000175,22,18.97,10.3,21.57,6.5,12.78,13.62,14.36,15.15,17.13,21.57,23.49,24.63,x,x,,,,,,,,
  Rushcliffe,E07000176,29,21.53,4.6,28.53,15.0,12.64,14.33,14.82,16.05,18.76,24.21,29.99,33.76,x,x,,,,,,,,
West Midlands ,E12000005,"1,211",18.34,7.3,22.41,8.0,12.50,13.48,14.03,14.72,16.36,20.84,24.13,26.19,28.78,36.71,,,,,,,,
Herefordshire UA,E06000019,39,17.31,6.6,20.96,1.6,12.50,13.15,13.46,14.09,15.80,19.28,21.88,24.23,26.69,x,,,,,,,,
Stoke-on-Trent UA,E06000021,53,16.65,9.6,20.13,15.2,12.59,13.37,13.75,14.31,15.00,18.65,21.17,22.77,24.73,x,,,,,,,,
Telford and Wrekin UA,E06000020,42,18.63,12.9,21.87,14.8,12.41,13.30,13.73,14.55,16.93,21.02,24.24,25.94,27.90,x,,,,,,,,
Shropshire UA,E06000051,60,18.34,6.3,21.95,7.2,12.65,13.56,14.13,14.70,16.60,20.99,23.54,24.64,26.21,x,,,,,,,,
Staffordshire,E10000028,194,19.18,7.3,22.50,3.7,12.44,13.70,14.40,15.00,17.15,21.40,23.96,25.79,28.51,36.37,,,,,,,,
  Cannock Chase,E07000192,23,17.36,8.6,19.52,9.9,12.37,13.07,13.68,14.07,15.08,19.19,21.40,22.36,24.39,x,,,,,,,,
  East Staffordshire,E07000193,25,19.54,5.0,21.29,-0.9,12.52,13.41,14.41,15.01,17.24,21.85,23.75,24.71,26.28,x,,,,,,,,
  Lichfield,E07000194,21,21.11,2.6,25.77,-8.3,12.64,14.12,14.90,15.87,18.37,23.93,26.99,30.29,x,x,,,,,,,,
  Newcastle-under-Lyme,E07000195,30,17.90,6.1,22.02,11.6,12.49,13.45,14.10,15.03,16.51,19.62,21.81,23.23,x,x,,,,,,,,
  South Staffordshire,E07000196,25,20.84,0.3,23.93,1.7,12.49,13.86,14.75,15.59,18.43,23.13,24.91,27.34,x,x,,,,,,,,
  Stafford,E07000197,28,20.11,2.2,23.26,2.8,12.24,14.11,14.56,14.91,17.54,22.68,25.97,28.75,34.24,x,,,,,,,,
  Staffordshire Moorlands,E07000198,24,18.72,12.5,22.35,11.2,12.21,12.97,13.98,14.62,16.30,20.00,21.58,23.85,x,x,,,,,,,,
  Tamworth,E07000199,18,19.79,15.5,22.26,14.4,12.87,14.35,15.08,15.72,17.14,23.01,26.45,27.78,29.87,x,,,,,,,,
Warwickshire,E10000031,145,21.25,12.0,26.13,10.4,12.63,14.16,14.87,15.88,18.26,25.23,28.76,31.33,33.64,42.08,,,,,,,,
  North Warwickshire,E07000218,15,18.20,1.1,22.12,4.8,12.52,13.63,13.77,14.86,15.86,22.23,26.53,27.64,x,x,,,,,,,,
  Nuneaton and Bedworth,E07000219,35,17.64,4.8,20.29,5.6,12.50,13.84,14.45,15.29,16.02,19.66,21.38,23.44,25.99,x,,,,,,,,
  Rugby,E07000220,26,23.10,7.7,26.47,10.4,12.78,14.87,16.11,17.85,20.52,26.75,30.23,32.79,37.08,x,,,,,,,,
  Stratford-on-Avon,E07000221,32,23.03,17.4,29.68,15.1,12.81,14.13,14.75,16.29,19.84,28.06,30.59,32.13,36.03,x,,,,,,,,
  Warwick,E07000222,37,25.57,20.4,30.53,9.7,12.67,14.57,15.73,17.92,21.34,28.98,34.09,36.82,39.20,x,,,,,,,,
West Midlands Met County,E11000005,540,17.70,7.7,21.59,8.4,12.40,13.29,13.78,14.43,15.85,19.80,23.42,25.27,27.93,35.31,,,,,,,,
  Birmingham,E08000025,192,17.29,7.4,21.09,5.9,12.29,13.07,13.57,14.09,15.49,19.50,23.13,24.85,27.25,35.00,,,,,,,,
  Coventry,E08000026,70,18.78,7.6,22.68,8.5,12.62,13.75,14.32,15.16,16.82,21.67,25.39,27.30,30.06,x,,,,,,,,
  Dudley,E08000027,66,17.69,4.2,20.74,5.7,12.50,13.44,14.20,14.93,16.05,19.18,22.17,23.54,26.03,x,,,,,,,,
  Sandwell,E08000028,60,16.15,5.0,18.69,7.7,12.35,12.85,13.27,13.54,14.66,17.98,20.22,22.01,24.14,x,,,,,,,,
  Solihull,E08000029,45,22.24,11.5,28.95,15.8,13.04,14.85,15.62,16.68,19.09,26.32,31.21,34.31,37.67,x,,,,,,,,
  Walsall,E08000030,54,17.51,5.8,21.15,9.8,12.27,13.29,13.69,14.41,15.79,19.47,22.56,24.82,26.40,x,,,,,,,,
  Wolverhampton,E08000031,53,17.29,12.2,20.58,8.4,12.35,13.18,13.68,14.12,15.55,19.23,21.82,23.73,25.93,x,,,,,,,,
Worcestershire,E10000034,139,19.39,8.6,23.17,6.3,12.53,13.57,14.16,14.92,17.00,21.93,24.77,27.36,29.79,37.69,,,,,,,,
  Bromsgrove,E07000234,23,23.45,2.8,27.69,2.6,13.04,14.44,16.60,17.44,19.79,28.65,31.88,33.81,x,x,,,,,,,,
  Malvern Hills,E07000235,14,19.82,4.6,22.14,-4.8,12.50,13.67,13.89,14.35,16.81,22.04,23.25,x,x,x,,,,,,,,
  Redditch,E07000236,18,17.68,10.4,20.28,-3.6,12.67,13.59,14.11,14.37,15.77,19.88,21.92,23.03,x,x,,,,,,,,
  Worcester,E07000237,32,20.18,8.7,24.12,14.9,12.60,13.98,14.85,15.57,18.63,23.61,27.35,28.90,30.87,x,,,,,,,,
  Wychavon,E07000238,32,17.71,7.4,22.68,9.0,12.28,13.13,13.74,14.36,16.16,21.19,23.48,25.03,x,x,,,,,,,,
  Wyre Forest,E07000239,21,17.31,0.1,20.57,6.7,12.34,12.98,13.29,13.94,15.32,18.86,21.55,23.29,x,x,,,,,,,,
East ,E12000006,"1,373",20.07,4.8,26.10,6.1,12.62,13.88,14.73,15.60,17.65,23.33,27.28,29.99,33.27,43.83,,,,,,,,
Bedford UA,E06000055,41,19.65,3.9,24.61,6.5,12.59,14.11,14.99,15.57,17.73,23.57,27.95,29.60,32.81,x,,,,,,,,
Central Bedfordshire UA,E06000056,66,22.66,3.1,27.76,9.5,12.97,15.96,16.84,18.16,20.48,26.07,30.17,32.43,35.00,x,,,,,,,,
Luton UA,E06000032,40,16.37,2.3,19.95,4.0,12.21,12.85,13.53,13.89,14.69,17.72,20.40,22.49,26.20,x,,,,,,,,
Peterborough UA,E06000031,49,16.82,-3.4,20.61,-2.9,12.50,13.29,13.79,14.20,15.46,19.18,22.80,24.08,25.76,x,,,,,,,,
Southend-on-Sea UA,E06000033,35,18.70,-7.8,24.56,2.8,12.28,13.05,13.55,14.30,16.03,21.81,25.81,29.62,x,x,,,,,,,,
Thurrock UA,E06000034,33,20.48,4.4,26.40,11.5,12.85,15.22,16.05,16.79,18.48,24.21,29.06,31.44,33.66,x,,,,,,,,
Cambridgeshire,E10000003,179,21.32,5.8,27.58,-0.1,13.00,14.45,15.35,16.47,18.72,24.04,28.87,31.09,34.56,x,,,,,,,,
  Cambridge,E07000008,36,22.94,-0.5,31.48,,13.00,14.50,15.34,17.21,19.65,27.82,32.95,34.92,x,x,,,,,,,,
  East Cambridgeshire,E07000009,23,20.56,10.4,27.53,14.7,13.28,14.95,15.46,16.29,18.55,24.54,29.00,x,x,x,,,,,,,,
  Fenland,E07000010,25,17.11,-0.3,19.25,2.4,12.55,13.16,13.61,14.24,15.81,18.57,21.79,22.35,23.17,x,,,,,,,,
  Huntingdonshire,E07000011,45,20.42,11.6,24.56,9.8,13.13,14.25,15.08,15.93,18.80,23.07,25.51,28.00,29.90,x,,,,,,,,
  South Cambridgeshire,E07000012,51,25.20,-1.6,32.01,-2.8,13.11,15.73,17.28,18.57,20.91,28.86,33.80,39.20,x,x,,,,,,,,
Essex,E10000012,310,20.86,3.8,26.81,3.2,12.58,13.95,14.91,15.82,17.99,23.99,28.56,30.95,34.79,45.46,,,,,,,,
  Basildon,E07000066,40,21.05,4.6,25.81,0.3,12.27,13.60,14.46,15.32,17.61,23.40,28.39,31.60,34.79,x,,,,,,,,
  Braintree,E07000067,31,19.73,-1.7,24.42,3.0,13.41,14.61,15.33,16.47,17.76,23.21,27.24,30.56,x,x,,,,,,,,
  Brentwood,E07000068,17,23.86,-8.9,38.45,5.1,13.28,15.40,16.45,17.41,20.12,x,x,x,x,x,,,,,,,,
  Castle Point,E07000069,18,21.11,8.9,25.44,6.0,12.47,14.52,15.54,16.57,18.74,23.97,27.31,x,x,x,,,,,,,,
  Chelmsford,E07000070,37,21.95,4.8,27.01,5.6,12.58,14.30,15.15,16.36,18.74,25.71,28.94,32.83,35.94,x,,,,,,,,
  Colchester,E07000071,47,19.16,-5.9,24.92,1.3,12.58,13.68,14.83,15.33,17.20,22.94,27.27,29.51,30.63,x,,,,,,,,
  Epping Forest,E07000072,26,22.75,6.9,32.43,3.5,12.89,14.33,15.59,16.60,20.14,27.22,35.74,x,x,x,,,,,,,,
  Harlow,E07000073,17,17.47,1.2,23.14,10.0,12.24,13.09,13.64,14.26,15.97,19.80,x,x,x,x,,,,,,,,
  Maldon,E07000074,13,20.90,12.0,28.43,15.1,12.21,13.78,14.82,16.68,18.75,23.87,x,x,x,x,,,,,,,,
  Rochford,E07000075,15,23.82,2.7,27.77,-4.6,12.67,15.88,16.98,18.50,20.78,25.76,29.92,x,x,x,,,,,,,,
  Tendring,E07000076,32,17.14,1.9,21.37,-3.6,12.23,12.99,13.35,13.91,15.15,19.81,23.53,24.66,26.69,x,,,,,,,,
  Uttlesford,E07000077,18,24.87,11.5,31.30,5.5,13.06,14.80,16.38,18.20,21.22,27.12,31.40,x,x,x,,,,,,,,
Hertfordshire,E10000015,252,23.99,9.8,31.63,11.5,13.15,15.15,16.33,17.84,20.61,27.94,34.12,37.14,40.01,53.88,,,,,,,,
  Broxbourne,E07000095,18,20.29,3.8,26.14,9.7,12.45,13.45,13.82,15.14,17.08,23.62,28.26,x,x,x,,,,,,,,
  Dacorum,E07000096,28,22.76,10.4,29.59,11.7,12.60,14.07,15.66,16.90,19.64,27.30,34.24,36.22,x,x,,,,,,,,
  East Hertfordshire,E07000242,34,27.96,10.3,36.68,16.0,13.56,16.28,17.92,19.67,23.76,32.69,37.82,40.45,41.77,x,,,,,,,,
  Hertsmere,E07000098,18,21.00,-1.4,30.43,6.6,13.70,14.98,15.66,17.24,18.89,24.71,x,x,x,x,,,,,,,,
  North Hertfordshire,E07000099,35,24.32,9.1,31.54,12.9,13.35,16.43,17.93,19.18,22.03,27.50,31.56,34.26,x,x,,,,,,,,
  St Albans,E07000240,32,33.54,19.2,42.06,10.6,14.31,17.48,19.48,22.04,26.21,39.30,46.45,53.03,x,x,,,,,,,,
  Stevenage,E07000243,19,22.63,28.7,24.83,14.5,13.17,14.40,15.02,16.71,18.95,24.24,28.95,32.30,35.57,x,,,,,,,,
  Three Rivers,E07000102,23,24.11,6.5,30.19,4.7,13.38,15.09,15.89,17.27,20.94,26.26,28.12,x,x,x,,,,,,,,
  Watford,E07000103,23,22.72,12.2,30.94,11.0,13.06,15.08,15.69,16.55,19.06,31.06,34.89,35.68,x,x,,,,,,,,
  Welwyn Hatfield,E07000241,23,21.88,16.9,25.91,14.5,12.82,14.58,15.62,16.92,19.05,23.77,26.10,x,x,x,,,,,,,,
Norfolk,E10000020,195,17.52,6.3,22.47,10.9,12.39,13.34,13.81,14.47,15.97,19.76,23.11,25.20,28.18,35.98,,,,,,,,
  Breckland,E07000143,29,17.17,9.2,20.35,5.3,12.37,13.04,13.53,14.18,15.58,18.48,20.98,22.37,23.50,x,,,,,,,,
  Broadland,E07000144,29,18.57,4.2,24.12,10.1,12.36,13.25,14.09,15.57,17.20,21.56,26.10,28.89,32.50,x,,,,,,,,
  Great Yarmouth,E07000145,20,17.30,11.7,20.49,5.9,12.31,13.18,13.64,13.96,15.89,18.66,21.08,22.85,x,x,,,,,,,,
  King's Lynn and West Norfolk,E07000146,28,17.18,11.4,21.56,17.0,12.66,13.58,14.01,14.88,15.91,20.05,22.66,23.66,x,x,,,,,,,,
  North Norfolk,E07000147,18,15.35,-0.1,20.03,5.1,12.21,13.26,13.70,14.03,14.82,17.55,20.70,x,x,x,,,,,,,,
  Norwich,E07000148,34,17.41,16.8,24.95,34.2,12.43,13.04,13.65,13.97,15.45,18.40,22.02,24.20,27.21,x,,,,,,,,
  South Norfolk,E07000149,38,19.56,4.9,23.62,-1.5,12.26,13.52,14.58,15.25,17.24,23.33,27.28,29.20,30.14,x,,,,,,,,
Suffolk,E10000029,172,18.30,4.8,22.38,5.6,12.46,13.30,13.88,14.61,16.14,20.53,23.63,25.33,27.01,35.04,,,,,,,,
  Babergh,E07000200,19,16.80,-5.1,21.90,-6.4,12.50,13.02,13.40,13.71,14.74,18.89,23.84,25.27,x,x,,,,,,,,
  Ipswich,E07000202,38,17.30,-2.3,21.03,1.6,12.31,12.80,13.28,13.92,15.36,19.25,21.74,23.48,25.84,x,,,,,,,,
  Mid Suffolk,E07000203,24,18.88,3.8,23.55,7.4,12.82,13.51,14.27,15.00,17.22,20.57,23.83,25.40,x,x,,,,,,,,
  East Suffolk,E07000244,52,18.11,13.0,21.74,9.1,12.45,13.68,14.37,15.09,16.31,21.41,24.18,25.32,26.54,x,,,,,,,,
  West Suffolk,E07000245,39,18.94,6.2,24.05,11.1,12.42,13.44,14.13,14.73,16.36,21.29,24.38,26.41,28.27,x,,,,,,,,
London ,E12000007,"1,809",22.39,3.8,30.75,5.1,13.00,14.65,15.61,16.62,19.22,26.51,31.81,35.46,39.25,52.94,,,,,,,,
Inner London,E13000001,726,24.04,8.2,34.20,8.7,13.33,15.23,16.24,17.47,20.50,28.86,34.07,38.17,42.64,60.48,,,,,,,,
  Camden,E09000007,45,26.37,16.6,37.50,4.5,13.43,15.71,16.83,18.66,21.93,31.13,36.54,39.95,x,x,,,,,,,,
  City of London,E09000001,x,x,,57.86,52.4,x,x,x,x,x,x,x,x,x,x,,,,,,,,
  Hackney,E09000012,52,24.23,4.9,30.48,2.6,13.21,14.63,15.39,16.01,19.23,29.14,32.80,36.46,41.58,x,,,,,,,,
  Hammersmith and Fulham,E09000013,42,24.70,0.3,35.69,9.2,13.79,15.74,17.05,19.19,22.12,31.16,36.27,42.31,x,x,,,,,,,,
  Haringey,E09000014,52,22.67,11.0,28.90,3.2,12.95,14.64,16.10,17.12,19.91,27.28,31.18,33.79,37.35,x,,,,,,,,
  Islington,E09000019,44,25.99,5.5,x,,14.37,16.47,17.76,19.44,22.91,31.67,36.13,40.20,x,x,,,,,,,,
  Kensington and Chelsea,E09000020,21,29.53,4.5,58.35,9.5,14.53,16.55,17.77,19.15,24.02,x,x,x,x,x,,,,,,,,
  Lambeth,E09000022,75,23.94,5.1,30.97,5.3,13.80,15.90,16.68,17.95,20.55,27.85,33.23,36.68,38.89,x,,,,,,,,
  Lewisham,E09000023,66,20.88,4.1,27.71,-4.2,13.09,14.79,15.58,16.48,18.40,24.14,30.61,33.97,37.09,x,,,,,,,,
  Newham,E09000025,78,18.68,3.3,26.21,8.6,12.61,13.69,14.15,14.95,16.40,22.23,27.35,29.61,33.14,x,,,,,,,,
  Southwark,E09000028,71,24.49,10.0,32.30,12.7,13.20,15.40,16.66,18.82,21.36,28.74,34.78,39.25,44.83,x,,,,,,,,
  Tower Hamlets,E09000030,70,23.97,10.4,33.48,14.7,13.09,15.00,16.16,17.49,20.85,29.14,35.80,39.04,44.35,x,,,,,,,,
  Wandsworth,E09000032,65,28.68,10.8,38.26,14.2,14.73,17.97,19.73,21.53,25.81,34.31,40.24,43.28,48.09,x,,,,,,,,
  Westminster,E09000033,39,26.10,8.9,37.64,-15.7,13.32,15.08,16.39,18.34,20.30,29.18,33.47,x,x,x,,,,,,,,
Outer London,E13000002,"1,084",21.40,1.4,28.47,2.5,12.81,14.32,15.21,16.23,18.39,25.10,30.29,33.67,37.49,49.20,,,,,,,,
  Barking and Dagenham,E09000002,38,17.56,4.6,20.85,3.9,12.58,13.31,13.84,14.17,15.68,18.80,21.00,22.20,24.58,x,,,,,,,,
  Barnet,E09000003,70,23.00,5.1,29.63,2.0,13.02,14.97,15.79,17.12,20.00,27.37,30.71,34.81,39.17,x,,,,,,,,
  Bexley,E09000004,49,21.72,0.4,26.58,5.0,13.05,14.44,16.07,16.81,19.47,25.30,28.65,31.01,33.55,x,,,,,,,,
  Brent,E09000005,67,17.87,-3.8,24.92,-3.5,12.49,13.52,13.94,14.52,16.12,20.88,25.29,28.86,32.09,x,,,,,,,,
  Bromley,E09000006,69,25.47,0.7,34.03,4.9,13.58,15.90,16.89,17.98,21.73,29.54,34.12,37.32,43.33,x,,,,,,,,
  Croydon,E09000008,84,20.40,-5.4,24.93,-2.0,12.71,14.04,15.00,15.55,17.41,23.38,27.58,30.45,33.57,x,,,,,,,,
  Ealing,E09000009,76,19.60,3.3,26.57,6.6,12.75,13.94,14.40,15.33,16.77,22.99,27.78,33.46,35.07,x,,,,,,,,
  Enfield,E09000010,63,18.41,-5.4,25.03,,12.37,13.65,14.00,14.88,16.73,21.42,24.46,28.89,33.68,x,,,,,,,,
  Greenwich,E09000011,70,21.37,1.1,30.07,9.1,13.40,14.74,15.75,16.53,19.04,25.31,31.11,34.42,37.96,x,,,,,,,,
  Harrow,E09000015,50,21.47,-1.2,29.54,12.9,12.75,14.20,14.76,16.13,18.48,25.65,32.72,37.04,41.18,x,,,,,,,,
  Havering,E09000016,48,22.70,4.5,27.39,3.4,13.15,14.98,16.16,17.79,20.27,27.07,30.99,34.76,37.59,x,,,,,,,,
  Hillingdon,E09000017,65,20.13,2.7,26.90,7.8,12.89,14.03,14.83,15.80,17.93,24.71,30.15,33.67,38.16,x,,,,,,,,
  Hounslow,E09000018,60,19.30,1.4,25.80,3.5,12.54,14.10,14.97,15.71,17.18,22.24,25.15,28.93,32.78,x,,,,,,,,
  Kingston upon Thames,E09000021,35,26.37,9.1,33.99,7.8,13.27,16.35,17.29,18.67,22.61,31.30,35.64,37.41,x,x,,,,,,,,
  Merton,E09000024,45,25.76,12.5,33.25,10.6,13.27,15.41,16.61,18.07,21.67,30.58,36.03,41.87,46.36,x,,,,,,,,
  Redbridge,E09000026,57,24.03,7.9,31.09,7.8,12.71,14.43,15.44,16.22,19.87,27.48,32.36,37.16,40.21,x,,,,,,,,
  Richmond upon Thames,E09000027,35,27.03,2.1,42.13,-1.9,12.81,16.33,17.51,19.06,22.11,33.50,40.83,45.82,x,x,,,,,,,,
  Sutton,E09000029,44,21.98,1.6,27.81,5.4,12.50,14.56,15.55,16.46,18.71,24.94,29.95,31.90,37.02,x,,,,,,,,
  Waltham Forest,E09000031,57,22.10,2.8,28.17,8.4,12.52,14.38,15.41,16.63,18.81,25.56,31.19,35.36,36.98,x,,,,,,,,
South East ,E12000008,"2,062",20.91,2.7,26.75,4.5,12.76,14.24,15.08,16.03,18.25,23.99,28.08,30.83,34.54,45.78,,,,,,,,
Bracknell Forest UA,E06000036,30,21.48,-4.1,26.80,2.6,12.86,15.08,15.94,16.83,19.17,24.87,29.16,32.93,x,x,,,,,,,,
Brighton and Hove UA,E06000043,64,21.08,-3.0,26.67,4.6,12.52,14.23,15.13,15.96,18.60,24.19,28.36,31.03,34.66,x,,,,,,,,
Buckinghamshire UA,E06000060,113,21.77,0.0,28.40,3.7,12.54,14.03,14.78,15.89,18.80,25.01,30.07,33.95,38.64,x,,,,,,,,
Isle of Wight UA,E06000046,23,16.37,0.7,20.18,6.9,12.36,13.43,13.81,14.00,15.15,17.86,20.66,21.87,x,x,,,,,,,,
Medway UA,E06000035,62,19.63,5.9,23.38,5.2,12.50,13.80,14.51,15.36,17.25,21.73,24.57,26.29,28.78,x,,,,,,,,
Milton Keynes UA,E06000042,71,20.72,2.8,25.97,6.0,12.73,14.07,14.93,15.97,17.75,24.32,28.88,31.57,34.89,x,,,,,,,,
Portsmouth UA,E06000044,42,17.99,5.2,21.67,6.2,12.40,13.43,13.85,14.34,16.04,20.49,23.05,24.84,26.29,x,,,,,,,,
Reading UA,E06000038,50,20.80,-3.2,25.86,1.3,12.66,13.68,14.84,16.07,18.94,26.20,29.35,31.73,36.28,x,,,,,,,,
Slough UA,E06000039,35,17.82,-3.3,22.54,0.6,13.15,14.07,14.41,15.28,17.01,21.59,23.67,25.75,28.23,x,,,,,,,,
Southampton UA,E06000045,60,18.26,6.0,21.38,1.1,12.61,13.47,13.84,14.74,16.40,19.89,22.74,24.16,25.98,x,,,,,,,,
West Berkshire UA,E06000037,36,21.60,-0.2,28.02,3.8,12.84,14.97,16.13,17.27,18.99,24.59,30.92,35.63,39.38,x,,,,,,,,
Windsor and Maidenhead UA,E06000040,32,23.15,8.3,34.05,16.8,12.80,14.07,15.17,16.41,19.58,27.74,38.32,41.83,x,x,,,,,,,,
Wokingham UA,E06000041,44,27.05,0.8,34.10,-5.8,13.48,15.45,17.24,19.27,22.94,29.89,38.41,41.00,45.49,x,,,,,,,,
East Sussex,E10000011,103,18.57,3.8,24.20,7.8,12.48,13.42,14.06,14.78,16.61,22.05,24.70,25.86,28.73,x,,,,,,,,
  Eastbourne,E07000061,19,17.59,-0.8,21.25,-0.2,12.36,13.35,13.85,14.54,15.76,18.66,22.95,25.46,x,x,,,,,,,,
  Hastings,E07000062,19,16.76,1.2,18.81,0.8,12.35,12.94,13.44,14.00,15.03,17.87,19.39,22.15,x,x,,,,,,,,
  Lewes,E07000063,18,21.58,9.4,24.02,4.6,12.71,14.08,14.89,15.82,18.48,23.21,25.60,27.77,x,x,,,,,,,,
  Rother,E07000064,15,16.81,-0.1,23.94,11.1,x,13.18,13.42,13.50,15.07,19.93,x,x,x,x,,,,,,,,
  Wealden,E07000065,32,22.31,14.7,29.53,14.4,12.50,13.93,14.54,16.28,19.07,24.91,27.90,29.79,x,x,,,,,,,,
Hampshire,E10000014,333,21.43,2.2,26.63,5.3,12.96,14.67,15.50,16.45,18.78,24.45,28.75,31.27,34.49,45.13,,,,,,,,
  Basingstoke and Deane,E07000084,46,21.95,1.3,28.05,2.2,13.19,14.71,15.24,16.32,19.59,26.09,29.83,33.12,35.69,x,,,,,,,,
  East Hampshire,E07000085,26,23.93,8.5,29.39,9.5,13.06,15.35,16.95,18.21,21.88,26.87,32.28,35.49,40.25,x,,,,,,,,
  Eastleigh,E07000086,38,21.85,2.1,25.25,3.9,12.84,14.64,15.17,16.01,18.45,25.68,29.28,30.76,33.50,x,,,,,,,,
  Fareham,E07000087,26,22.78,2.6,28.53,12.9,13.21,15.37,16.12,17.03,19.78,25.96,x,x,x,x,,,,,,,,
  Gosport,E07000088,19,18.98,6.5,21.73,10.4,12.50,14.08,14.75,15.56,17.06,21.05,22.48,23.96,x,x,,,,,,,,
  Hart,E07000089,27,25.69,0.8,31.84,8.1,12.54,15.58,18.12,18.89,22.26,28.35,34.10,x,x,x,,,,,,,,
  Havant,E07000090,22,18.98,1.0,22.61,0.7,13.07,14.38,15.13,15.58,17.12,21.46,24.28,26.31,x,x,,,,,,,,
  New Forest,E07000091,37,20.50,9.3,24.60,5.5,12.69,14.49,15.33,15.99,17.63,23.28,26.64,29.03,31.32,x,,,,,,,,
  Rushmoor,E07000092,27,18.03,-7.2,22.26,-2.6,12.41,13.13,13.55,14.47,16.26,20.03,22.37,23.72,x,x,,,,,,,,
  Test Valley,E07000093,35,20.47,10.0,25.65,6.5,12.92,14.94,15.47,16.50,18.22,23.81,27.83,30.96,33.77,x,,,,,,,,
  Winchester,E07000094,33,23.20,4.3,31.10,10.0,13.06,16.30,17.47,18.24,20.12,26.18,33.52,35.55,x,x,,,,,,,,
Kent,E10000016,329,20.03,3.5,25.26,6.9,12.60,13.86,14.65,15.69,17.67,23.03,27.01,29.06,33.13,43.15,,,,,,,,
  Ashford,E07000105,30,18.63,-2.0,23.00,1.5,12.50,13.64,14.13,14.88,16.81,21.87,24.49,26.86,28.81,x,,,,,,,,
  Canterbury,E07000106,33,19.19,-5.5,23.75,0.7,12.43,13.21,14.13,15.05,16.93,22.11,26.22,28.15,30.69,x,,,,,,,,
  Dartford,E07000107,30,21.24,5.3,28.36,15.5,12.88,15.28,16.62,17.87,19.00,26.25,29.62,31.94,x,x,,,,,,,,
  Dover,E07000108,22,19.75,2.8,23.47,6.2,12.30,13.75,15.05,15.78,17.48,22.74,26.52,28.37,x,x,,,,,,,,
  Gravesham,E07000109,21,19.87,8.6,23.83,9.7,12.66,14.37,15.71,16.59,17.90,22.13,28.10,28.32,x,x,,,,,,,,
  Maidstone,E07000110,42,19.91,5.4,23.82,7.6,12.60,13.70,14.16,15.04,17.20,22.99,26.19,28.68,31.93,x,,,,,,,,
  Sevenoaks,E07000111,22,21.68,-4.4,30.86,-0.2,12.46,14.70,15.63,17.12,19.82,26.21,x,x,x,x,,,,,,,,
  Folkestone and Hythe,E07000112,21,20.89,9.8,23.48,10.3,12.67,13.51,14.41,16.43,19.07,22.85,26.46,27.62,x,x,,,,,,,,
  Swale,E07000113,32,19.29,8.7,22.99,8.3,12.74,13.86,14.57,15.30,16.85,20.90,23.80,26.01,x,x,,,,,,,,
  Thanet,E07000114,23,16.73,-1.7,20.84,0.8,12.25,12.94,13.20,13.66,15.17,19.05,22.53,23.86,x,x,,,,,,,,
  Tonbridge and Malling,E07000115,29,20.78,6.8,28.06,12.7,13.06,14.18,14.98,15.91,17.70,23.16,33.28,36.08,x,x,,,,,,,,
  Tunbridge Wells,E07000116,24,25.19,1.9,32.71,12.2,12.72,13.92,15.45,15.98,20.53,29.11,37.58,x,x,x,,,,,,,,
Oxfordshire,E10000025,182,21.80,2.4,27.32,6.5,13.20,14.99,16.02,17.19,19.37,24.78,28.75,32.22,35.95,45.77,,,,,,,,
  Cherwell,E07000177,38,20.75,3.9,24.31,3.4,13.27,14.78,15.40,16.27,18.17,23.09,25.58,27.32,30.05,x,,,,,,,,
  Oxford,E07000178,36,20.92,1.4,26.14,-2.8,13.43,14.70,15.86,17.28,18.99,23.98,27.58,31.69,33.71,x,,,,,,,,
  South Oxfordshire,E07000179,38,23.87,11.5,32.01,12.7,13.12,15.58,16.49,18.25,20.85,28.04,33.39,35.97,x,x,,,,,,,,
  Vale of White Horse,E07000180,43,21.89,0.5,27.66,9.0,13.13,15.27,16.94,17.75,19.52,24.84,30.29,35.67,38.06,x,,,,,,,,
  West Oxfordshire,E07000181,27,21.56,0.9,26.24,9.6,12.88,14.93,15.52,16.40,18.27,24.53,27.09,29.77,x,x,,,,,,,,
Surrey,E10000030,259,24.32,3.6,32.87,1.7,13.49,15.58,16.58,17.89,20.78,28.17,33.04,36.75,41.00,56.04,,,,,,,,
  Elmbridge,E07000207,28,26.61,-0.1,46.60,-8.6,13.84,15.74,16.12,18.37,21.54,31.06,x,x,x,x,,,,,,,,
  Epsom and Ewell,E07000208,17,25.44,15.9,34.37,27.0,14.31,16.66,17.46,18.14,21.35,28.87,x,x,x,x,,,,,,,,
  Guildford,E07000209,33,25.13,9.4,34.92,18.1,13.48,16.10,17.85,18.64,21.69,29.02,34.58,37.93,x,x,,,,,,,,
  Mole Valley,E07000210,16,20.58,-19.3,29.96,-1.6,12.33,14.21,15.01,15.48,17.43,29.30,x,x,x,x,,,,,,,,
  Reigate and Banstead,E07000211,31,24.95,8.6,30.86,-4.7,13.48,16.21,17.44,18.96,21.58,27.71,33.23,x,x,x,,,,,,,,
  Runnymede,E07000212,18,26.03,13.4,30.30,1.8,13.93,15.98,18.02,18.79,21.89,29.41,33.69,37.74,x,x,,,,,,,,
  Spelthorne,E07000213,24,20.52,-4.8,25.69,-3.6,13.16,15.19,15.89,16.69,18.00,22.50,26.54,31.53,x,x,,,,,,,,
  Surrey Heath,E07000214,19,23.92,0.3,x,,12.58,14.73,15.94,17.17,20.21,28.27,x,x,x,x,,,,,,,,
  Tandridge,E07000215,17,23.03,14.8,27.37,15.0,14.40,15.69,16.56,17.20,18.68,26.59,29.85,30.40,x,x,,,,,,,,
  Waverley,E07000216,29,26.39,4.6,34.28,3.9,13.49,16.46,17.67,18.85,23.22,29.96,37.52,x,x,x,,,,,,,,
  Woking,E07000217,25,22.89,4.4,26.47,-7.5,12.81,14.38,14.88,16.03,19.07,25.57,28.08,30.40,x,x,,,,,,,,
West Sussex,E10000032,195,19.25,1.3,24.22,3.4,12.59,13.72,14.31,15.02,16.77,22.28,25.21,27.60,30.72,42.15,,,,,,,,
  Adur,E07000223,11,15.21,-6.1,21.88,11.1,12.21,12.71,12.97,13.53,14.13,x,x,x,x,x,,,,,,,,
  Arun,E07000224,33,17.29,-5.7,21.64,1.8,12.51,13.59,13.91,14.42,15.65,20.13,22.62,24.01,26.61,x,,,,,,,,
  Chichester,E07000225,24,18.18,0.2,22.90,2.8,x,13.16,13.50,13.81,15.58,21.31,24.91,26.32,x,x,,,,,,,,
  Crawley,E07000226,27,18.93,2.5,24.76,4.0,12.61,13.70,14.92,15.46,17.58,22.29,24.73,27.63,x,x,,,,,,,,
  Horsham,E07000227,35,21.53,4.1,26.61,5.1,13.12,14.86,15.28,16.39,18.40,24.57,27.29,29.24,x,x,,,,,,,,
  Mid Sussex,E07000228,40,20.77,-1.4,26.49,-0.1,12.85,14.48,15.14,15.93,18.70,23.29,27.08,29.49,x,x,,,,,,,,
  Worthing,E07000229,25,18.31,4.8,22.44,7.1,12.38,13.56,13.90,14.44,16.52,20.36,23.98,25.95,x,x,,,,,,,,
South West ,E12000009,"1,222",18.55,3.5,22.90,5.3,12.57,13.65,14.31,14.95,16.43,21.11,24.62,26.84,29.53,38.33,,,,,,,,
Bath and North East Somerset UA,E06000022,40,20.97,5.5,29.14,11.3,12.71,13.83,14.72,15.61,18.77,25.24,30.95,36.63,x,x,,,,,,,,
"Bournemouth, Christchurch and Poole UA",E06000058,85,18.09,1.6,23.29,11.6,12.50,13.67,14.33,14.89,16.19,20.87,23.94,25.80,28.79,x,,,,,,,,
"Bristol, City of UA",E06000023,119,20.52,7.1,24.58,9.1,12.98,14.42,15.14,16.03,18.07,23.30,26.45,29.13,31.79,40.17,,,,,,,,
Dorset UA,E06000059,76,18.19,9.2,22.05,5.7,12.50,13.52,14.39,14.90,15.96,20.18,23.30,25.17,27.94,x,,,,,,,,
North Somerset UA,E06000024,53,20.56,3.1,25.14,6.8,12.68,14.34,15.01,16.13,18.95,24.13,28.20,30.50,33.49,x,,,,,,,,
Plymouth UA,E06000026,59,17.41,1.2,20.54,3.6,12.54,13.22,13.76,14.16,15.72,19.09,21.08,22.78,24.81,x,,,,,,,,
South Gloucestershire UA,E06000025,82,20.79,2.7,23.90,1.3,12.78,14.17,14.71,15.56,17.81,23.65,26.71,28.32,30.98,x,,,,,,,,
Swindon UA,E06000030,62,20.10,8.6,23.92,5.8,12.75,14.18,15.05,15.50,17.31,23.38,26.98,28.34,30.78,x,,,,,,,,
Torbay UA,E06000027,27,15.24,2.3,19.27,3.6,12.21,12.74,12.93,13.32,14.16,16.99,20.23,22.33,x,x,,,,,,,,
Cornwall UA,E06000052,105,16.68,0.9,19.33,2.7,12.21,12.79,13.17,13.76,15.00,18.29,20.52,21.89,24.01,29.94,,,,,,,,
Isles of Scilly ,E06000053,x,x,,18.18,14.8,x,x,x,x,x,x,x,x,x,x,,,,,,,,
Wiltshire UA,E06000054,111,19.12,1.8,24.79,-1.2,12.64,13.84,14.50,15.19,17.03,22.08,26.46,29.10,32.34,x,,,,,,,,
Devon,E10000008,145,17.28,3.0,21.11,5.0,12.50,13.41,14.00,14.57,15.78,19.65,22.55,24.25,26.46,33.78,,,,,,,,
  East Devon,E07000040,25,20.01,6.3,24.00,8.6,12.71,13.85,14.71,15.47,17.13,22.93,26.36,x,x,x,,,,,,,,
  Exeter,E07000041,25,16.64,-0.6,21.29,-1.6,12.60,13.32,13.87,14.04,15.17,18.94,21.31,24.05,x,x,,,,,,,,
  Mid Devon,E07000042,14,17.54,6.4,20.07,6.6,12.51,14.23,14.55,14.89,15.90,18.37,20.97,x,x,x,,,,,,,,
  North Devon,E07000043,16,15.91,9.9,17.97,7.0,12.21,12.61,12.88,13.31,14.47,17.76,18.78,20.12,x,x,,,,,,,,
  South Hams,E07000044,14,17.16,1.1,22.24,0.2,12.29,13.02,13.46,14.09,15.47,20.05,23.29,x,x,x,,,,,,,,
  Teignbridge,E07000045,28,17.00,-0.6,21.55,8.5,12.49,13.72,14.47,14.89,15.72,20.04,22.51,24.28,x,x,,,,,,,,
  Torridge,E07000046,12,16.50,6.7,19.16,4.0,13.00,13.62,14.03,14.32,15.04,19.23,20.65,x,x,x,,,,,,,,
  West Devon,E07000047,12,17.32,-0.6,20.10,5.4,x,13.69,13.99,14.50,15.43,19.65,24.21,x,x,x,,,,,,,,
Gloucestershire,E10000013,141,20.00,5.9,23.82,4.9,12.83,14.28,14.97,15.59,17.32,22.78,27.11,29.32,32.23,40.74,,,,,,,,
  Cheltenham,E07000078,29,22.15,3.7,25.54,3.8,13.22,14.81,15.30,16.07,18.69,26.69,30.24,34.08,35.78,x,,,,,,,,
  Cotswold,E07000079,16,21.67,20.3,26.08,3.1,12.59,14.30,14.80,15.45,18.31,25.99,x,x,x,x,,,,,,,,
  Forest of Dean,E07000080,18,18.70,15.0,22.00,12.8,12.73,13.77,14.79,15.29,16.98,22.01,23.48,25.76,x,x,,,,,,,,
  Gloucester,E07000081,28,18.43,3.2,22.01,2.9,12.46,13.66,14.88,15.54,17.25,20.57,23.21,25.93,x,x,,,,,,,,
  Stroud,E07000082,25,19.57,4.8,23.47,9.4,13.09,14.24,14.81,15.16,16.52,20.85,24.99,27.76,x,x,,,,,,,,
  Tewkesbury,E07000083,25,21.31,2.3,24.15,0.3,12.85,14.12,14.84,15.62,17.77,23.52,28.66,29.68,31.24,x,,,,,,,,
Somerset UA,E06000066,116,17.44,2.6,21.78,5.3,12.46,13.38,13.81,14.40,15.50,19.79,23.05,24.76,27.33,x,,,,,,,,
Wales  ,W92000004,643,18.01,6.5,21.59,7.8,12.50,13.47,14.03,14.68,16.10,20.29,23.34,25.04,27.35,34.56,,,,,,,,
Isle of Anglesey / Ynys Môn,W06000001,13,16.98,2.9,19.29,1.7,12.59,13.43,13.99,14.46,15.47,18.42,19.56,21.55,x,x,,,,,,,,
Gwynedd / Gwynedd,W06000002,23,15.90,7.4,19.57,9.5,12.27,12.60,12.95,13.29,14.00,18.22,20.59,22.88,x,x,,,,,,,,
Conwy / Conwy,W06000003,24,18.12,9.5,23.09,3.6,12.21,12.93,13.86,14.77,15.51,21.19,24.29,26.58,29.45,x,,,,,,,,
Denbighshire / Sir Ddinbych,W06000004,18,16.77,19.1,20.45,14.8,12.25,12.48,13.03,13.51,14.44,18.38,21.52,x,x,x,,,,,,,,
Flintshire / Sir y Fflint,W06000005,35,19.35,3.4,22.21,5.1,12.40,13.58,14.25,15.09,17.05,22.96,25.44,27.04,29.54,x,,,,,,,,
Wrexham / Wrecsam,W06000006,25,16.62,0.8,19.26,3.2,12.46,13.35,13.94,14.42,15.27,19.09,21.83,22.77,23.78,x,,,,,,,,
Powys / Powys,W06000023,20,16.88,8.0,19.95,6.7,12.58,13.50,13.91,14.50,15.30,19.11,22.04,22.87,x,x,,,,,,,,
Ceredigion / Ceredigion,W06000008,14,16.24,3.9,19.45,-0.2,x,12.60,13.13,13.33,14.39,17.34,x,x,x,x,,,,,,,,
Pembrokeshire / Sir Benfro,W06000009,23,17.54,4.4,20.66,10.8,12.26,13.34,13.91,14.42,15.66,19.57,21.56,23.01,26.27,x,,,,,,,,
Carmarthenshire / Sir Gaerfyrddin,W06000010,31,18.29,14.0,22.21,15.1,12.50,13.48,14.12,15.03,16.03,19.98,23.04,25.14,x,x,,,,,,,,
Swansea / Abertawe,W06000011,55,17.77,13.6,21.62,13.7,12.31,13.03,13.54,14.29,15.75,20.32,22.44,24.87,27.42,x,,,,,,,,
Neath Port Talbot / Castell-nedd Port Talbot,W06000012,29,17.46,-0.2,19.92,3.8,12.81,13.67,14.43,14.80,15.81,19.20,22.54,23.84,25.25,x,,,,,,,,
Bridgend / Pen-y-bont ar Ogwr,W06000013,32,19.04,6.0,22.02,6.1,13.07,14.12,14.71,15.02,17.70,20.61,23.30,25.00,26.74,x,,,,,,,,
Vale of Glamorgan / Bro Morgannwg,W06000014,28,20.09,4.7,25.78,12.3,12.48,13.38,13.78,14.45,16.48,24.33,27.35,30.24,x,x,,,,,,,,
Cardiff / Caerdydd,W06000015,84,18.25,5.9,22.32,7.9,12.75,13.77,14.34,15.04,16.36,21.03,24.23,25.58,28.85,x,,,,,,,,
Rhondda Cynon Taf / Rhondda Cynon Taf,W06000016,47,17.35,5.7,20.48,6.5,12.60,13.68,14.06,14.59,15.59,18.92,20.93,23.05,25.12,x,,,,,,,,
Merthyr Tydfil / Merthyr Tudful,W06000024,14,18.25,9.1,23.21,18.6,12.45,13.87,14.37,14.59,16.57,20.83,24.49,x,x,x,,,,,,,,
Caerphilly / Caerffili,W06000018,38,19.13,4.3,21.37,5.4,12.63,13.80,14.51,15.16,16.72,20.92,23.80,24.83,25.93,x,,,,,,,,
Blaenau Gwent / Blaenau Gwent,W06000019,14,17.31,1.4,19.41,9.5,12.54,13.43,14.27,14.90,15.95,19.88,22.65,23.14,x,x,,,,,,,,
Torfaen / Torfaen,W06000020,23,17.93,6.6,22.35,11.0,13.23,14.25,14.61,14.99,16.48,19.51,22.63,25.30,x,x,,,,,,,,
Monmouthshire / Sir Fynwy,W06000021,22,21.30,5.4,25.39,-1.6,12.55,13.90,15.17,16.60,19.15,25.89,29.23,31.16,x,x,,,,,,,,
Newport / Casnewydd,W06000022,33,18.52,10.7,21.17,6.4,12.41,12.99,13.92,14.70,16.50,19.76,21.86,23.78,25.32,x,,,,,,,,
Scotland ,S92000003,"1,172",19.52,5.4,24.03,8.9,12.60,13.86,14.50,15.33,17.26,22.26,26.00,27.78,30.12,39.00,,,,,,,,
Aberdeen City,S12000033,53,18.65,10.8,23.99,10.9,12.50,13.68,14.14,14.69,16.35,21.76,26.21,28.93,30.66,x,,,,,,,,
Aberdeenshire,S12000034,52,19.80,5.3,24.48,3.6,12.58,14.03,14.73,15.92,17.92,22.67,26.01,27.65,31.21,x,,,,,,,,
Angus,S12000041,23,19.29,4.1,21.68,3.1,12.62,13.90,14.87,15.52,17.08,20.81,23.92,26.85,28.04,x,,,,,,,,
Argyll and Bute,S12000035,15,17.68,2.8,23.44,13.3,12.48,13.63,14.69,15.57,16.71,20.78,23.76,x,x,x,,,,,,,,
Clackmannanshire,S12000005,11,20.67,-0.9,22.56,-2.0,x,15.01,15.45,15.85,18.46,22.01,24.32,x,x,x,,,,,,,,
Dumfries and Galloway,S12000006,27,16.54,1.2,20.98,9.8,12.56,13.25,13.97,14.46,15.00,18.83,21.20,24.36,x,x,,,,,,,,
Dundee City,S12000042,34,17.55,0.9,21.05,8.9,12.44,12.96,13.28,13.94,15.23,19.17,21.47,23.24,25.21,x,,,,,,,,
East Ayrshire,S12000008,25,17.98,3.3,20.70,2.8,12.33,13.16,13.62,14.06,15.83,19.77,22.83,25.24,26.49,x,,,,,,,,
East Dunbartonshire,S12000045,27,25.07,8.5,33.49,16.6,13.19,15.92,16.81,18.08,20.93,29.12,35.39,x,x,x,,,,,,,,
East Lothian,S12000010,28,18.66,0.3,25.46,4.7,12.61,13.82,14.33,15.18,16.41,20.76,24.72,26.90,33.63,x,,,,,,,,
East Renfrewshire,S12000011,22,25.14,11.0,32.83,17.5,12.60,15.05,16.49,18.09,23.46,27.94,35.12,x,x,x,,,,,,,,
City of Edinburgh,S12000036,117,21.87,8.1,28.25,13.0,12.81,14.07,15.03,16.35,18.80,26.27,30.93,34.55,38.41,x,,,,,,,,
Falkirk,S12000014,35,17.36,1.4,21.15,5.5,12.53,13.34,13.96,14.56,16.27,19.41,21.71,24.40,25.39,x,,,,,,,,
Fife,S12000047,78,19.31,7.4,22.28,2.2,12.60,13.56,14.44,15.28,16.70,21.17,24.25,25.88,27.07,x,,,,,,,,
Glasgow City,S12000049,130,19.04,6.0,23.88,12.1,12.60,13.68,14.40,15.06,16.70,22.25,26.25,27.70,29.18,35.59,,,,,,,,
Highland,S12000017,49,18.20,3.1,21.35,5.8,12.55,14.00,14.41,14.70,16.29,20.64,23.36,26.16,27.71,x,,,,,,,,
Inverclyde,S12000018,13,17.62,15.0,20.02,2.2,12.54,13.61,14.00,14.60,15.62,19.59,20.58,x,x,x,,,,,,,,
Midlothian,S12000019,25,20.11,3.7,24.74,9.2,12.86,14.30,14.72,15.72,17.82,23.59,26.93,28.93,x,x,,,,,,,,
Moray,S12000020,16,18.00,17.2,22.03,11.1,12.29,13.28,13.73,14.41,15.86,20.28,25.78,x,x,x,,,,,,,,
Na h-Eileanan Siar,S12000013,5,x,,21.55,0.2,x,14.48,14.79,15.84,16.66,24.71,x,x,x,x,,,,,,,,
North Ayrshire,S12000021,22,19.57,10.5,21.68,5.8,12.60,13.77,14.36,15.26,17.00,21.92,24.02,25.98,x,x,,,,,,,,
North Lanarkshire,S12000050,75,19.59,5.2,22.16,7.1,12.60,14.28,15.00,15.79,17.72,21.97,25.37,26.35,28.05,x,,,,,,,,
Orkney Islands,S12000023,6,20.27,4.1,23.26,0.2,x,14.64,15.27,17.83,18.50,21.32,x,x,x,x,,,,,,,,
Perth and Kinross,S12000048,40,19.16,1.3,23.73,2.8,12.50,13.63,14.05,14.48,16.92,22.33,26.21,28.62,31.17,x,,,,,,,,
Renfrewshire,S12000038,41,20.63,17.7,24.41,13.2,12.92,14.15,14.85,15.93,17.57,23.32,28.66,29.86,32.96,x,,,,,,,,
Scottish Borders,S12000026,23,16.57,8.3,19.88,8.3,12.58,13.11,13.68,14.25,15.25,18.81,20.53,21.76,x,x,,,,,,,,
Shetland Islands,S12000027,6,19.36,2.0,23.16,15.9,x,x,15.31,16.38,17.60,21.70,x,x,x,x,,,,,,,,
South Ayrshire,S12000028,23,20.40,-6.9,23.39,0.7,12.50,14.00,14.54,15.36,17.52,23.78,26.52,27.68,29.07,x,,,,,,,,
South Lanarkshire,S12000029,72,19.80,7.1,25.02,14.1,12.58,14.16,15.09,15.77,17.90,23.14,27.03,28.59,32.12,x,,,,,,,,
Stirling,S12000030,22,21.49,16.9,29.50,21.3,12.55,13.64,14.32,15.43,18.31,26.43,x,x,x,x,,,,,,,,
West Dunbartonshire,S12000039,18,20.65,10.9,22.84,13.1,12.59,14.04,14.85,16.41,18.42,22.76,26.13,27.36,29.07,x,,,,,,,,
West Lothian,S12000040,42,20.37,4.0,24.10,7.0,12.62,14.21,15.41,16.27,19.07,22.55,24.44,26.43,28.50,x,,,,,,,,
Northern Ireland ,N92000002,542,17.12,7.6,21.39,7.8,12.32,13.20,13.71,14.27,15.52,19.43,22.41,24.30,26.68,33.21,,,,,,,,
Not Classified,,107,18.58,6.2,26.24,14.5,12.25,13.03,13.68,14.38,15.93,21.77,25.78,27.99,31.08,x,,,,,,,,
a  Employees on adult rates whose pay for the survey pay-period was not affected by absence. ,,,,,,,,,,,,,,,,,,,,,,,,
b  Figures for Number of Jobs are for indicative purposes only and should not be considered an accurate estimate of employee job counts.,,,,,,,,,,,,,,,,,,,,,,,,
"KEY - The colour coding indicates the quality of each estimate;  jobs, median, mean and percentiles but not the annual percentage change. ",,,,,,,,,,,,,,,,,,,,,,,,
"The quality of an estimate is measured by its coefficient of variation (CV), which is the ratio of the standard error of an estimate to the estimate.",,,,,,,,,,,,,,,,,,,,,,,,
"Source: Annual Survey of Hours and Earnings, Office for National Statistics.",,,,,,,,,,,,,,,,,,,,,,,,
