"time_period","time_identifier","geographic_level","country_code","country_name","region_code","region_name","lad_code","lad_name","version","level_methodology","establishment_type_group","t_schools","t_pupils","t_att8","avg_att8","t_entbasics","pt_entbasics","t_l2basics_95","pt_l2basics_95","t_l2basics_94","pt_l2basics_94","t_ebacc_e_ptq_ee","pt_ebacc_e_ptq_ee","t_ebacc_95","pt_ebacc_95","t_ebacc_94","pt_ebacc_94","t_ebaccaps","avg_ebaccaps","t_inp8calc","t_p8score","avg_p8score","p8score_ci_low","p8score_ci_upp"
"202324","Academic year","National","E92000001","England","","","","","Revised","Pupil residency","State-funded schools (LA)",4085,623370,28748860.93,46.1,599599,96.2,288184,46.2,407618,65.4,252982,40.6,112898,18.1,158514,25.4,2549492.85,4.09,585836,"-16839.249","-0.03","-0.03","-0.03"
"202324","Academic year","Regional","E92000001","England","E12000001","North East","","","Revised","Pupil residency","State-funded schools (LA)",210,28922,1265840,43.8,27535,95.2,12189,42.1,18040,62.4,10774,37.3,4558,15.8,6736,23.3,110895.91,3.83,27885,"-6963.378","-0.25","-0.27","-0.23"
"202324","Academic year","Regional","E92000001","England","E12000002","North West","","","Revised","Pupil residency","State-funded schools (LA)",618,85415,3785458.99,44.3,81895,95.9,36268,42.5,52976,62,32082,37.6,13164,15.4,19049,22.3,331978.61,3.89,80472,"-13395.099","-0.17","-0.18","-0.16"
"202324","Academic year","Regional","E92000001","England","E12000003","Yorkshire and The Humber","","","Revised","Pupil residency","State-funded schools (LA)",455,63266,2804716.28,44.3,60867,96.2,27674,43.7,39805,62.9,25070,39.6,10229,16.2,14941,23.6,247431.58,3.91,60472,"-5230.721","-0.09","-0.1","-0.08"
"202324","Academic year","Regional","E92000001","England","E12000004","East Midlands","","","Revised","Pupil residency","State-funded schools (LA)",532,54927,2455444.8,44.7,52954,96.4,23892,43.5,34883,63.5,20592,37.5,8814,16,12813,23.3,217569.28,3.96,52167,"-3855.096","-0.07","-0.09","-0.06"
"202324","Academic year","Regional","E92000001","England","E12000005","West Midlands","","","Revised","Pupil residency","State-funded schools (LA)",548,70480,3134061.75,44.5,67769,96.2,29873,42.4,43801,62.1,26073,37,10339,14.7,15046,21.3,273828.96,3.89,66285,"-7147.508","-0.11","-0.12","-0.1"
"202324","Academic year","Regional","E92000001","England","E12000006","East of England","","","Revised","Pupil residency","State-funded schools (LA)",732,70661,3245385.56,45.9,68133,96.4,32337,45.8,46418,65.7,28239,40,12470,17.6,17655,25,287897.78,4.07,66861,"-1062.623","-0.02","-0.03","-0.01"
"202324","Academic year","Regional","E92000001","England","E12000007","London","","","Revised","Pupil residency","State-funded schools (LA)",836,92695,4727975.57,51,89601,96.7,51478,55.5,67024,72.3,51675,55.7,24881,26.8,33460,36.1,431360.73,4.65,84546,"24539.239","0.29","0.28","0.3"
"202324","Academic year","Regional","E92000001","England","E12000008","South East","","","Revised","Pupil residency","State-funded schools (LA)",949,99502,4688628.73,47.1,95695,96.2,48177,48.4,66888,67.2,39912,40.1,19840,19.9,26727,26.9,417354.83,4.19,92668,"-2087.493","-0.02","-0.03","-0.01"
"202324","Academic year","Regional","E92000001","England","E12000009","South West","","","Revised","Pupil residency","State-funded schools (LA)",447,57502,2641349.25,45.9,55150,95.9,26296,45.7,37783,65.7,18565,32.3,8603,15,12087,21,231175.17,4.02,54480,"-1636.57","-0.03","-0.04","-0.02"
"202324","Academic year","Regional","E92000001","England","E13000001","Inner London","","","Revised","Pupil residency","State-funded schools (LA)",532,29351,1471583.75,50.1,28284,96.4,15736,53.6,20751,70.7,16926,57.7,7839,26.7,10580,36,134433.3,4.58,26893,"7309.589","0.27","0.25","0.29"
"202324","Academic year","Regional","E92000001","England","E13000002","Outer London","","","Revised","Pupil residency","State-funded schools (LA)",802,63344,3256391.82,51.4,61317,96.8,35742,56.4,46273,73.1,34749,54.9,17042,26.9,22880,36.1,296927.43,4.69,57653,"17229.65","0.3","0.29","0.31"
"202324","Academic year","Local authority district","E92000001","England","E12000001","North East","E06000001","Hartlepool","Revised","Pupil residency","State-funded schools (LA)",22,1180,48258,40.9,1130,95.8,410,34.7,694,58.8,376,31.9,137,11.6,217,18.4,4170.07,3.53,1147,"-536.777","-0.47","-0.55","-0.39"
"202324","Academic year","Local authority district","E92000001","England","E12000001","North East","E06000002","Middlesbrough","Revised","Pupil residency","State-funded schools (LA)",31,1798,72976.25,40.6,1694,94.2,674,37.5,1036,57.6,610,33.9,233,13,360,20,6350.54,3.53,1701,"-710.774","-0.42","-0.49","-0.35"
"202324","Academic year","Local authority district","E92000001","England","E12000001","North East","E06000003","Redcar and Cleveland","Revised","Pupil residency","State-funded schools (LA)",34,1501,65404,43.6,1443,96.1,695,46.3,997,66.4,519,34.6,251,16.7,357,23.8,5748.93,3.83,1472,"-540.108","-0.37","-0.44","-0.29"
"202324","Academic year","Local authority district","E92000001","England","E12000001","North East","E06000004","Stockton-on-Tees","Revised","Pupil residency","State-funded schools (LA)",45,2417,109951.5,45.5,2303,95.3,1147,47.5,1648,68.2,1018,42.1,435,18,652,27,9681.44,4.01,2359,"-449.513","-0.19","-0.25","-0.13"
"202324","Academic year","Local authority district","E92000001","England","E12000001","North East","E06000005","Darlington","Revised","Pupil residency","State-funded schools (LA)",33,1236,54548.75,44.1,1192,96.4,534,43.2,789,63.8,465,37.6,160,12.9,262,21.2,4715.77,3.82,1187,"-390.437","-0.33","-0.41","-0.25"
"202324","Academic year","Local authority district","E92000001","England","E12000002","North West","E06000006","Halton","Revised","Pupil residency","State-funded schools (LA)",49,1608,65312,40.6,1558,96.9,565,35.1,909,56.5,431,26.8,136,8.5,218,13.6,5517.84,3.43,1571,"-675.531","-0.43","-0.5","-0.36"
"202324","Academic year","Local authority district","E92000001","England","E12000002","North West","E06000007","Warrington","Revised","Pupil residency","State-funded schools (LA)",50,2598,125420.25,48.3,2524,97.2,1260,48.5,1801,69.3,1301,50.1,490,18.9,741,28.5,11222.26,4.32,2446,"-128.116","-0.05","-0.11","0"
"202324","Academic year","Local authority district","E92000001","England","E12000002","North West","E06000008","Blackburn with Darwen","Revised","Pupil residency","State-funded schools (LA)",45,2228,99160.75,44.5,2157,96.8,985,44.2,1381,62,1055,47.4,423,19,596,26.8,8873.29,3.98,2060,"-219.262","-0.11","-0.17","-0.05"
"202324","Academic year","Local authority district","E92000001","England","E12000002","North West","E06000009","Blackpool","Revised","Pupil residency","State-funded schools (LA)",28,1508,54438.5,36.1,1415,93.8,431,28.6,678,45,282,18.7,93,6.2,139,9.2,4587.16,3.04,1442,"-1328.694","-0.92","-0.99","-0.85"
"202324","Academic year","Local authority district","E92000001","England","E12000003","Yorkshire and The Humber","E06000010","Kingston upon Hull, City of","Revised","Pupil residency","State-funded schools (LA)",32,3120,128088.25,41.1,2965,95,1106,35.4,1753,56.2,1330,42.6,419,13.4,678,21.7,11334.87,3.63,2968,"-1670.232","-0.56","-0.61","-0.51"
"202324","Academic year","Local authority district","E92000001","England","E12000003","Yorkshire and The Humber","E06000011","East Riding of Yorkshire","Revised","Pupil residency","State-funded schools (LA)",65,3445,154844.75,44.9,3339,96.9,1521,44.2,2228,64.7,1332,38.7,530,15.4,804,23.3,13720.52,3.98,3355,"-317.955","-0.09","-0.14","-0.05"
"202324","Academic year","Local authority district","E92000001","England","E12000003","Yorkshire and The Humber","E06000012","North East Lincolnshire","Revised","Pupil residency","State-funded schools (LA)",25,1878,78028.75,41.5,1807,96.2,672,35.8,1090,58,673,35.8,246,13.1,386,20.6,6888.89,3.67,1810,"-756.435","-0.42","-0.48","-0.35"
"202324","Academic year","Local authority district","E92000001","England","E12000003","Yorkshire and The Humber","E06000013","North Lincolnshire","Revised","Pupil residency","State-funded schools (LA)",38,1943,82869.51,42.7,1873,96.4,799,41.1,1208,62.2,707,36.4,275,14.2,398,20.5,7265.59,3.74,1890,"-434.447","-0.23","-0.29","-0.17"
"202324","Academic year","Local authority district","E92000001","England","E12000003","Yorkshire and The Humber","E06000014","York","Revised","Pupil residency","State-funded schools (LA)",20,1881,91983.75,48.9,1827,97.1,976,51.9,1321,70.2,748,39.8,375,19.9,492,26.2,8189.74,4.35,1787,"200.195","0.11","0.05","0.18"
"202324","Academic year","Local authority district","E92000001","England","E12000004","East Midlands","E06000015","Derby","Revised","Pupil residency","State-funded schools (LA)",47,3218,135315.75,42,3100,96.3,1255,39,1864,57.9,1169,36.3,483,15,744,23.1,12007.6,3.73,3019,"-628.012","-0.21","-0.26","-0.16"
"202324","Academic year","Local authority district","E92000001","England","E12000004","East Midlands","E06000016","Leicester","Revised","Pupil residency","State-funded schools (LA)",58,4855,218497.25,45,4619,95.1,2140,44.1,3051,62.8,2092,43.1,838,17.3,1221,25.1,19520.67,4.02,4418,"168.21","0.04","0","0.08"
"202324","Academic year","Local authority district","E92000001","England","E12000004","East Midlands","E06000017","Rutland","Revised","Pupil residency","State-funded schools (LA)",17,351,17417.5,49.6,338,96.3,183,52.1,251,71.5,160,45.6,73,20.8,105,29.9,1563.95,4.46,340,"87.831","0.26","0.11","0.41"
"202324","Academic year","Local authority district","E92000001","England","E12000004","East Midlands","E06000018","Nottingham","Revised","Pupil residency","State-funded schools (LA)",59,3536,152010.5,43,3396,96,1382,39.1,2109,59.6,1116,31.6,472,13.3,692,19.6,13317.88,3.77,3264,"-731.11","-0.22","-0.27","-0.18"
"202324","Academic year","Local authority district","E92000001","England","E12000005","West Midlands","E06000019","Herefordshire, County of","Revised","Pupil residency","State-funded schools (LA)",37,1779,76928.75,43.2,1690,95,755,42.4,1096,61.6,628,35.3,270,15.2,405,22.8,6827.07,3.84,1684,"-583.081","-0.35","-0.41","-0.28"
"202324","Academic year","Local authority district","E92000001","England","E12000005","West Midlands","E06000020","Telford and Wrekin","Revised","Pupil residency","State-funded schools (LA)",43,2318,96440.25,41.6,2239,96.6,807,34.8,1273,54.9,748,32.3,310,13.4,469,20.2,8413.88,3.63,2188,"-1063.073","-0.49","-0.55","-0.43"
"202324","Academic year","Local authority district","E92000001","England","E12000005","West Midlands","E06000021","Stoke-on-Trent","Revised","Pupil residency","State-funded schools (LA)",50,3335,132300.75,39.7,3191,95.7,1103,33.1,1769,53,1093,32.8,314,9.4,483,14.5,11352.19,3.4,3130,"-1288.337","-0.41","-0.46","-0.36"
"202324","Academic year","Local authority district","E92000001","England","E12000009","South West","E06000022","Bath and North East Somerset","Revised","Pupil residency","State-funded schools (LA)",44,1738,86237.75,49.6,1664,95.7,908,52.2,1243,71.5,750,43.2,397,22.8,556,32,7757.79,4.46,1630,"294.65","0.18","0.11","0.25"
"202324","Academic year","Local authority district","E92000001","England","E12000009","South West","E06000023","Bristol, City of","Revised","Pupil residency","State-funded schools (LA)",71,4437,198322.75,44.7,4201,94.7,1872,42.2,2792,62.9,1588,35.8,681,15.3,944,21.3,17488.32,3.94,4154,"-212.088","-0.05","-0.09","-0.01"
"202324","Academic year","Local authority district","E92000001","England","E12000009","South West","E06000024","North Somerset","Revised","Pupil residency","State-funded schools (LA)",37,2399,110503.75,46.1,2309,96.2,1069,44.6,1594,66.4,741,30.9,331,13.8,471,19.6,9552.44,3.98,2281,"-77.716","-0.03","-0.09","0.02"
"202324","Academic year","Local authority district","E92000001","England","E12000009","South West","E06000025","South Gloucestershire","Revised","Pupil residency","State-funded schools (LA)",70,3189,148303.25,46.5,3078,96.5,1494,46.8,2162,67.8,962,30.2,472,14.8,679,21.3,12916.85,4.05,3007,"-51.645","-0.02","-0.07","0.03"
"202324","Academic year","Local authority district","E92000001","England","E12000009","South West","E06000026","Plymouth","Revised","Pupil residency","State-funded schools (LA)",37,2786,126175.5,45.3,2689,96.5,1245,44.7,1800,64.6,742,26.6,365,13.1,501,18,10864.94,3.9,2667,"-235.421","-0.09","-0.14","-0.03"
"202324","Academic year","Local authority district","E92000001","England","E12000009","South West","E06000027","Torbay","Revised","Pupil residency","State-funded schools (LA)",25,1429,60528.25,42.4,1341,93.8,594,41.6,853,59.7,249,17.4,118,8.3,160,11.2,5109.07,3.58,1374,"-610.351","-0.44","-0.52","-0.37"
"202324","Academic year","Local authority district","E92000001","England","E12000009","South West","E06000030","Swindon","Revised","Pupil residency","State-funded schools (LA)",42,2905,131935.75,45.4,2785,95.9,1361,46.9,1885,64.9,897,30.9,405,13.9,591,20.3,11580.25,3.99,2710,"-13.474","0","-0.06","0.05"
"202324","Academic year","Local authority district","E92000001","England","E12000006","East of England","E06000031","Peterborough","Revised","Pupil residency","State-funded schools (LA)",37,2899,124903.25,43.1,2785,96.1,1133,39.1,1715,59.2,568,19.6,266,9.2,392,13.5,10639.63,3.67,2690,"60.261","0.02","-0.03","0.08"
"202324","Academic year","Local authority district","E92000001","England","E12000006","East of England","E06000032","Luton","Revised","Pupil residency","State-funded schools (LA)",56,3256,146907.67,45.1,3147,96.7,1479,45.4,2070,63.6,1483,45.5,592,18.2,867,26.6,13132.71,4.03,3002,"328.994","0.11","0.06","0.16"
"202324","Academic year","Local authority district","E92000001","England","E12000006","East of England","E06000033","Southend-on-Sea","Revised","Pupil residency","State-funded schools (LA)",43,2127,98207.5,46.2,2021,95,987,46.4,1369,64.4,984,46.3,440,20.7,601,28.3,8655.14,4.07,2007,"-336.57","-0.17","-0.23","-0.11"
"202324","Academic year","Local authority district","E92000001","England","E12000006","East of England","E06000034","Thurrock","Revised","Pupil residency","State-funded schools (LA)",110,2491,115801.25,46.5,2422,97.2,1192,47.9,1664,66.8,1147,46,477,19.1,710,28.5,10294.25,4.13,2347,"3.017","0","-0.06","0.06"
"202324","Academic year","Local authority district","E92000001","England","E12000008","South East","E06000035","Medway","Revised","Pupil residency","State-funded schools (LA)",106,3434,153299.78,44.6,3305,96.2,1473,42.9,2139,62.3,1412,41.1,677,19.7,947,27.6,13581.75,3.96,3201,"-301.586","-0.09","-0.14","-0.05"
"202324","Academic year","Local authority district","E92000001","England","E12000008","South East","E06000036","Bracknell Forest","Revised","Pupil residency","State-funded schools (LA)",55,1441,68296.5,47.4,1390,96.5,714,49.5,983,68.2,563,39.1,279,19.4,385,26.7,6102.42,4.23,1346,"-31.361","-0.02","-0.1","0.05"
"202324","Academic year","Local authority district","E92000001","England","E12000008","South East","E06000037","West Berkshire","Revised","Pupil residency","State-funded schools (LA)",39,1787,85863.26,48,1722,96.4,883,49.4,1252,70.1,822,46,378,21.2,526,29.4,7692.53,4.3,1696,"144.652","0.09","0.02","0.15"
"202324","Academic year","Local authority district","E92000001","England","E12000008","South East","E06000038","Reading","Revised","Pupil residency","State-funded schools (LA)",41,1934,87007.15,45,1869,96.6,849,43.9,1218,63,772,39.9,337,17.4,460,23.8,7770.17,4.02,1707,"-181.68","-0.11","-0.17","-0.04"
"202324","Academic year","Local authority district","E92000001","England","E12000008","South East","E06000039","Slough","Revised","Pupil residency","State-funded schools (LA)",68,2465,122018.75,49.5,2395,97.2,1320,53.5,1740,70.6,1060,43,507,20.6,681,27.6,10857.98,4.4,2230,"300.232","0.13","0.08","0.19"
"202324","Academic year","Local authority district","E92000001","England","E12000008","South East","E06000040","Windsor and Maidenhead","Revised","Pupil residency","State-funded schools (LA)",63,1598,83489.88,52.2,1550,97,932,58.3,1182,74,721,45.1,459,28.7,562,35.2,7603.11,4.76,1402,"368.531","0.26","0.19","0.34"
"202324","Academic year","Local authority district","E92000001","England","E12000008","South East","E06000041","Wokingham","Revised","Pupil residency","State-funded schools (LA)",56,2215,123035.3,55.5,2163,97.7,1437,64.9,1769,79.9,1165,52.6,718,32.4,882,39.8,11236.04,5.07,1969,"847.032","0.43","0.37","0.49"
"202324","Academic year","Local authority district","E92000001","England","E12000008","South East","E06000042","Milton Keynes","Revised","Pupil residency","State-funded schools (LA)",57,3895,178646.25,45.9,3756,96.4,1825,46.9,2580,66.2,1469,37.7,571,14.7,812,20.8,15827.96,4.06,3544,"-444.273","-0.13","-0.17","-0.08"
"202324","Academic year","Local authority district","E92000001","England","E12000008","South East","E06000043","Brighton and Hove","Revised","Pupil residency","State-funded schools (LA)",31,2353,112400.04,47.8,2242,95.3,1242,52.8,1645,69.9,1254,53.3,618,26.3,831,35.3,10347.26,4.4,2194,"153.249","0.07","0.01","0.13"
"202324","Academic year","Local authority district","E92000001","England","E12000008","South East","E06000044","Portsmouth","Revised","Pupil residency","State-funded schools (LA)",40,2221,88535.75,39.9,2130,95.9,765,34.4,1237,55.7,955,43,269,12.1,442,19.9,7821.68,3.52,2050,"-802.515","-0.39","-0.45","-0.33"
"202324","Academic year","Local authority district","E92000001","England","E12000008","South East","E06000045","Southampton","Revised","Pupil residency","State-funded schools (LA)",47,2726,113193.25,41.5,2568,94.2,1054,38.7,1556,57.1,996,36.5,387,14.2,565,20.7,9961.11,3.65,2549,"-810.692","-0.32","-0.37","-0.26"
"202324","Academic year","Local authority district","E92000001","England","E12000008","South East","E06000046","Isle of Wight","Revised","Pupil residency","State-funded schools (LA)",8,1197,49718.75,41.5,1140,95.2,475,39.7,707,59.1,479,40,137,11.4,219,18.3,4317.25,3.61,1151,"-293.462","-0.25","-0.34","-0.17"
"202324","Academic year","Local authority district","E92000001","England","E12000001","North East","E06000047","County Durham","Revised","Pupil residency","State-funded schools (LA)",96,5493,244296,44.5,5249,95.6,2268,41.3,3346,60.9,1894,34.5,778,14.2,1177,21.4,20988.8,3.82,5366,"-694.987","-0.13","-0.17","-0.09"
"202324","Academic year","Local authority district","E92000001","England","E12000002","North West","E06000049","Cheshire East","Revised","Pupil residency","State-funded schools (LA)",92,4225,197999.5,46.9,4085,96.7,2015,47.7,2864,67.8,1727,40.9,760,18,1091,25.8,17393.04,4.12,3999,"-58.754","-0.01","-0.06","0.03"
"202324","Academic year","Local authority district","E92000001","England","E12000002","North West","E06000050","Cheshire West and Chester","Revised","Pupil residency","State-funded schools (LA)",75,3774,173225,45.9,3632,96.2,1697,45,2423,64.2,1659,44,751,19.9,1076,28.5,15463.03,4.1,3604,"-210.786","-0.06","-0.1","-0.01"
"202324","Academic year","Local authority district","E92000001","England","E12000005","West Midlands","E06000051","Shropshire","Revised","Pupil residency","State-funded schools (LA)",67,2983,131505.75,44.1,2904,97.4,1196,40.1,1830,61.3,976,32.7,367,12.3,571,19.1,11485.72,3.85,2843,"-772.843","-0.27","-0.32","-0.22"
"202324","Academic year","Local authority district","E92000001","England","E12000009","South West","E06000052","Cornwall","Revised","Pupil residency","State-funded schools (LA)",58,5673,249800.25,44,5473,96.5,2279,40.2,3506,61.8,1475,26,600,10.6,896,15.8,21435.28,3.78,5497,"-590.564","-0.11","-0.14","-0.07"
"202324","Academic year","Local authority district","E92000001","England","E12000009","South West","E06000053","Isles of Scilly","Revised","Pupil residency","State-funded schools (LA)",1,17,897.5,52.8,16,94.1,11,64.7,15,88.2,1,5.9,1,5.9,1,5.9,72.33,4.25,17,"18.211","1.07","0.4","1.74"
"202324","Academic year","Local authority district","E92000001","England","E12000009","South West","E06000054","Wiltshire","Revised","Pupil residency","State-funded schools (LA)",90,5339,243015.75,45.5,5100,95.5,2365,44.3,3464,64.9,1428,26.7,731,13.7,994,18.6,21066.75,3.95,5039,"-110.423","-0.02","-0.06","0.02"
"202324","Academic year","Local authority district","E92000001","England","E12000006","East of England","E06000055","Bedford","Revised","Pupil residency","State-funded schools (LA)",45,2118,95152.75,44.9,2045,96.6,937,44.2,1373,64.8,854,40.3,307,14.5,449,21.2,8396.67,3.96,2002,"478.515","0.24","0.18","0.3"
"202324","Academic year","Local authority district","E92000001","England","E12000006","East of England","E06000056","Central Bedfordshire","Revised","Pupil residency","State-funded schools (LA)",103,3448,149136.5,43.3,3332,96.6,1451,42.1,2178,63.2,1075,31.2,375,10.9,579,16.8,12936.04,3.75,3336,"-637.985","-0.19","-0.24","-0.14"
"202324","Academic year","Local authority district","E92000001","England","E12000001","North East","E06000057","Northumberland","Revised","Pupil residency","State-funded schools (LA)",58,3303,144951.75,43.9,3106,94,1407,42.6,2097,63.5,944,28.6,444,13.4,626,19,12541.31,3.8,3194,"-670.698","-0.21","-0.26","-0.16"
"202324","Academic year","Local authority district","E92000001","England","E12000009","South West","E06000058","Bournemouth, Christchurch and Poole","Revised","Pupil residency","State-funded schools (LA)",41,3913,193462,49.4,3768,96.3,2162,55.3,2849,72.8,1643,42,874,22.3,1187,30.3,17280.8,4.42,3627,"622.505","0.17","0.13","0.22"
"202324","Academic year","Local authority district","E92000001","England","E12000009","South West","E06000059","Dorset","Revised","Pupil residency","State-funded schools (LA)",66,3681,165993.5,45.1,3503,95.2,1599,43.4,2382,64.7,1381,37.5,553,15,807,21.9,14616.69,3.97,3536,"-282.234","-0.08","-0.13","-0.03"
"202324","Academic year","Local authority district","E92000001","England","E12000008","South East","E06000060","Buckinghamshire","Revised","Pupil residency","State-funded schools (LA)",153,6499,334141,51.4,6247,96.1,3636,55.9,4715,72.5,2604,40.1,1628,25.1,2009,30.9,29668.02,4.57,5973,"969.943","0.16","0.13","0.2"
"202324","Academic year","Local authority district","E92000001","England","E12000004","East Midlands","E06000061","North Northamptonshire","Revised","Pupil residency","State-funded schools (LA)",71,4377,191205.75,43.7,4197,95.9,1772,40.5,2680,61.2,1700,38.8,662,15.1,1024,23.4,17094.35,3.91,4135,"-179.788","-0.04","-0.09","0"
"202324","Academic year","Local authority district","E92000001","England","E12000004","East Midlands","E06000062","West Northamptonshire","Revised","Pupil residency","State-funded schools (LA)",76,4986,226299.5,45.4,4793,96.1,2278,45.7,3275,65.7,2022,40.6,931,18.7,1339,26.9,20159.5,4.04,4663,"199.713","0.04","0","0.08"
"202324","Academic year","Local authority district","E92000001","England","E12000002","North West","E06000063","Cumberland","Revised","Pupil residency","State-funded schools (LA)",30,2948,126120.25,42.8,2860,97,1158,39.3,1773,60.1,958,32.5,415,14.1,605,20.5,11178.3,3.79,2847,"-769.789","-0.27","-0.32","-0.22"
"202324","Academic year","Local authority district","E92000001","England","E12000002","North West","E06000064","Westmorland and Furness","Revised","Pupil residency","State-funded schools (LA)",38,2151,97847.25,45.5,2086,97,917,42.6,1402,65.2,573,26.6,245,11.4,341,15.9,8466.37,3.94,2058,"-288.118","-0.14","-0.2","-0.08"
"202324","Academic year","Local authority district","E92000001","England","E12000003","Yorkshire and The Humber","E06000065","North Yorkshire","Revised","Pupil residency","State-funded schools (LA)",125,6182,286137.5,46.3,5947,96.2,2912,47.1,4124,66.7,2424,39.2,1113,18,1611,26.1,25419.78,4.11,5905,"329.506","0.06","0.02","0.09"
"202324","Academic year","Local authority district","E92000001","England","E12000009","South West","E06000066","Somerset","Revised","Pupil residency","State-funded schools (LA)",77,5637,243212.5,43.1,5406,95.9,2279,40.4,3486,61.8,1590,28.2,593,10.5,907,16.1,21075.66,3.74,5363,"-844.819","-0.16","-0.2","-0.12"
"202324","Academic year","Local authority district","E92000001","England","E12000006","East of England","E07000008","Cambridge","Revised","Pupil residency","State-funded schools (LA)",27,980,52465,53.5,941,96,564,57.6,718,73.3,512,52.2,335,34.2,401,40.9,4863.63,4.96,877,"443.229","0.51","0.41","0.6"
"202324","Academic year","Local authority district","E92000001","England","E12000006","East of England","E07000009","East Cambridgeshire","Revised","Pupil residency","State-funded schools (LA)",32,998,48834.75,48.9,961,96.3,511,51.2,719,72,307,30.8,192,19.2,249,24.9,4332.65,4.34,942,"323.888","0.34","0.25","0.43"
"202324","Academic year","Local authority district","E92000001","England","E12000006","East of England","E07000010","Fenland","Revised","Pupil residency","State-funded schools (LA)",41,1064,39403,37,1006,94.5,320,30.1,543,51,278,26.1,85,8,145,13.6,3402.61,3.2,1024,"-442.398","-0.43","-0.52","-0.35"
"202324","Academic year","Local authority district","E92000001","England","E12000006","East of England","E07000011","Huntingdonshire","Revised","Pupil residency","State-funded schools (LA)",51,1910,87540.25,45.8,1851,96.9,851,44.6,1261,66,957,50.1,372,19.5,566,29.6,7967.15,4.17,1826,"149.531","0.08","0.02","0.15"
"202324","Academic year","Local authority district","E92000001","England","E12000006","East of England","E07000012","South Cambridgeshire","Revised","Pupil residency","State-funded schools (LA)",47,1904,100621.5,52.8,1850,97.2,1120,58.8,1402,73.6,945,49.6,559,29.4,714,37.5,9191.77,4.83,1754,"637.847","0.36","0.3","0.43"
"202324","Academic year","Local authority district","E92000001","England","E12000004","East Midlands","E07000032","Amber Valley","Revised","Pupil residency","State-funded schools (LA)",47,1341,61063,45.5,1297,96.7,627,46.8,881,65.7,516,38.5,240,17.9,339,25.3,5417.7,4.04,1302,"-179.768","-0.14","-0.21","-0.06"
"202324","Academic year","Local authority district","E92000001","England","E12000004","East Midlands","E07000033","Bolsover","Revised","Pupil residency","State-funded schools (LA)",42,921,37893.75,41.1,895,97.2,344,37.4,538,58.4,230,25,104,11.3,143,15.5,3251.2,3.53,898,"-389.343","-0.43","-0.53","-0.34"
"202324","Academic year","Local authority district","E92000001","England","E12000004","East Midlands","E07000034","Chesterfield","Revised","Pupil residency","State-funded schools (LA)",29,1179,52304.5,44.4,1143,96.9,504,42.7,763,64.7,362,30.7,164,13.9,250,21.2,4550.48,3.86,1145,"-164.038","-0.14","-0.23","-0.06"
"202324","Academic year","Local authority district","E92000001","England","E12000004","East Midlands","E07000035","Derbyshire Dales","Revised","Pupil residency","State-funded schools (LA)",26,756,36374,48.1,741,98,387,51.2,527,69.7,304,40.2,138,18.3,196,25.9,3235.52,4.28,731,"37.612","0.05","-0.05","0.15"
"202324","Academic year","Local authority district","E92000001","England","E12000004","East Midlands","E07000036","Erewash","Revised","Pupil residency","State-funded schools (LA)",45,1205,52950.5,43.9,1164,96.6,543,45.1,775,64.3,282,23.4,151,12.5,200,16.6,4617.19,3.83,1169,"-221.999","-0.19","-0.27","-0.11"
"202324","Academic year","Local authority district","E92000001","England","E12000004","East Midlands","E07000037","High Peak","Revised","Pupil residency","State-funded schools (LA)",32,985,43961.25,44.6,949,96.3,391,39.7,601,61,213,21.6,111,11.3,156,15.8,3737.01,3.79,959,"21.347","0.02","-0.07","0.11"
"202324","Academic year","Local authority district","E92000001","England","E12000004","East Midlands","E07000038","North East Derbyshire","Revised","Pupil residency","State-funded schools (LA)",47,1026,45314.75,44.2,997,97.2,426,41.5,660,64.3,402,39.2,141,13.7,224,21.8,4002.91,3.9,1005,"-198.929","-0.2","-0.29","-0.11"
"202324","Academic year","Local authority district","E92000001","England","E12000004","East Midlands","E07000039","South Derbyshire","Revised","Pupil residency","State-funded schools (LA)",55,1253,56793.25,45.3,1210,96.6,601,48,854,68.2,306,24.4,137,10.9,187,14.9,4898.61,3.91,1212,"-45.594","-0.04","-0.12","0.04"
"202324","Academic year","Local authority district","E92000001","England","E12000009","South West","E07000040","East Devon","Revised","Pupil residency","State-funded schools (LA)",33,1398,67278.25,48.1,1347,96.4,691,49.4,962,68.8,529,37.8,250,17.9,353,25.3,5983.86,4.28,1327,"-39.583","-0.03","-0.11","0.05"
"202324","Academic year","Local authority district","E92000001","England","E12000009","South West","E07000041","Exeter","Revised","Pupil residency","State-funded schools (LA)",31,1119,52645.25,47,1065,95.2,570,50.9,759,67.8,617,55.1,240,21.4,337,30.1,4816.28,4.3,1051,"94.77","0.09","0","0.18"
"202324","Academic year","Local authority district","E92000001","England","E12000009","South West","E07000042","Mid Devon","Revised","Pupil residency","State-funded schools (LA)",25,841,37278,44.3,808,96.1,371,44.1,548,65.2,239,28.4,119,14.1,173,20.6,3269.4,3.89,809,"-14.309","-0.02","-0.12","0.08"
"202324","Academic year","Local authority district","E92000001","England","E12000009","South West","E07000043","North Devon","Revised","Pupil residency","State-funded schools (LA)",15,1022,46410.25,45.4,979,95.8,474,46.4,671,65.7,362,35.4,145,14.2,227,22.2,4081.88,3.99,996,"-47.089","-0.05","-0.14","0.04"
"202324","Academic year","Local authority district","E92000001","England","E12000009","South West","E07000044","South Hams","Revised","Pupil residency","State-funded schools (LA)",40,823,41817.5,50.8,801,97.3,477,58,620,75.3,303,36.8,167,20.3,213,25.9,3676.98,4.47,784,"18.377","0.02","-0.08","0.12"
"202324","Academic year","Local authority district","E92000001","England","E12000009","South West","E07000045","Teignbridge","Revised","Pupil residency","State-funded schools (LA)",38,1248,55851,44.8,1200,96.2,528,42.3,777,62.3,633,50.7,202,16.2,339,27.2,5046.16,4.04,1206,"-217.852","-0.18","-0.26","-0.1"
"202324","Academic year","Local authority district","E92000001","England","E12000009","South West","E07000046","Torridge","Revised","Pupil residency","State-funded schools (LA)",16,610,25760.25,42.2,586,96.1,252,41.3,380,62.3,297,48.7,119,19.5,162,26.6,2365.19,3.88,587,"-94.307","-0.16","-0.28","-0.05"
"202324","Academic year","Local authority district","E92000001","England","E12000009","South West","E07000047","West Devon","Revised","Pupil residency","State-funded schools (LA)",35,543,23933.5,44.1,517,95.2,229,42.2,322,59.3,213,39.2,71,13.1,118,21.7,2107.45,3.88,522,"-84.525","-0.16","-0.28","-0.04"
"202324","Academic year","Local authority district","E92000001","England","E12000008","South East","E07000061","Eastbourne","Revised","Pupil residency","State-funded schools (LA)",27,1025,43124.5,42.1,983,95.9,409,39.9,604,58.9,291,28.4,132,12.9,188,18.3,3728.77,3.64,969,"-118.4","-0.12","-0.21","-0.03"
"202324","Academic year","Local authority district","E92000001","England","E12000008","South East","E07000062","Hastings","Revised","Pupil residency","State-funded schools (LA)",22,991,36406.75,36.7,941,95,332,33.5,505,51,258,26,108,10.9,175,17.7,3180.79,3.21,948,"-819.397","-0.86","-0.95","-0.77"
"202324","Academic year","Local authority district","E92000001","England","E12000008","South East","E07000063","Lewes","Revised","Pupil residency","State-funded schools (LA)",35,966,46051.51,47.7,943,97.6,494,51.1,663,68.6,537,55.6,263,27.2,343,35.5,4253.16,4.4,925,"305.104","0.33","0.24","0.42"
"202324","Academic year","Local authority district","E92000001","England","E12000008","South East","E07000064","Rother","Revised","Pupil residency","State-funded schools (LA)",36,807,35247.5,43.7,778,96.4,343,42.5,503,62.3,340,42.1,159,19.7,228,28.3,3161.73,3.92,763,"-245.12","-0.32","-0.42","-0.22"
"202324","Academic year","Local authority district","E92000001","England","E12000008","South East","E07000065","Wealden","Revised","Pupil residency","State-funded schools (LA)",51,1539,71790.25,46.6,1492,96.9,734,47.7,1050,68.2,668,43.4,329,21.4,463,30.1,6447.9,4.19,1436,"61.659","0.04","-0.03","0.12"
"202324","Academic year","Local authority district","E92000001","England","E12000006","East of England","E07000066","Basildon","Revised","Pupil residency","State-funded schools (LA)",87,2294,98372.5,42.9,2187,95.3,956,41.7,1377,60,1291,56.3,436,19,647,28.2,8883.86,3.87,2182,"-750.066","-0.34","-0.4","-0.28"
"202324","Academic year","Local authority district","E92000001","England","E12000006","East of England","E07000067","Braintree","Revised","Pupil residency","State-funded schools (LA)",56,1672,73899.63,44.2,1606,96.1,724,43.3,1066,63.8,435,26,222,13.3,309,18.5,6408.41,3.83,1614,"-318.476","-0.2","-0.27","-0.13"
"202324","Academic year","Local authority district","E92000001","England","E12000006","East of England","E07000068","Brentwood","Revised","Pupil residency","State-funded schools (LA)",39,819,40678,49.7,790,96.5,432,52.7,580,70.8,355,43.3,195,23.8,256,31.3,3626.08,4.43,769,"34.44","0.04","-0.06","0.14"
"202324","Academic year","Local authority district","E92000001","England","E12000006","East of England","E07000069","Castle Point","Revised","Pupil residency","State-funded schools (LA)",45,1026,43310,42.2,981,95.6,387,37.7,621,60.5,441,43,150,14.6,253,24.7,3789.05,3.69,1001,"-452.586","-0.45","-0.54","-0.36"
"202324","Academic year","Local authority district","E92000001","England","E12000006","East of England","E07000070","Chelmsford","Revised","Pupil residency","State-funded schools (LA)",63,2115,106891.26,50.5,2036,96.3,1115,52.7,1533,72.5,862,40.8,526,24.9,662,31.3,9555.66,4.52,2003,"305.103","0.15","0.09","0.21"
"202324","Academic year","Local authority district","E92000001","England","E12000006","East of England","E07000071","Colchester","Revised","Pupil residency","State-funded schools (LA)",47,2178,102160.25,46.9,2114,97.1,1034,47.5,1419,65.2,846,38.8,410,18.8,579,26.6,9119.38,4.19,2014,"-109.905","-0.05","-0.12","0.01"
"202324","Academic year","Local authority district","E92000001","England","E12000006","East of England","E07000072","Epping Forest","Revised","Pupil residency","State-funded schools (LA)",94,1314,60871.25,46.3,1278,97.3,607,46.2,902,68.6,477,36.3,185,14.1,274,20.9,5319.63,4.05,1236,"-22.098","-0.02","-0.1","0.06"
"202324","Academic year","Local authority district","E92000001","England","E12000006","East of England","E07000073","Harlow","Revised","Pupil residency","State-funded schools (LA)",53,1235,48654.25,39.4,1189,96.3,396,32.1,669,54.2,500,40.5,139,11.3,229,18.5,4280.51,3.47,1170,"-650.785","-0.56","-0.64","-0.48"
"202324","Academic year","Local authority district","E92000001","England","E12000006","East of England","E07000074","Maldon","Revised","Pupil residency","State-funded schools (LA)",41,641,27554.25,43,614,95.8,269,42,402,62.7,126,19.7,64,10,88,13.7,2343.75,3.66,615,"-294.194","-0.48","-0.59","-0.37"
"202324","Academic year","Local authority district","E92000001","England","E12000006","East of England","E07000075","Rochford","Revised","Pupil residency","State-funded schools (LA)",29,1007,45233.5,44.9,972,96.5,442,43.9,663,65.8,415,41.2,169,16.8,263,26.1,3984.22,3.96,976,"-238.398","-0.24","-0.33","-0.16"
"202324","Academic year","Local authority district","E92000001","England","E12000006","East of England","E07000076","Tendring","Revised","Pupil residency","State-funded schools (LA)",26,1485,57518.75,38.7,1396,94,500,33.7,794,53.5,369,24.8,106,7.1,158,10.6,4812.86,3.24,1412,"-531.676","-0.38","-0.45","-0.3"
"202324","Academic year","Local authority district","E92000001","England","E12000006","East of England","E07000077","Uttlesford","Revised","Pupil residency","State-funded schools (LA)",40,933,46642.75,50,913,97.9,479,51.3,692,74.2,522,55.9,254,27.2,359,38.5,4275.15,4.58,875,"45.205","0.05","-0.04","0.15"
"202324","Academic year","Local authority district","E92000001","England","E12000009","South West","E07000078","Cheltenham","Revised","Pupil residency","State-funded schools (LA)",25,1129,60311,53.4,1097,97.2,663,58.7,822,72.8,345,30.6,244,21.6,291,25.8,5256.53,4.66,1003,"401.078","0.4","0.31","0.49"
"202324","Academic year","Local authority district","E92000001","England","E12000009","South West","E07000079","Cotswold","Revised","Pupil residency","State-funded schools (LA)",41,855,43777.25,51.2,829,97,463,54.2,622,72.7,331,38.7,208,24.3,268,31.3,3928.28,4.59,782,"129.891","0.17","0.07","0.27"
"202324","Academic year","Local authority district","E92000001","England","E12000009","South West","E07000080","Forest of Dean","Revised","Pupil residency","State-funded schools (LA)",28,781,34388.25,44,757,96.9,318,40.7,488,62.5,239,30.6,103,13.2,143,18.3,3005.06,3.85,742,"10.164","0.01","-0.09","0.12"
"202324","Academic year","Local authority district","E92000001","England","E12000009","South West","E07000081","Gloucester","Revised","Pupil residency","State-funded schools (LA)",35,1580,74201,47,1513,95.8,751,47.5,1050,66.5,381,24.1,225,14.2,282,17.8,6427.56,4.07,1487,"17.659","0.01","-0.06","0.08"
"202324","Academic year","Local authority district","E92000001","England","E12000009","South West","E07000082","Stroud","Revised","Pupil residency","State-funded schools (LA)",40,1365,67396.5,49.4,1314,96.3,717,52.5,971,71.1,383,28.1,222,16.3,284,20.8,5897.84,4.32,1292,"86.948","0.07","-0.01","0.14"
"202324","Academic year","Local authority district","E92000001","England","E12000009","South West","E07000083","Tewkesbury","Revised","Pupil residency","State-funded schools (LA)",38,1045,51912.75,49.7,1004,96.1,554,53,760,72.7,246,23.5,167,16,203,19.4,4495.53,4.3,990,"195.577","0.2","0.11","0.29"
"202324","Academic year","Local authority district","E92000001","England","E12000008","South East","E07000084","Basingstoke and Deane","Revised","Pupil residency","State-funded schools (LA)",52,1913,86591.75,45.3,1831,95.7,863,45.1,1259,65.8,774,40.5,345,18,497,26,7772.32,4.06,1831,"-343.556","-0.19","-0.25","-0.12"
"202324","Academic year","Local authority district","E92000001","England","E12000008","South East","E07000085","East Hampshire","Revised","Pupil residency","State-funded schools (LA)",40,1247,60566.25,48.6,1214,97.4,617,49.5,878,70.4,471,37.8,243,19.5,335,26.9,5365.84,4.3,1187,"46.27","0.04","-0.04","0.12"
"202324","Academic year","Local authority district","E92000001","England","E12000008","South East","E07000086","Eastleigh","Revised","Pupil residency","State-funded schools (LA)",36,1540,73738.5,47.9,1505,97.7,761,49.4,1043,67.7,624,40.5,360,23.4,477,31,6673.48,4.33,1466,"-9.029","-0.01","-0.08","0.07"
"202324","Academic year","Local authority district","E92000001","England","E12000008","South East","E07000087","Fareham","Revised","Pupil residency","State-funded schools (LA)",38,1159,55086.25,47.5,1118,96.5,585,50.5,811,70,285,24.6,143,12.3,196,16.9,4742.59,4.09,1119,"-61.027","-0.05","-0.14","0.03"
"202324","Academic year","Local authority district","E92000001","England","E12000008","South East","E07000088","Gosport","Revised","Pupil residency","State-funded schools (LA)",25,954,35695.75,37.4,911,95.5,271,28.4,490,51.4,193,20.2,60,6.3,90,9.4,3054.94,3.2,912,"-455.864","-0.5","-0.59","-0.41"
"202324","Academic year","Local authority district","E92000001","England","E12000008","South East","E07000089","Hart","Revised","Pupil residency","State-funded schools (LA)",43,1091,55334.25,50.7,1068,97.9,603,55.3,807,74,350,32.1,211,19.3,268,24.6,4902.26,4.49,1026,"36.691","0.04","-0.05","0.12"
"202324","Academic year","Local authority district","E92000001","England","E12000008","South East","E07000090","Havant","Revised","Pupil residency","State-funded schools (LA)",41,1298,50303.5,38.8,1225,94.4,433,33.4,702,54.1,278,21.4,85,6.5,128,9.9,4244.09,3.27,1260,"-541.363","-0.43","-0.51","-0.35"
"202324","Academic year","Local authority district","E92000001","England","E12000008","South East","E07000091","New Forest","Revised","Pupil residency","State-funded schools (LA)",43,1660,72948.5,43.9,1592,95.9,715,43.1,1051,63.3,454,27.3,213,12.8,307,18.5,6392.99,3.85,1602,"-573.165","-0.36","-0.43","-0.29"
"202324","Academic year","Local authority district","E92000001","England","E12000008","South East","E07000092","Rushmoor","Revised","Pupil residency","State-funded schools (LA)",42,1004,45021.75,44.8,970,96.6,427,42.5,628,62.5,295,29.4,119,11.9,176,17.5,3943.94,3.93,921,"-193.524","-0.21","-0.3","-0.12"
"202324","Academic year","Local authority district","E92000001","England","E12000008","South East","E07000093","Test Valley","Revised","Pupil residency","State-funded schools (LA)",55,1322,60671.5,45.9,1272,96.2,577,43.6,868,65.7,470,35.6,216,16.3,308,23.3,5363.11,4.06,1237,"-49.609","-0.04","-0.12","0.04"
"202324","Academic year","Local authority district","E92000001","England","E12000008","South East","E07000094","Winchester","Revised","Pupil residency","State-funded schools (LA)",50,1258,65516.75,52.1,1225,97.4,720,57.2,940,74.7,592,47.1,345,27.4,446,35.5,5953.14,4.73,1170,"290.833","0.25","0.17","0.33"
"202324","Academic year","Local authority district","E92000001","England","E12000006","East of England","E07000095","Broxbourne","Revised","Pupil residency","State-funded schools (LA)",72,1231,56148.5,45.6,1190,96.7,558,45.3,797,64.7,571,46.4,208,16.9,314,25.5,4982.34,4.05,1187,"-3.642","0","-0.08","0.08"
"202324","Academic year","Local authority district","E92000001","England","E12000006","East of England","E07000096","Dacorum","Revised","Pupil residency","State-funded schools (LA)",62,1745,81564,46.7,1682,96.4,831,47.6,1183,67.8,600,34.4,324,18.6,417,23.9,7185.87,4.12,1650,"-136.416","-0.08","-0.15","-0.01"
"202324","Academic year","Local authority district","E92000001","England","E12000006","East of England","E07000098","Hertsmere","Revised","Pupil residency","State-funded schools (LA)",87,1231,62971.75,51.2,1198,97.3,682,55.4,905,73.5,566,46,298,24.2,382,31,5601.99,4.55,1142,"294.906","0.26","0.18","0.34"
"202324","Academic year","Local authority district","E92000001","England","E12000006","East of England","E07000099","North Hertfordshire","Revised","Pupil residency","State-funded schools (LA)",52,1445,69447.75,48.1,1385,95.8,728,50.4,997,69,603,41.7,301,20.8,434,30,6245.25,4.32,1387,"151.463","0.11","0.03","0.18"
"202324","Academic year","Local authority district","E92000001","England","E12000006","East of England","E07000102","Three Rivers","Revised","Pupil residency","State-funded schools (LA)",66,1116,56996.75,51.1,1074,96.2,619,55.5,836,74.9,624,55.9,320,28.7,428,38.4,5225.31,4.68,1047,"148.817","0.14","0.06","0.23"
"202324","Academic year","Local authority district","E92000001","England","E12000006","East of England","E07000103","Watford","Revised","Pupil residency","State-funded schools (LA)",61,1222,61148.25,50,1185,97,640,52.4,868,71,786,64.3,320,26.2,442,36.2,5673.35,4.64,1135,"182.298","0.16","0.08","0.24"
"202324","Academic year","Local authority district","E92000001","England","E12000008","South East","E07000105","Ashford","Revised","Pupil residency","State-funded schools (LA)",54,1632,74014.38,45.4,1572,96.3,762,46.7,1065,65.3,873,53.5,346,21.2,518,31.7,6727.37,4.12,1512,"-194.994","-0.13","-0.2","-0.06"
"202324","Academic year","Local authority district","E92000001","England","E12000008","South East","E07000106","Canterbury","Revised","Pupil residency","State-funded schools (LA)",51,1458,66327.13,45.5,1389,95.3,670,46,943,64.7,459,31.5,252,17.3,317,21.7,5777.58,3.96,1324,"-544.695","-0.41","-0.49","-0.34"
"202324","Academic year","Local authority district","E92000001","England","E12000008","South East","E07000107","Dartford","Revised","Pupil residency","State-funded schools (LA)",83,1586,80577.5,50.8,1532,96.6,868,54.7,1127,71.1,888,56,442,27.9,564,35.6,7351.83,4.64,1486,"156.68","0.11","0.03","0.18"
"202324","Academic year","Local authority district","E92000001","England","E12000008","South East","E07000108","Dover","Revised","Pupil residency","State-funded schools (LA)",44,1236,52928.5,42.8,1190,96.3,507,41,744,60.2,411,33.3,214,17.3,300,24.3,4664.98,3.77,1151,"-474.144","-0.41","-0.49","-0.33"
"202324","Academic year","Local authority district","E92000001","England","E12000008","South East","E07000109","Gravesham","Revised","Pupil residency","State-funded schools (LA)",69,1389,62192.5,44.8,1339,96.4,633,45.6,894,64.4,564,40.6,247,17.8,335,24.1,5561.44,4,1294,"-144.64","-0.11","-0.19","-0.03"
"202324","Academic year","Local authority district","E92000001","England","E12000008","South East","E07000110","Maidstone","Revised","Pupil residency","State-funded schools (LA)",77,1999,93529,46.8,1941,97.1,918,45.9,1313,65.7,972,48.6,467,23.4,607,30.4,8411.6,4.21,1890,"-242.033","-0.13","-0.19","-0.06"
"202324","Academic year","Local authority district","E92000001","England","E12000008","South East","E07000111","Sevenoaks","Revised","Pupil residency","State-funded schools (LA)",97,1273,64902.75,51,1221,95.9,697,54.8,921,72.3,674,52.9,333,26.2,447,35.1,5855.02,4.6,1181,"47.364","0.04","-0.04","0.12"
"202324","Academic year","Local authority district","E92000001","England","E12000008","South East","E07000112","Folkestone and Hythe","Revised","Pupil residency","State-funded schools (LA)",40,1135,47265,41.6,1090,96,409,36,634,55.9,393,34.6,170,15,235,20.7,4132.95,3.64,1082,"-506.31","-0.47","-0.55","-0.38"
"202324","Academic year","Local authority district","E92000001","England","E12000008","South East","E07000113","Swale","Revised","Pupil residency","State-funded schools (LA)",73,1754,72458.5,41.3,1660,94.6,674,38.4,1011,57.6,552,31.5,229,13.1,355,20.2,6286.38,3.58,1685,"-882.485","-0.52","-0.59","-0.46"
"202324","Academic year","Local authority district","E92000001","England","E12000008","South East","E07000114","Thanet","Revised","Pupil residency","State-funded schools (LA)",36,1587,66086.5,41.6,1503,94.7,575,36.2,880,55.5,458,28.9,233,14.7,317,20,5678.62,3.58,1505,"-394.891","-0.26","-0.33","-0.19"
"202324","Academic year","Local authority district","E92000001","England","E12000008","South East","E07000115","Tonbridge and Malling","Revised","Pupil residency","State-funded schools (LA)",80,1503,76177,50.7,1456,96.9,823,54.8,1081,71.9,852,56.7,420,27.9,535,35.6,6851.52,4.56,1399,"73.032","0.05","-0.02","0.13"
"202324","Academic year","Local authority district","E92000001","England","E12000008","South East","E07000116","Tunbridge Wells","Revised","Pupil residency","State-funded schools (LA)",35,1372,74887,54.6,1330,96.9,856,62.4,1067,77.8,905,66,520,37.9,649,47.3,6908.34,5.04,1166,"354.692","0.3","0.22","0.39"
"202324","Academic year","Local authority district","E92000001","England","E12000002","North West","E07000117","Burnley","Revised","Pupil residency","State-funded schools (LA)",39,1162,46837.5,40.3,1125,96.8,420,36.1,641,55.2,466,40.1,121,10.4,204,17.6,4139.69,3.56,1087,"-243.418","-0.22","-0.31","-0.14"
"202324","Academic year","Local authority district","E92000001","England","E12000002","North West","E07000118","Chorley","Revised","Pupil residency","State-funded schools (LA)",46,1253,62326.25,49.7,1210,96.6,675,53.9,916,73.1,442,35.3,242,19.3,323,25.8,5431.66,4.33,1216,"260.135","0.21","0.13","0.29"
"202324","Academic year","Local authority district","E92000001","England","E12000002","North West","E07000119","Fylde","Revised","Pupil residency","State-funded schools (LA)",30,698,31070.25,44.5,673,96.4,294,42.1,439,62.9,177,25.4,69,9.9,101,14.5,2657.24,3.81,667,"-210.974","-0.32","-0.42","-0.21"
"202324","Academic year","Local authority district","E92000001","England","E12000002","North West","E07000120","Hyndburn","Revised","Pupil residency","State-funded schools (LA)",38,975,40137.5,41.2,942,96.6,339,34.8,553,56.7,304,31.2,87,8.9,146,15,3449.94,3.54,934,"-318.855","-0.34","-0.43","-0.25"
"202324","Academic year","Local authority district","E92000001","England","E12000002","North West","E07000121","Lancaster","Revised","Pupil residency","State-funded schools (LA)",27,1403,62845,44.8,1322,94.2,608,43.3,885,63.1,404,28.8,188,13.4,246,17.5,5421.84,3.86,1347,"-233.65","-0.17","-0.25","-0.1"
"202324","Academic year","Local authority district","E92000001","England","E12000002","North West","E07000122","Pendle","Revised","Pupil residency","State-funded schools (LA)",36,1275,50517.25,39.6,1212,95.1,446,35,700,54.9,493,38.7,106,8.3,206,16.2,4441.34,3.48,1185,"-359.881","-0.3","-0.38","-0.22"
"202324","Academic year","Local authority district","E92000001","England","E12000002","North West","E07000123","Preston","Revised","Pupil residency","State-funded schools (LA)",53,1765,84892.25,48.1,1698,96.2,892,50.5,1195,67.7,724,41,378,21.4,471,26.7,7547.77,4.28,1634,"314.957","0.19","0.12","0.26"
"202324","Academic year","Local authority district","E92000001","England","E12000002","North West","E07000124","Ribble Valley","Revised","Pupil residency","State-funded schools (LA)",35,638,31532.88,49.4,623,97.6,339,53.1,457,71.6,151,23.7,96,15,122,19.1,2672.7,4.19,613,"97.482","0.16","0.05","0.27"
"202324","Academic year","Local authority district","E92000001","England","E12000002","North West","E07000125","Rossendale","Revised","Pupil residency","State-funded schools (LA)",47,870,37069,42.6,831,95.5,358,41.1,534,61.4,261,30,105,12.1,146,16.8,3208.08,3.69,838,"-288.395","-0.34","-0.44","-0.25"
"202324","Academic year","Local authority district","E92000001","England","E12000002","North West","E07000126","South Ribble","Revised","Pupil residency","State-funded schools (LA)",49,1244,58010.25,46.6,1208,97.1,603,48.5,846,68,392,31.5,197,15.8,276,22.2,5050.35,4.06,1211,"37.472","0.03","-0.05","0.11"
"202324","Academic year","Local authority district","E92000001","England","E12000002","North West","E07000127","West Lancashire","Revised","Pupil residency","State-funded schools (LA)",54,1238,55322,44.7,1193,96.4,546,44.1,805,65,384,31,139,11.2,210,17,4804.49,3.88,1203,"-133.528","-0.11","-0.19","-0.03"
"202324","Academic year","Local authority district","E92000001","England","E12000002","North West","E07000128","Wyre","Revised","Pupil residency","State-funded schools (LA)",40,1118,48161,43.1,1075,96.2,436,39,684,61.2,299,26.7,117,10.5,180,16.1,4151.37,3.71,1092,"-338.714","-0.31","-0.39","-0.23"
"202324","Academic year","Local authority district","E92000001","England","E12000004","East Midlands","E07000129","Blaby","Revised","Pupil residency","State-funded schools (LA)",51,1175,53591.75,45.6,1133,96.4,544,46.3,803,68.3,421,35.8,162,13.8,257,21.9,4691.58,3.99,1152,"-227.142","-0.2","-0.28","-0.12"
"202324","Academic year","Local authority district","E92000001","England","E12000004","East Midlands","E07000130","Charnwood","Revised","Pupil residency","State-funded schools (LA)",50,1725,80447.75,46.6,1672,96.9,830,48.1,1171,67.9,851,49.3,338,19.6,480,27.8,7308.03,4.24,1654,"-116.62","-0.07","-0.14","0"
"202324","Academic year","Local authority district","E92000001","England","E12000004","East Midlands","E07000131","Harborough","Revised","Pupil residency","State-funded schools (LA)",49,1038,51381.25,49.5,1008,97.1,567,54.6,762,73.4,453,43.6,218,21,290,27.9,4641.27,4.47,999,"131.749","0.13","0.04","0.22"
"202324","Academic year","Local authority district","E92000001","England","E12000004","East Midlands","E07000132","Hinckley and Bosworth","Revised","Pupil residency","State-funded schools (LA)",47,1237,57913,46.8,1197,96.8,606,49,862,69.7,354,28.6,208,16.8,261,21.1,5083.37,4.11,1204,"82.181","0.07","-0.01","0.15"
"202324","Academic year","Local authority district","E92000001","England","E12000004","East Midlands","E07000133","Melton","Revised","Pupil residency","State-funded schools (LA)",18,553,25594.25,46.3,534,96.6,261,47.2,371,67.1,189,34.2,101,18.3,134,24.2,2275.5,4.11,537,"-46.963","-0.09","-0.21","0.03"
"202324","Academic year","Local authority district","E92000001","England","E12000004","East Midlands","E07000134","North West Leicestershire","Revised","Pupil residency","State-funded schools (LA)",37,1146,49030.5,42.8,1115,97.3,489,42.7,701,61.2,407,35.5,152,13.3,224,19.5,4348.83,3.79,1118,"-303.247","-0.27","-0.35","-0.19"
"202324","Academic year","Local authority district","E92000001","England","E12000004","East Midlands","E07000135","Oadby and Wigston","Revised","Pupil residency","State-funded schools (LA)",34,691,32563.75,47.1,666,96.4,325,47,445,64.4,429,62.1,159,23,236,34.2,3018.68,4.37,638,"-20.177","-0.03","-0.14","0.08"
"202324","Academic year","Local authority district","E92000001","England","E12000004","East Midlands","E07000136","Boston","Revised","Pupil residency","State-funded schools (LA)",28,825,32385.25,39.3,779,94.4,264,32,428,51.9,225,27.3,90,10.9,122,14.8,2813.63,3.41,773,"-264.705","-0.34","-0.44","-0.24"
"202324","Academic year","Local authority district","E92000001","England","E12000004","East Midlands","E07000137","East Lindsey","Revised","Pupil residency","State-funded schools (LA)",38,1478,62117.75,42,1417,95.9,532,36,857,58,464,31.4,193,13.1,297,20.1,5452.22,3.69,1422,"-225.325","-0.16","-0.23","-0.08"
"202324","Academic year","Local authority district","E92000001","England","E12000004","East Midlands","E07000138","Lincoln","Revised","Pupil residency","State-funded schools (LA)",25,963,37527,39,905,94,320,33.2,503,52.2,382,39.7,127,13.2,189,19.6,3311.19,3.44,903,"-322.935","-0.36","-0.45","-0.27"
"202324","Academic year","Local authority district","E92000001","England","E12000004","East Midlands","E07000139","North Kesteven","Revised","Pupil residency","State-funded schools (LA)",39,1294,59057,45.6,1268,98,571,44.1,854,66,676,52.2,247,19.1,408,31.5,5337.09,4.12,1251,"-169.2","-0.14","-0.21","-0.06"
"202324","Academic year","Local authority district","E92000001","England","E12000004","East Midlands","E07000140","South Holland","Revised","Pupil residency","State-funded schools (LA)",38,1020,43775,42.9,970,95.1,363,35.6,613,60.1,265,26,97,9.5,149,14.6,3714.27,3.64,960,"-103.893","-0.11","-0.2","-0.02"
"202324","Academic year","Local authority district","E92000001","England","E12000004","East Midlands","E07000141","South Kesteven","Revised","Pupil residency","State-funded schools (LA)",46,1677,80919.5,48.3,1628,97.1,789,47,1111,66.2,595,35.5,325,19.4,426,25.4,7121.88,4.25,1603,"421.294","0.26","0.19","0.33"
"202324","Academic year","Local authority district","E92000001","England","E12000004","East Midlands","E07000142","West Lindsey","Revised","Pupil residency","State-funded schools (LA)",44,1044,46092.77,44.2,1002,96,446,42.7,661,63.3,366,35.1,135,12.9,227,21.7,4017.52,3.85,1014,"-78.967","-0.08","-0.17","0.01"
"202324","Academic year","Local authority district","E92000001","England","E12000006","East of England","E07000143","Breckland","Revised","Pupil residency","State-funded schools (LA)",46,1452,61138.75,42.1,1408,97,584,40.2,871,60,742,51.1,194,13.4,333,22.9,5568.54,3.84,1384,"-142.027","-0.1","-0.18","-0.03"
"202324","Academic year","Local authority district","E92000001","England","E12000006","East of England","E07000144","Broadland","Revised","Pupil residency","State-funded schools (LA)",35,1320,61164.5,46.3,1282,97.1,630,47.7,904,68.5,541,41,251,19,355,26.9,5486.15,4.16,1274,"-4.639","0","-0.08","0.07"
"202324","Academic year","Local authority district","E92000001","England","E12000006","East of England","E07000145","Great Yarmouth","Revised","Pupil residency","State-funded schools (LA)",29,1068,44693.75,41.8,1022,95.7,385,36,613,57.4,270,25.3,109,10.2,154,14.4,3825.34,3.58,1023,"-49.188","-0.05","-0.13","0.04"
"202324","Academic year","Local authority district","E92000001","England","E12000006","East of England","E07000146","King's Lynn and West Norfolk","Revised","Pupil residency","State-funded schools (LA)",43,1532,63041.5,41.1,1475,96.3,580,37.9,894,58.4,838,54.7,220,14.4,397,25.9,5758.58,3.76,1470,"-418.813","-0.28","-0.36","-0.21"
"202324","Academic year","Local authority district","E92000001","England","E12000006","East of England","E07000147","North Norfolk","Revised","Pupil residency","State-funded schools (LA)",28,844,37399,44.3,812,96.2,374,44.3,548,64.9,364,43.1,132,15.6,216,25.6,3376.51,4,826,"-28.636","-0.03","-0.13","0.06"
"202324","Academic year","Local authority district","E92000001","England","E12000006","East of England","E07000148","Norwich","Revised","Pupil residency","State-funded schools (LA)",30,1297,55156.75,42.5,1251,96.5,530,40.9,764,58.9,478,36.9,188,14.5,259,20,4874.68,3.76,1224,"-243.199","-0.2","-0.28","-0.12"
"202324","Academic year","Local authority district","E92000001","England","E12000006","East of England","E07000149","South Norfolk","Revised","Pupil residency","State-funded schools (LA)",46,1434,73016,50.9,1400,97.6,780,54.4,1077,75.1,745,52,357,24.9,495,34.5,6590.61,4.6,1365,"479.384","0.35","0.28","0.43"
"202324","Academic year","Local authority district","E92000001","England","E12000004","East Midlands","E07000170","Ashfield","Revised","Pupil residency","State-funded schools (LA)",57,1416,57786.75,40.8,1376,97.2,504,35.6,782,55.2,534,37.7,193,13.6,311,22,5100.55,3.6,1363,"-448.159","-0.33","-0.4","-0.25"
"202324","Academic year","Local authority district","E92000001","England","E12000004","East Midlands","E07000171","Bassetlaw","Revised","Pupil residency","State-funded schools (LA)",42,1268,54541.28,43,1229,96.9,507,40,782,61.7,450,35.5,213,16.8,301,23.7,4854.62,3.83,1223,"-213.483","-0.17","-0.25","-0.1"
"202324","Academic year","Local authority district","E92000001","England","E12000004","East Midlands","E07000172","Broxtowe","Revised","Pupil residency","State-funded schools (LA)",37,1153,55549,48.2,1125,97.6,595,51.6,799,69.3,443,38.4,247,21.4,328,28.4,5019.24,4.35,1096,"-2.069","0","-0.09","0.08"
"202324","Academic year","Local authority district","E92000001","England","E12000004","East Midlands","E07000173","Gedling","Revised","Pupil residency","State-funded schools (LA)",48,1288,60805.75,47.2,1254,97.4,620,48.1,876,68,455,35.3,211,16.4,314,24.4,5375.97,4.17,1250,"166.446","0.13","0.05","0.21"
"202324","Academic year","Local authority district","E92000001","England","E12000004","East Midlands","E07000174","Mansfield","Revised","Pupil residency","State-funded schools (LA)",36,1304,52586,40.3,1262,96.8,463,35.5,718,55.1,493,37.8,126,9.7,197,15.1,4590.44,3.52,1249,"-427.771","-0.34","-0.42","-0.26"
"202324","Academic year","Local authority district","E92000001","England","E12000004","East Midlands","E07000175","Newark and Sherwood","Revised","Pupil residency","State-funded schools (LA)",48,1283,58058.5,45.3,1246,97.1,548,42.7,838,65.3,489,38.1,195,15.2,283,22.1,5133.38,4,1246,"-15.463","-0.01","-0.09","0.07"
"202324","Academic year","Local authority district","E92000001","England","E12000004","East Midlands","E07000176","Rushcliffe","Revised","Pupil residency","State-funded schools (LA)",41,1360,76319.75,56.1,1329,97.7,915,67.3,1117,82.1,777,57.1,432,31.8,559,41.1,6985.45,5.14,1252,"553.221","0.44","0.36","0.52"
"202324","Academic year","Local authority district","E92000001","England","E12000008","South East","E07000177","Cherwell","Revised","Pupil residency","State-funded schools (LA)",51,1755,79067.75,45.1,1681,95.8,761,43.4,1132,64.5,686,39.1,263,15,390,22.2,7073.79,4.03,1646,"-193.396","-0.12","-0.19","-0.05"
"202324","Academic year","Local authority district","E92000001","England","E12000008","South East","E07000178","Oxford","Revised","Pupil residency","State-funded schools (LA)",29,1424,66144.75,46.4,1329,93.3,682,47.9,909,63.8,525,36.9,337,23.7,404,28.4,5981.62,4.2,1258,"226.465","0.18","0.1","0.26"
"202324","Academic year","Local authority district","E92000001","England","E12000008","South East","E07000179","South Oxfordshire","Revised","Pupil residency","State-funded schools (LA)",49,1474,73890.75,50.1,1400,95,781,53,1067,72.4,590,40,358,24.3,460,31.2,6632.31,4.5,1392,"439.143","0.32","0.24","0.39"
"202324","Academic year","Local authority district","E92000001","England","E12000008","South East","E07000180","Vale of White Horse","Revised","Pupil residency","State-funded schools (LA)",42,1404,62618.75,44.6,1313,93.5,620,44.2,878,62.5,449,32,219,15.6,300,21.4,5466.33,3.89,1337,"-113.624","-0.08","-0.16","-0.01"
"202324","Academic year","Local authority district","E92000001","England","E12000008","South East","E07000181","West Oxfordshire","Revised","Pupil residency","State-funded schools (LA)",31,1184,54461.25,46,1121,94.7,552,46.6,783,66.1,259,21.9,160,13.5,203,17.1,4694.92,3.97,1099,"17.146","0.02","-0.07","0.1"
"202324","Academic year","Local authority district","E92000001","England","E12000005","West Midlands","E07000192","Cannock Chase","Revised","Pupil residency","State-funded schools (LA)",43,1063,44660,42,1004,94.4,364,34.2,625,58.8,122,11.5,50,4.7,72,6.8,3625.89,3.41,1042,"-226.428","-0.22","-0.3","-0.13"
"202324","Academic year","Local authority district","E92000001","England","E12000005","West Midlands","E07000193","East Staffordshire","Revised","Pupil residency","State-funded schools (LA)",33,1459,64607.25,44.3,1423,97.5,596,40.8,889,60.9,517,35.4,190,13,281,19.3,5617.3,3.85,1389,"-174.774","-0.13","-0.2","-0.05"
"202324","Academic year","Local authority district","E92000001","England","E12000005","West Midlands","E07000194","Lichfield","Revised","Pupil residency","State-funded schools (LA)",46,1062,51620.25,48.6,1017,95.8,544,51.2,740,69.7,386,36.3,209,19.7,298,28.1,4505.33,4.24,1030,"72.079","0.07","-0.02","0.16"
"202324","Academic year","Local authority district","E92000001","England","E12000005","West Midlands","E07000195","Newcastle-under-Lyme","Revised","Pupil residency","State-funded schools (LA)",50,1278,54802.5,42.9,1233,96.5,465,36.4,772,60.4,380,29.7,132,10.3,211,16.5,4720.65,3.69,1238,"-361.829","-0.29","-0.37","-0.21"
"202324","Academic year","Local authority district","E92000001","England","E12000005","West Midlands","E07000196","South Staffordshire","Revised","Pupil residency","State-funded schools (LA)",83,1058,49701.5,47,1024,96.8,503,47.5,711,67.2,301,28.4,138,13,202,19.1,4236.14,4,1034,"64.363","0.06","-0.02","0.15"
"202324","Academic year","Local authority district","E92000001","England","E12000005","West Midlands","E07000197","Stafford","Revised","Pupil residency","State-funded schools (LA)",53,1408,64558.25,45.9,1361,96.7,608,43.2,920,65.3,409,29,211,15,283,20.1,5613.27,3.99,1353,"-164.154","-0.12","-0.2","-0.05"
"202324","Academic year","Local authority district","E92000001","England","E12000005","West Midlands","E07000198","Staffordshire Moorlands","Revised","Pupil residency","State-funded schools (LA)",43,1046,44773.5,42.8,1009,96.5,422,40.3,643,61.5,484,46.3,144,13.8,235,22.5,3948.17,3.77,1026,"-378.467","-0.37","-0.46","-0.28"
"202324","Academic year","Local authority district","E92000001","England","E12000005","West Midlands","E07000199","Tamworth","Revised","Pupil residency","State-funded schools (LA)",28,958,39105,40.8,923,96.3,318,33.2,540,56.4,376,39.2,91,9.5,156,16.3,3372.82,3.52,931,"-354.323","-0.38","-0.47","-0.29"
"202324","Academic year","Local authority district","E92000001","England","E12000006","East of England","E07000200","Babergh","Revised","Pupil residency","State-funded schools (LA)",40,892,40161.25,45,863,96.7,390,43.7,583,65.4,196,22,101,11.3,141,15.8,3451.9,3.87,861,"-92.826","-0.11","-0.2","-0.01"
"202324","Academic year","Local authority district","E92000001","England","E12000006","East of England","E07000202","Ipswich","Revised","Pupil residency","State-funded schools (LA)",37,1618,66756,41.3,1536,94.9,614,37.9,942,58.2,349,21.6,149,9.2,216,13.3,5735.74,3.54,1541,"-319.104","-0.21","-0.28","-0.14"
"202324","Academic year","Local authority district","E92000001","England","E12000006","East of England","E07000203","Mid Suffolk","Revised","Pupil residency","State-funded schools (LA)",36,1050,48969.25,46.6,1017,96.9,486,46.3,734,69.9,376,35.8,156,14.9,219,20.9,4279.61,4.08,1014,"39.167","0.04","-0.05","0.13"
"202324","Academic year","Local authority district","E92000001","England","E12000008","South East","E07000207","Elmbridge","Revised","Pupil residency","State-funded schools (LA)",60,1217,65149.5,53.5,1181,97,779,64,960,78.9,563,46.3,318,26.1,414,34,5877.09,4.83,1119,"355.622","0.32","0.23","0.4"
"202324","Academic year","Local authority district","E92000001","England","E12000008","South East","E07000208","Epsom and Ewell","Revised","Pupil residency","State-funded schools (LA)",54,955,52716,55.2,928,97.2,589,61.7,755,79.1,490,51.3,309,32.4,390,40.8,4839.68,5.07,863,"371.69","0.43","0.34","0.53"
"202324","Academic year","Local authority district","E92000001","England","E12000008","South East","E07000209","Guildford","Revised","Pupil residency","State-funded schools (LA)",50,1303,70537.25,54.1,1259,96.6,803,61.6,1007,77.3,547,42,319,24.5,400,30.7,6320.72,4.85,1196,"471.238","0.39","0.31","0.47"
"202324","Academic year","Local authority district","E92000001","England","E12000008","South East","E07000210","Mole Valley","Revised","Pupil residency","State-funded schools (LA)",44,842,44631.5,53,812,96.4,500,59.4,646,76.7,425,50.5,266,31.6,326,38.7,4086.54,4.85,797,"215.808","0.27","0.17","0.37"
"202324","Academic year","Local authority district","E92000001","England","E12000008","South East","E07000211","Reigate and Banstead","Revised","Pupil residency","State-funded schools (LA)",69,1633,82258,50.4,1576,96.5,892,54.6,1204,73.7,755,46.2,385,23.6,525,32.1,7346.74,4.5,1508,"309.991","0.21","0.13","0.28"
"202324","Academic year","Local authority district","E92000001","England","E12000008","South East","E07000212","Runnymede","Revised","Pupil residency","State-funded schools (LA)",44,787,39616,50.3,762,96.8,446,56.7,590,75,348,44.2,161,20.5,227,28.8,3536.27,4.49,739,"75.059","0.1","0","0.2"
"202324","Academic year","Local authority district","E92000001","England","E12000008","South East","E07000213","Spelthorne","Revised","Pupil residency","State-funded schools (LA)",67,1064,50929.75,47.9,1028,96.6,523,49.2,705,66.3,269,25.3,152,14.3,205,19.3,4409.9,4.14,992,"24.774","0.02","-0.06","0.11"
"202324","Academic year","Local authority district","E92000001","England","E12000008","South East","E07000214","Surrey Heath","Revised","Pupil residency","State-funded schools (LA)",47,985,50711.25,51.5,957,97.2,543,55.1,733,74.4,291,29.5,179,18.2,222,22.5,4431.88,4.5,905,"230.956","0.26","0.16","0.35"
"202324","Academic year","Local authority district","E92000001","England","E12000008","South East","E07000215","Tandridge","Revised","Pupil residency","State-funded schools (LA)",67,828,38424.25,46.4,789,95.3,393,47.5,564,68.1,324,39.1,155,18.7,229,27.7,3398.91,4.1,785,"-90.106","-0.11","-0.21","-0.02"
"202324","Academic year","Local authority district","E92000001","England","E12000008","South East","E07000216","Waverley","Revised","Pupil residency","State-funded schools (LA)",33,1121,62078.91,55.4,1086,96.9,702,62.6,903,80.6,395,35.2,270,24.1,330,29.4,5495.96,4.9,1059,"549.349","0.52","0.43","0.6"
"202324","Academic year","Local authority district","E92000001","England","E12000008","South East","E07000217","Woking","Revised","Pupil residency","State-funded schools (LA)",38,1095,55025.25,50.3,1056,96.4,605,55.3,792,72.3,553,50.5,305,27.9,389,35.5,4971.91,4.54,991,"189.584","0.19","0.1","0.28"
"202324","Academic year","Local authority district","E92000001","England","E12000005","West Midlands","E07000218","North Warwickshire","Revised","Pupil residency","State-funded schools (LA)",51,685,28536,41.7,648,94.6,262,38.2,408,59.6,243,35.5,93,13.6,129,18.8,2508.78,3.66,674,"-229.401","-0.34","-0.45","-0.23"
"202324","Academic year","Local authority district","E92000001","England","E12000005","West Midlands","E07000219","Nuneaton and Bedworth","Revised","Pupil residency","State-funded schools (LA)",55,1548,66670,43.1,1475,95.3,626,40.4,955,61.7,509,32.9,195,12.6,295,19.1,5761.57,3.72,1483,"-234.19","-0.16","-0.23","-0.09"
"202324","Academic year","Local authority district","E92000001","England","E12000005","West Midlands","E07000220","Rugby","Revised","Pupil residency","State-funded schools (LA)",36,1248,58521,46.9,1202,96.3,578,46.3,820,65.7,456,36.5,213,17.1,300,24,5164.75,4.14,1183,"1.981","0","-0.08","0.08"
"202324","Academic year","Local authority district","E92000001","England","E12000005","West Midlands","E07000221","Stratford-on-Avon","Revised","Pupil residency","State-funded schools (LA)",56,1389,71387,51.4,1353,97.4,765,55.1,994,71.6,596,42.9,338,24.3,427,30.7,6388.36,4.6,1314,"295.261","0.22","0.15","0.3"
"202324","Academic year","Local authority district","E92000001","England","E12000005","West Midlands","E07000222","Warwick","Revised","Pupil residency","State-funded schools (LA)",44,1390,69039.5,49.7,1334,96,744,53.5,987,71,555,39.9,306,22,394,28.3,6143.61,4.42,1295,"231.921","0.18","0.1","0.26"
"202324","Academic year","Local authority district","E92000001","England","E12000008","South East","E07000223","Adur","Revised","Pupil residency","State-funded schools (LA)",21,705,32909.26,46.7,676,95.9,360,51.1,510,72.3,386,54.8,168,23.8,267,37.9,3056.57,4.34,682,"67.086","0.1","-0.01","0.2"
"202324","Academic year","Local authority district","E92000001","England","E12000008","South East","E07000224","Arun","Revised","Pupil residency","State-funded schools (LA)",34,1502,63979.63,42.6,1442,96,606,40.3,921,61.3,397,26.4,149,9.9,226,15,5479.99,3.65,1453,"-202.141","-0.14","-0.21","-0.07"
"202324","Academic year","Local authority district","E92000001","England","E12000008","South East","E07000225","Chichester","Revised","Pupil residency","State-funded schools (LA)",34,1067,48430,45.4,1027,96.3,440,41.2,696,65.2,329,30.8,176,16.5,236,22.1,4252.15,3.99,1008,"-25.011","-0.02","-0.11","0.06"
"202324","Academic year","Local authority district","E92000001","England","E12000008","South East","E07000226","Crawley","Revised","Pupil residency","State-funded schools (LA)",35,1425,61646,43.3,1370,96.1,541,38,874,61.3,345,24.2,144,10.1,206,14.5,5350.54,3.75,1342,"-217.987","-0.16","-0.24","-0.09"
"202324","Academic year","Local authority district","E92000001","England","E12000008","South East","E07000227","Horsham","Revised","Pupil residency","State-funded schools (LA)",41,1450,71910,49.6,1416,97.7,767,52.9,1065,73.4,679,46.8,301,20.8,427,29.4,6450.86,4.45,1352,"227.951","0.17","0.09","0.24"
"202324","Academic year","Local authority district","E92000001","England","E12000008","South East","E07000228","Mid Sussex","Revised","Pupil residency","State-funded schools (LA)",39,1665,80946.25,48.6,1606,96.5,831,49.9,1172,70.4,775,46.5,384,23.1,558,33.5,7235.92,4.35,1569,"211.817","0.14","0.06","0.21"
"202324","Academic year","Local authority district","E92000001","England","E12000008","South East","E07000229","Worthing","Revised","Pupil residency","State-funded schools (LA)",23,1154,55460,48.1,1112,96.4,580,50.3,817,70.8,379,32.8,193,16.7,268,23.2,4788.27,4.15,1117,"274.944","0.25","0.16","0.33"
"202324","Academic year","Local authority district","E92000001","England","E12000005","West Midlands","E07000234","Bromsgrove","Revised","Pupil residency","State-funded schools (LA)",60,1030,48907.75,47.5,1004,97.5,521,50.6,733,71.2,548,53.2,217,21.1,352,34.2,4431.84,4.3,1005,"-109.174","-0.11","-0.2","-0.02"
"202324","Academic year","Local authority district","E92000001","England","E12000005","West Midlands","E07000235","Malvern Hills","Revised","Pupil residency","State-funded schools (LA)",25,672,32126.5,47.8,646,96.1,324,48.2,463,68.9,254,37.8,123,18.3,169,25.1,2851.6,4.24,631,"51.752","0.08","-0.03","0.19"
"202324","Academic year","Local authority district","E92000001","England","E12000005","West Midlands","E07000236","Redditch","Revised","Pupil residency","State-funded schools (LA)",35,1012,44134,43.6,980,96.8,427,42.2,628,62.1,250,24.7,90,8.9,142,14,3794.17,3.75,968,"-97.969","-0.1","-0.19","-0.01"
"202324","Academic year","Local authority district","E92000001","England","E12000005","West Midlands","E07000237","Worcester","Revised","Pupil residency","State-funded schools (LA)",27,1026,47713.5,46.5,985,96,484,47.2,690,67.3,399,38.9,161,15.7,230,22.4,4189.24,4.08,974,"-5.708","-0.01","-0.09","0.08"
"202324","Academic year","Local authority district","E92000001","England","E12000005","West Midlands","E07000238","Wychavon","Revised","Pupil residency","State-funded schools (LA)",53,1237,55468.25,44.8,1194,96.5,528,42.7,810,65.5,409,33.1,148,12,231,18.7,4830.65,3.91,1183,"103.04","0.09","0.01","0.17"
"202324","Academic year","Local authority district","E92000001","England","E12000005","West Midlands","E07000239","Wyre Forest","Revised","Pupil residency","State-funded schools (LA)",34,1005,41178.75,41,972,96.7,342,34,551,54.8,417,41.5,122,12.1,184,18.3,3623.84,3.61,977,"-398.814","-0.41","-0.5","-0.32"
"202324","Academic year","Local authority district","E92000001","England","E12000006","East of England","E07000240","St Albans","Revised","Pupil residency","State-funded schools (LA)",58,2045,116078.25,56.8,2003,97.9,1333,65.2,1651,80.7,970,47.4,615,30.1,774,37.8,10474.66,5.12,1875,"1083.351","0.58","0.51","0.64"
"202324","Academic year","Local authority district","E92000001","England","E12000006","East of England","E07000241","Welwyn Hatfield","Revised","Pupil residency","State-funded schools (LA)",73,1316,63648.25,48.4,1279,97.2,643,48.9,907,68.9,618,47,301,22.9,411,31.2,5731.92,4.36,1233,"202.77","0.16","0.09","0.24"
"202324","Academic year","Local authority district","E92000001","England","E12000006","East of England","E07000242","East Hertfordshire","Revised","Pupil residency","State-funded schools (LA)",57,1746,92566.25,53,1706,97.7,1042,59.7,1368,78.4,904,51.8,532,30.5,718,41.1,8427.77,4.83,1620,"491.058","0.3","0.23","0.37"
"202324","Academic year","Local authority district","E92000001","England","E12000006","East of England","E07000243","Stevenage","Revised","Pupil residency","State-funded schools (LA)",42,1033,46366.25,44.9,990,95.8,452,43.8,671,65,255,24.7,123,11.9,173,16.7,3989.24,3.86,979,"13.012","0.01","-0.08","0.1"
"202324","Academic year","Local authority district","E92000001","England","E12000006","East of England","E07000244","East Suffolk","Revised","Pupil residency","State-funded schools (LA)",50,2425,103854,42.8,2315,95.5,939,38.7,1527,63,432,17.8,197,8.1,288,11.9,8799.05,3.63,2343,"-496.752","-0.21","-0.27","-0.15"
"202324","Academic year","Local authority district","E92000001","England","E12000006","East of England","E07000245","West Suffolk","Revised","Pupil residency","State-funded schools (LA)",43,1685,72339,42.9,1623,96.3,631,37.4,1048,62.2,662,39.3,218,12.9,339,20.1,6402.56,3.8,1607,"-238.5","-0.15","-0.22","-0.08"
"202324","Academic year","Local authority district","E92000001","England","E12000002","North West","E08000001","Bolton","Revised","Pupil residency","State-funded schools (LA)",71,3884,177647.75,45.7,3760,96.8,1789,46.1,2524,65,1227,31.6,554,14.3,785,20.2,15320.37,3.94,3570,"148.183","0.04","0","0.09"
"202324","Academic year","Local authority district","E92000001","England","E12000002","North West","E08000002","Bury","Revised","Pupil residency","State-funded schools (LA)",59,2266,104093.78,45.9,2202,97.2,1021,45.1,1487,65.6,696,30.7,336,14.8,489,21.6,9122.18,4.03,2156,"-42.335","-0.02","-0.08","0.04"
"202324","Academic year","Local authority district","E92000001","England","E12000002","North West","E08000003","Manchester","Revised","Pupil residency","State-funded schools (LA)",122,6743,302506,44.9,6416,95.2,2865,42.5,4129,61.2,3120,46.3,1265,18.8,1836,27.2,27146.08,4.03,5982,"323.821","0.05","0.02","0.09"
"202324","Academic year","Local authority district","E92000001","England","E12000002","North West","E08000004","Oldham","Revised","Pupil residency","State-funded schools (LA)",57,3314,139412.25,42.1,3136,94.6,1302,39.3,1978,59.7,1326,40,505,15.2,756,22.8,12220.97,3.69,3123,"-620.532","-0.2","-0.25","-0.15"
"202324","Academic year","Local authority district","E92000001","England","E12000002","North West","E08000005","Rochdale","Revised","Pupil residency","State-funded schools (LA)",65,3086,128048,41.5,2962,96,1134,36.7,1767,57.3,1187,38.5,333,10.8,513,16.6,11073.11,3.59,2901,"-769.503","-0.27","-0.32","-0.21"
"202324","Academic year","Local authority district","E92000001","England","E12000002","North West","E08000006","Salford","Revised","Pupil residency","State-funded schools (LA)",95,2773,117675.89,42.4,2637,95.1,1063,38.3,1616,58.3,903,32.6,383,13.8,546,19.7,10259.91,3.7,2563,"-809.556","-0.32","-0.37","-0.26"
"202324","Academic year","Local authority district","E92000001","England","E12000002","North West","E08000007","Stockport","Revised","Pupil residency","State-funded schools (LA)",73,3208,155777.75,48.6,3093,96.4,1617,50.4,2231,69.5,1622,50.6,809,25.2,1097,34.2,14178.74,4.42,3063,"365.907","0.12","0.07","0.17"
"202324","Academic year","Local authority district","E92000001","England","E12000002","North West","E08000008","Tameside","Revised","Pupil residency","State-funded schools (LA)",72,2862,122983,43,2715,94.9,1185,41.4,1784,62.3,1058,37,423,14.8,655,22.9,10791.09,3.77,2739,"-558.865","-0.2","-0.26","-0.15"
"202324","Academic year","Local authority district","E92000001","England","E12000002","North West","E08000009","Trafford","Revised","Pupil residency","State-funded schools (LA)",62,3029,170824.94,56.4,2952,97.5,1923,63.5,2382,78.6,1440,47.5,923,30.5,1139,37.6,15429.92,5.09,2714,"849.411","0.31","0.26","0.37"
"202324","Academic year","Local authority district","E92000001","England","E12000002","North West","E08000010","Wigan","Revised","Pupil residency","State-funded schools (LA)",78,3843,165608.25,43.1,3699,96.3,1531,39.8,2317,60.3,1066,27.7,381,9.9,563,14.7,14178.23,3.69,3698,"-1213.425","-0.33","-0.37","-0.28"
"202324","Academic year","Local authority district","E92000001","England","E12000002","North West","E08000011","Knowsley","Revised","Pupil residency","State-funded schools (LA)",76,1837,69744.75,38,1722,93.7,571,31.1,914,49.8,558,30.4,148,8.1,257,14,5927.17,3.23,1760,"-1280.488","-0.73","-0.79","-0.66"
"202324","Academic year","Local authority district","E92000001","England","E12000002","North West","E08000012","Liverpool","Revised","Pupil residency","State-funded schools (LA)",86,5201,210626.25,40.5,4876,93.8,1893,36.4,2825,54.3,1945,37.4,664,12.8,1005,19.3,18326.28,3.52,4810,"-2351.492","-0.49","-0.53","-0.45"
"202324","Academic year","Local authority district","E92000001","England","E12000002","North West","E08000013","St. Helens","Revised","Pupil residency","State-funded schools (LA)",56,2123,91051.25,42.9,2026,95.4,828,39,1263,59.5,756,35.6,303,14.3,470,22.1,7823.68,3.69,2046,"-657.938","-0.32","-0.38","-0.26"
"202324","Academic year","Local authority district","E92000001","England","E12000002","North West","E08000014","Sefton","Revised","Pupil residency","State-funded schools (LA)",63,2866,121269.5,42.3,2723,95,1094,38.2,1680,58.6,1075,37.5,345,12,548,19.1,10513.08,3.67,2741,"-1040.596","-0.38","-0.43","-0.33"
"202324","Academic year","Local authority district","E92000001","England","E12000002","North West","E08000015","Wirral","Revised","Pupil residency","State-funded schools (LA)",44,3701,159945,43.2,3547,95.8,1468,39.7,2193,59.3,1620,43.8,634,17.1,952,25.7,13990.04,3.78,3552,"-641.272","-0.18","-0.23","-0.13"
"202324","Academic year","Local authority district","E92000001","England","E12000003","Yorkshire and The Humber","E08000016","Barnsley","Revised","Pupil residency","State-funded schools (LA)",48,2771,118056.5,42.6,2673,96.5,1158,41.8,1671,60.3,1142,41.2,489,17.6,728,26.3,10528.15,3.8,2692,"-740.834","-0.28","-0.33","-0.22"
"202324","Academic year","Local authority district","E92000001","England","E12000003","Yorkshire and The Humber","E08000017","Doncaster","Revised","Pupil residency","State-funded schools (LA)",64,3556,156926.01,44.1,3448,97,1522,42.8,2266,63.7,871,24.5,425,12,614,17.3,13292.06,3.74,3412,"-30.47","-0.01","-0.06","0.04"
"202324","Academic year","Local authority district","E92000001","England","E12000003","Yorkshire and The Humber","E08000018","Rotherham","Revised","Pupil residency","State-funded schools (LA)",66,3278,137516,42,3151,96.1,1254,38.3,1930,58.9,1134,34.6,273,8.3,483,14.7,11677.2,3.56,3170,"-565.514","-0.18","-0.23","-0.13"
"202324","Academic year","Local authority district","E92000001","England","E12000003","Yorkshire and The Humber","E08000019","Sheffield","Revised","Pupil residency","State-funded schools (LA)",62,6159,269218.25,43.7,5871,95.3,2729,44.3,3800,61.7,2350,38.2,1065,17.3,1482,24.1,23899.58,3.88,5795,"-945.282","-0.16","-0.2","-0.13"
"202324","Academic year","Local authority district","E92000001","England","E12000001","North East","E08000021","Newcastle upon Tyne","Revised","Pupil residency","State-funded schools (LA)",55,2914,126060,43.3,2742,94.1,1226,42.1,1781,61.1,1309,44.9,581,19.9,824,28.3,11390.91,3.91,2729,"-707.936","-0.26","-0.31","-0.21"
"202324","Academic year","Local authority district","E92000001","England","E12000001","North East","E08000022","North Tyneside","Revised","Pupil residency","State-funded schools (LA)",37,2310,105836,45.8,2204,95.4,1013,43.9,1482,64.2,704,30.5,345,14.9,460,19.9,9218.68,3.99,2243,"-289.697","-0.13","-0.19","-0.07"
"202324","Academic year","Local authority district","E92000001","England","E12000001","North East","E08000023","South Tyneside","Revised","Pupil residency","State-funded schools (LA)",31,1633,68244.5,41.8,1566,95.9,576,35.3,946,57.9,608,37.2,208,12.7,335,20.5,5974.32,3.66,1576,"-618.925","-0.39","-0.46","-0.32"
"202324","Academic year","Local authority district","E92000001","England","E12000001","North East","E08000024","Sunderland","Revised","Pupil residency","State-funded schools (LA)",62,3198,137536,43,3066,95.9,1333,41.7,1941,60.7,1310,41,529,16.5,795,24.9,12116.57,3.79,3037,"-942.58","-0.31","-0.36","-0.26"
"202324","Academic year","Local authority district","E92000001","England","E12000005","West Midlands","E08000025","Birmingham","Revised","Pupil residency","State-funded schools (LA)",191,15684,710549,45.3,15009,95.7,7086,45.2,9946,63.4,7149,45.6,2781,17.7,3954,25.2,63028.86,4.02,14502,"62.082","0","-0.02","0.03"
"202324","Academic year","Local authority district","E92000001","England","E12000005","West Midlands","E08000026","Coventry","Revised","Pupil residency","State-funded schools (LA)",61,4348,194175,44.7,4165,95.8,1923,44.2,2797,64.3,1480,34,606,13.9,877,20.2,16945.9,3.9,3925,"35.534","0.01","-0.04","0.05"
"202324","Academic year","Local authority district","E92000001","England","E12000005","West Midlands","E08000027","Dudley","Revised","Pupil residency","State-funded schools (LA)",105,3823,164632.25,43.1,3686,96.4,1579,41.3,2320,60.7,1102,28.8,466,12.2,672,17.6,14101.6,3.69,3668,"-377.515","-0.1","-0.15","-0.06"
"202324","Academic year","Local authority district","E92000001","England","E12000005","West Midlands","E08000028","Sandwell","Revised","Pupil residency","State-funded schools (LA)",124,4806,209491,43.6,4644,96.6,1876,39,2827,58.8,1759,36.6,644,13.4,970,20.2,18301.03,3.81,4497,"-371.87","-0.08","-0.12","-0.04"
"202324","Academic year","Local authority district","E92000001","England","E12000005","West Midlands","E08000029","Solihull","Revised","Pupil residency","State-funded schools (LA)",88,2480,123597.25,49.8,2378,95.9,1310,52.8,1746,70.4,1167,47.1,601,24.2,794,32,11037.53,4.45,2298,"139.85","0.06","0","0.12"
"202324","Academic year","Local authority district","E92000001","England","E12000005","West Midlands","E08000030","Walsall","Revised","Pupil residency","State-funded schools (LA)",117,3769,160340.5,42.5,3603,95.6,1413,37.5,2223,59,1370,36.3,487,12.9,763,20.2,13894.72,3.69,3560,"-760.728","-0.21","-0.26","-0.17"
"202324","Academic year","Local authority district","E92000001","England","E12000005","West Midlands","E08000031","Wolverhampton","Revised","Pupil residency","State-funded schools (LA)",86,3581,156590.75,43.7,3473,97,1404,39.2,2095,58.5,990,27.6,322,9,497,13.9,13112.48,3.66,3260,"-252.693","-0.08","-0.13","-0.03"
"202324","Academic year","Local authority district","E92000001","England","E12000003","Yorkshire and The Humber","E08000032","Bradford","Revised","Pupil residency","State-funded schools (LA)",94,8012,334524.75,41.8,7648,95.5,3128,39,4563,57,3478,43.4,1129,14.1,1695,21.2,29391.09,3.67,7589,"-1954.548","-0.26","-0.29","-0.23"
"202324","Academic year","Local authority district","E92000001","England","E12000003","Yorkshire and The Humber","E08000033","Calderdale","Revised","Pupil residency","State-funded schools (LA)",42,2481,115810.25,46.7,2421,97.6,1151,46.4,1632,65.8,834,33.6,377,15.2,540,21.8,10006.1,4.03,2401,"-34.786","-0.01","-0.07","0.04"
"202324","Academic year","Local authority district","E92000001","England","E12000003","Yorkshire and The Humber","E08000034","Kirklees","Revised","Pupil residency","State-funded schools (LA)",77,5510,253069.5,45.9,5331,96.8,2575,46.7,3660,66.4,2161,39.2,997,18.1,1407,25.5,22374.99,4.06,5332,"369.171","0.07","0.03","0.11"
"202324","Academic year","Local authority district","E92000001","England","E12000003","Yorkshire and The Humber","E08000035","Leeds","Revised","Pupil residency","State-funded schools (LA)",104,9083,419183.51,46.2,8734,96.2,4314,47.5,5978,65.8,4419,48.7,1852,20.4,2702,29.7,37722.47,4.15,8544,"1255.849","0.15","0.12","0.18"
"202324","Academic year","Local authority district","E92000001","England","E12000003","Yorkshire and The Humber","E08000036","Wakefield","Revised","Pupil residency","State-funded schools (LA)",67,3967,178459,45,3832,96.6,1857,46.8,2581,65.1,1467,37,664,16.7,921,23.2,15720.55,3.96,3822,"65.061","0.02","-0.03","0.06"
"202324","Academic year","Local authority district","E92000001","England","E12000001","North East","E08000037","Gateshead","Revised","Pupil residency","State-funded schools (LA)",51,1939,87777.25,45.3,1840,94.9,906,46.7,1283,66.2,1017,52.4,457,23.6,671,34.6,7998.57,4.13,1874,"-410.946","-0.22","-0.28","-0.16"
"202324","Academic year","Local authority district","E92000001","England","E13000001","Inner London","E09000001","City of London","Revised","Pupil residency","State-funded schools (LA)",10,16,891,55.7,14,87.5,11,68.8,13,81.3,8,50,7,43.8,7,43.8,83.32,5.21,14,"5.837","0.42","-0.32","1.16"
"202324","Academic year","Local authority district","E92000001","England","E13000002","Outer London","E09000002","Barking and Dagenham","Revised","Pupil residency","State-funded schools (LA)",155,3546,171556.5,48.4,3420,96.4,1761,49.7,2380,67.1,1532,43.2,689,19.4,970,27.4,15109.02,4.26,3262,"791.046","0.24","0.19","0.29"
"202324","Academic year","Local authority district","E92000001","England","E13000002","Outer London","E09000003","Barnet","Revised","Pupil residency","State-funded schools (LA)",135,4134,231947.75,56.1,4040,97.7,2687,65,3313,80.1,2486,60.1,1434,34.7,1810,43.8,21512.7,5.2,3653,"2139.079","0.59","0.54","0.63"
"202324","Academic year","Local authority district","E92000001","England","E13000002","Outer London","E09000004","Bexley","Revised","Pupil residency","State-funded schools (LA)",115,3235,157966.25,48.8,3123,96.5,1697,52.5,2271,70.2,1379,42.6,733,22.7,962,29.7,14070.07,4.35,3043,"-66.086","-0.02","-0.07","0.03"
"202324","Academic year","Local authority district","E92000001","England","E13000002","Outer London","E09000005","Brent","Revised","Pupil residency","State-funded schools (LA)",152,3730,189112.75,50.7,3624,97.2,2030,54.4,2622,70.3,2316,62.1,1054,28.3,1470,39.4,17566.59,4.71,3286,"1522.979","0.46","0.42","0.51"
"202324","Academic year","Local authority district","E92000001","England","E13000002","Outer London","E09000006","Bromley","Revised","Pupil residency","State-funded schools (LA)",145,3556,184858.25,52,3434,96.6,2087,58.7,2666,75,2091,58.8,1112,31.3,1472,41.4,17009.78,4.78,3322,"319.134","0.1","0.05","0.14"
"202324","Academic year","Local authority district","E92000001","England","E13000001","Inner London","E09000007","Camden","Revised","Pupil residency","State-funded schools (LA)",87,1405,68269.75,48.6,1328,94.5,744,53,959,68.3,708,50.4,347,24.7,464,33,6252.25,4.45,1300,"-80.264","-0.06","-0.14","0.02"
"202324","Academic year","Local authority district","E92000001","England","E13000002","Outer London","E09000008","Croydon","Revised","Pupil residency","State-funded schools (LA)",173,4713,223120.14,47.3,4522,95.9,2298,48.8,3110,66,2313,49.1,935,19.8,1343,28.5,20094.88,4.26,4319,"215.255","0.05","0.01","0.09"
"202324","Academic year","Local authority district","E92000001","England","E13000002","Outer London","E09000009","Ealing","Revised","Pupil residency","State-funded schools (LA)",159,4159,221802.5,53.3,4046,97.3,2496,60,3157,75.9,2639,63.5,1335,32.1,1800,43.3,20682.79,4.97,3779,"2119.414","0.56","0.52","0.61"
"202324","Academic year","Local authority district","E92000001","England","E13000002","Outer London","E09000010","Enfield","Revised","Pupil residency","State-funded schools (LA)",138,4484,212980.5,47.5,4316,96.3,2224,49.6,3005,67,2623,58.5,995,22.2,1425,31.8,19585.41,4.37,4179,"630.719","0.15","0.11","0.19"
"202324","Academic year","Local authority district","E92000001","England","E13000002","Outer London","E09000011","Greenwich","Revised","Pupil residency","State-funded schools (LA)",120,3230,156602.51,48.5,3114,96.4,1696,52.5,2250,69.7,1511,46.8,742,23,1016,31.5,14124.38,4.37,2945,"17.406","0.01","-0.05","0.06"
"202324","Academic year","Local authority district","E92000001","England","E13000001","Inner London","E09000012","Hackney","Revised","Pupil residency","State-funded schools (LA)",117,2446,124875.25,51.1,2369,96.9,1304,53.3,1753,71.7,1391,56.9,681,27.8,909,37.2,11350.57,4.64,2237,"1092.314","0.49","0.43","0.55"
"202324","Academic year","Local authority district","E92000001","England","E13000001","Inner London","E09000013","Hammersmith and Fulham","Revised","Pupil residency","State-funded schools (LA)",73,1136,60674,53.4,1093,96.2,674,59.3,855,75.3,696,61.3,369,32.5,482,42.4,5597.82,4.93,980,"358.764","0.37","0.28","0.45"
"202324","Academic year","Local authority district","E92000001","England","E13000001","Inner London","E09000014","Haringey","Revised","Pupil residency","State-funded schools (LA)",125,2695,131430.25,48.8,2582,95.8,1361,50.5,1823,67.6,1351,50.1,602,22.3,784,29.1,11918.1,4.42,2406,"763.513","0.32","0.26","0.37"
"202324","Academic year","Local authority district","E92000001","England","E13000002","Outer London","E09000015","Harrow","Revised","Pupil residency","State-funded schools (LA)",104,2946,159724.39,54.2,2885,97.9,1760,59.7,2247,76.3,1913,64.9,873,29.6,1168,39.6,14732.52,5,2602,"1377.357","0.53","0.47","0.58"
"202324","Academic year","Local authority district","E92000001","England","E13000002","Outer London","E09000016","Havering","Revised","Pupil residency","State-funded schools (LA)",149,3205,158659.25,49.5,3107,96.9,1717,53.6,2307,72,1982,61.8,769,24,1098,34.3,14373.52,4.48,2988,"365.137","0.12","0.07","0.17"
"202324","Academic year","Local authority district","E92000001","England","E13000002","Outer London","E09000017","Hillingdon","Revised","Pupil residency","State-funded schools (LA)",134,3733,191121.5,51.2,3622,97,2122,56.8,2709,72.6,1982,53.1,935,25,1255,33.6,17263.22,4.62,3427,"1120.649","0.33","0.28","0.37"
"202324","Academic year","Local authority district","E92000001","England","E13000002","Outer London","E09000018","Hounslow","Revised","Pupil residency","State-funded schools (LA)",127,3469,175750.75,50.7,3338,96.2,1905,54.9,2490,71.8,1885,54.3,897,25.9,1254,36.1,16008.54,4.61,3046,"1178.868","0.39","0.34","0.44"
"202324","Academic year","Local authority district","E92000001","England","E13000001","Inner London","E09000019","Islington","Revised","Pupil residency","State-funded schools (LA)",92,1632,79605.5,48.8,1563,95.8,848,52,1117,68.4,762,46.7,410,25.1,534,32.7,7221.45,4.42,1531,"165.772","0.11","0.04","0.18"
"202324","Academic year","Local authority district","E92000001","England","E13000001","Inner London","E09000020","Kensington and Chelsea","Revised","Pupil residency","State-funded schools (LA)",52,598,31890.5,53.3,576,96.3,358,59.9,454,75.9,330,55.2,176,29.4,229,38.3,2913.22,4.87,522,"71.688","0.14","0.02","0.26"
"202324","Academic year","Local authority district","E92000001","England","E13000002","Outer London","E09000021","Kingston upon Thames","Revised","Pupil residency","State-funded schools (LA)",59,1782,100997.25,56.7,1724,96.7,1187,66.6,1446,81.1,1059,59.4,611,34.3,801,44.9,9277.89,5.21,1592,"993.841","0.62","0.55","0.69"
"202324","Academic year","Local authority district","E92000001","England","E13000001","Inner London","E09000022","Lambeth","Revised","Pupil residency","State-funded schools (LA)",134,2587,124708.25,48.2,2495,96.4,1276,49.3,1761,68.1,1427,55.2,623,24.1,847,32.7,11341.27,4.38,2421,"230.338","0.1","0.04","0.15"
"202324","Academic year","Local authority district","E92000001","England","E13000001","Inner London","E09000023","Lewisham","Revised","Pupil residency","State-funded schools (LA)",145,3055,149533.25,48.9,2946,96.4,1555,50.9,2139,70,1752,57.3,803,26.3,1080,35.4,13752.99,4.5,2858,"598.16","0.21","0.16","0.26"
"202324","Academic year","Local authority district","E92000001","England","E13000002","Outer London","E09000024","Merton","Revised","Pupil residency","State-funded schools (LA)",106,2062,111392.26,54,1984,96.2,1232,59.7,1585,76.9,1258,61,692,33.6,906,43.9,10309.12,5,1853,"1228.304","0.66","0.6","0.73"
"202324","Academic year","Local authority district","E92000001","England","E13000001","Inner London","E09000025","Newham","Revised","Pupil residency","State-funded schools (LA)",182,4519,230276,51,4362,96.5,2534,56.1,3267,72.3,2759,61.1,1168,25.8,1618,35.8,20778.14,4.6,4095,"1122.953","0.27","0.23","0.32"
"202324","Academic year","Local authority district","E92000001","England","E13000002","Outer London","E09000026","Redbridge","Revised","Pupil residency","State-funded schools (LA)",139,3841,211383.38,55,3747,97.6,2460,64,3022,78.7,2173,56.6,1154,30,1496,38.9,19291.57,5.02,3492,"1830.39","0.52","0.48","0.57"
"202324","Academic year","Local authority district","E92000001","England","E13000002","Outer London","E09000027","Richmond upon Thames","Revised","Pupil residency","State-funded schools (LA)",77,1766,102946.39,58.3,1714,97.1,1239,70.2,1496,84.7,1058,59.9,701,39.7,867,49.1,9535.09,5.4,1597,"745.82","0.47","0.4","0.54"
"202324","Academic year","Local authority district","E92000001","England","E13000001","Inner London","E09000028","Southwark","Revised","Pupil residency","State-funded schools (LA)",134,2889,143068.75,49.5,2793,96.7,1481,51.3,2002,69.3,1817,62.9,755,26.1,1058,36.6,13170.53,4.56,2685,"969.034","0.36","0.31","0.41"
"202324","Academic year","Local authority district","E92000001","England","E13000002","Outer London","E09000029","Sutton","Revised","Pupil residency","State-funded schools (LA)",90,2556,140694,55,2479,97,1570,61.4,2005,78.4,1197,46.8,749,29.3,918,35.9,12727.17,4.98,2332,"747.072","0.32","0.26","0.38"
"202324","Academic year","Local authority district","E92000001","England","E13000001","Inner London","E09000030","Tower Hamlets","Revised","Pupil residency","State-funded schools (LA)",118,3200,158885.5,49.7,3087,96.5,1709,53.4,2247,70.2,1923,60.1,852,26.6,1183,37,14458.16,4.52,2939,"523.97","0.18","0.13","0.23"
"202324","Academic year","Local authority district","E92000001","England","E13000002","Outer London","E09000031","Waltham Forest","Revised","Pupil residency","State-funded schools (LA)",130,3197,153775.5,48.1,3078,96.3,1574,49.2,2192,68.6,1352,42.3,632,19.8,849,26.6,13653.17,4.27,2936,"-46.734","-0.02","-0.07","0.04"
"202324","Academic year","Local authority district","E92000001","England","E13000001","Inner London","E09000032","Wandsworth","Revised","Pupil residency","State-funded schools (LA)",109,2081,109893.25,52.8,2015,96.8,1234,59.3,1532,73.6,1265,60.8,695,33.4,901,43.3,10249.82,4.93,1915,"994.79","0.52","0.46","0.58"
"202324","Academic year","Local authority district","E92000001","England","E13000001","Inner London","E09000033","Westminster","Revised","Pupil residency","State-funded schools (LA)",76,1092,57582.5,52.7,1061,97.2,647,59.2,829,75.9,737,67.5,351,32.1,484,44.3,5345.66,4.9,990,"492.72","0.5","0.41","0.59"
