laua,laua_name,All Premises,All Matched Premises,SFBB availability (% premises),UFBB (100Mbit/s) availability (% premises),UFBB availability (% premises),Full Fibre availability (% premises),Gigabit availability (% premises),% of premises unable to receive 2Mbit/s,% of premises unable to receive 5Mbit/s,% of premises unable to receive 10Mbit/s,% of premises unable to receive 30Mbit/s,% of premises below the USO,% of premises with NGA,% of premises able to receive decent broadband from FWA,Number of premises with SFBB availability,Number of premises with UFBB (100Mbit/s) availability,Number of premises with UFBB availability,Number of premises with Full Fibre availability,Number of premises with Gigabit availability,Number of premises unable to receive 2Mbit/s,Number of premises unable to receive 5Mbit/s,Number of premises unable to receive 10Mbit/s,Number of premises unable to receive 30Mbit/s,Number of premises below the USO,Number of premises with NGA,Number of premises able to receive decent broadband from FWA,% of premises with 30<300Mbit/s download speed,% of premises with >=300Mbit/s download speed,% of premises with 0<2Mbit/s download speed,% of premises with 2<5Mbit/s download speed,% of premises with 5<10Mbit/s download speed,% of premises with 10<30Mbit/s download speed,Number of premises with 30<300Mbit/s download speed,Number of premises with >=300Mbit/s download speed,Number of premises with 0<2Mbit/s download speed,Number of premises with 2<5Mbit/s download speed,Number of premises with 5<10Mbit/s download speed,Number of premises with 10<30Mbit/s download speed
S12000033,Aberdeen City,124861,124787,98.4,92.5,92.3,91.9,91.9,0,0.1,0.1,1.5,0,99,0,122863,115553,115279,114743,114743,30,98,144,1924,36,123583,0,6.1,92.3,0,0.1,0,1.4,7584,115279,30,68,46,1780
S12000034,Aberdeenshire,122471,122281,90.2,44,43.9,43.9,43.9,1.4,3.2,5.5,9.7,1.5,96.9,0,110459,53860,53775,53712,53712,1737,3923,6713,11822,1843,118632,0,46.3,43.9,1.4,1.8,2.3,4.2,56684,53775,1737,2186,2790,5109
E07000223,Adur,28746,28703,99.3,95.8,95.8,77.7,95.8,0,0,0.1,0.6,0,99.7,0,28535,27544,27544,22349,27544,0,11,23,168,5,28647,0,3.4,95.8,0,0,0,0.5,991,27544,0,11,12,145
E07000032,Amber Valley,60306,60271,98.7,90.5,90.3,90.2,90.2,0,0.2,0.3,1.3,0.1,99.7,0,59511,54552,54472,54371,54374,29,130,173,760,45,60147,0,8.4,90.3,0,0.2,0.1,1,5039,54472,29,101,43,587
S12000041,Angus,58419,58300,90.7,59.7,59.6,50.7,59.6,0.9,2.4,4.7,9.1,1,96.3,0,52957,34854,34832,29644,34831,548,1410,2726,5343,596,56239,0,31,59.6,0.9,1.5,2.3,4.5,18125,34832,548,862,1316,2617
N09000001,Antrim and Newtownabbey,62814,62769,99.7,98.2,98.2,97.8,98.2,0,0.1,0.1,0.3,0,99.9,0,62599,61713,61711,61436,61707,26,52,61,170,17,62739,0,1.4,98.2,0,0,0,0.2,888,61711,26,26,9,109
N09000011,Ards and North Down,75334,75240,99.6,96.9,96.9,96.5,96.9,0,0.1,0.1,0.3,0.1,99.9,0,74996,73004,73004,72724,73004,19,49,94,244,43,75237,0,2.6,96.9,0,0,0.1,0.2,1992,73004,19,30,45,150
S12000035,Argyll and Bute,50403,50045,89,21.8,21.8,21.8,21.8,1.9,3.1,4.9,10.3,1.6,95,0,44862,10968,10968,10967,10968,935,1555,2487,5183,801,47878,3,67.2,21.8,1.9,1.2,1.8,5.3,33894,10968,935,620,932,2696
N09000002,"Armagh City, Banbridge and Craigavon",89965,89301,98.2,94,94,94,94,0.1,0.3,0.4,1.1,0.3,99.1,0.2,88311,84576,84576,84576,84576,110,257,386,990,281,89145,142,4.2,94,0.1,0.2,0.1,0.7,3735,84576,110,147,129,604
E07000224,Arun,79253,79236,98.6,77,75.8,75.1,75.1,0,0.1,0.1,1.4,0.1,99.9,0,78140,61009,60074,59508,59528,24,48,105,1096,45,79210,0,22.8,75.8,0,0,0.1,1.3,18066,60074,24,24,57,991
E07000170,Ashfield,57774,57765,99.4,95.4,95.4,67.6,95.4,0,0.2,0.2,0.6,0,99.8,0,57446,55145,55128,39064,55098,7,98,110,319,3,57674,1,4,95.4,0,0.2,0,0.4,2318,55128,7,91,12,209
E07000105,Ashford,57312,57286,95,76.5,75.8,68.5,75.3,0.3,1,1.7,5,0.3,99.1,51,54421,43824,43443,39246,43170,161,560,978,2865,182,56818,29244,19.2,75.8,0.3,0.7,0.7,3.3,10978,43443,161,399,418,1887
E07000200,Babergh,43601,43585,97.8,72.2,72.1,72.1,72.1,0.2,0.4,0.5,2.1,0.1,99.6,8.1,42650,31486,31434,31416,31419,82,163,235,935,62,43448,3536,25.7,72.1,0.2,0.2,0.2,1.6,11216,31434,82,81,72,700
E09000002,Barking and Dagenham,81816,81796,99.4,95.5,95.5,89.8,95.5,0,0.2,0.3,0.5,0,99.4,0,81360,78156,78155,73474,78155,12,176,274,436,1,81362,0,3.9,95.5,0,0.2,0.1,0.2,3205,78155,12,164,98,162
E09000003,Barnet,159866,159823,98.9,81.5,80,68.2,78.6,0,0,0.1,1.1,0,99.3,0,158139,130240,127884,109094,125723,0,6,139,1684,3,158695,0,18.9,80,0,0,0.1,1,30255,127884,0,6,133,1545
E08000016,Barnsley,114636,114622,99.4,90.4,89.4,82.7,88.7,0,0.1,0.1,0.6,0,99.9,35.9,113961,103647,102476,94848,101714,33,104,171,661,9,114465,41167,10,89.4,0,0.1,0.1,0.4,11485,102476,33,71,67,490
E07000066,Basildon,79977,79966,99.3,92.3,91.9,73.7,91.6,0,0.1,0.2,0.7,0,99.7,0,79416,73800,73522,58981,73261,6,62,125,550,2,79764,0,7.4,91.9,0,0.1,0.1,0.5,5894,73522,6,56,63,425
E07000084,Basingstoke and Deane,81710,81691,97.8,81.9,81.8,69,81.8,0.1,0.3,0.6,2.2,0.1,99.4,0,79916,66961,66878,56365,66817,80,277,503,1775,98,81186,0,16,81.8,0.1,0.2,0.3,1.6,13038,66878,80,197,226,1272
E07000171,Bassetlaw,57076,57012,97.7,78.3,78.1,74.3,77.9,0.3,0.5,0.7,2.2,0.1,99.6,41.2,55777,44694,44558,42416,44465,191,287,402,1235,46,56847,23504,19.7,78.1,0.3,0.2,0.2,1.5,11219,44558,191,96,115,833
E06000022,Bath and North East Somerset,85167,85030,97.2,84,81.5,72,79.4,0,0.2,0.4,2.7,0.1,98.2,0,82756,71544,69407,61351,67582,39,154,302,2274,48,83661,0,15.7,81.5,0,0.1,0.2,2.3,13349,69407,39,115,148,1972
E06000055,Bedford,80044,80014,98.7,87.8,86.8,70.4,86,0.1,0.2,0.3,1.3,0,99.6,0,79004,70277,69506,56315,68808,71,126,261,1010,31,79723,0,11.9,86.8,0.1,0.1,0.2,0.9,9498,69506,71,55,135,749
N09000003,Belfast,160714,160713,99.7,97.8,97.8,94.3,97.8,0,0,0.1,0.3,0,99.8,0,160295,157131,157131,151609,157131,0,27,198,418,0,160318,0,2,97.8,0,0,0.1,0.1,3164,157131,0,27,171,220
E09000004,Bexley,101187,101169,99.3,93.3,93.2,83.3,93.1,0,0,0.2,0.7,0,99.4,0,100503,94422,94339,84300,94255,4,17,167,666,6,100607,0,6.1,93.2,0,0,0.1,0.5,6164,94339,4,13,150,499
E08000025,Birmingham,457270,455979,98.2,95.8,95.5,83.7,95.4,0,0.1,0.3,1.5,0,98.2,0,449093,437972,436709,382900,436265,10,487,1204,6886,24,449144,0,2.7,95.5,0,0.1,0.2,1.2,12384,436709,10,477,717,5682
E07000129,Blaby,44528,44527,99.5,92.7,92.2,90.7,91.9,0.1,0.1,0.2,0.5,0,99.9,0,44304,41257,41051,40370,40902,25,40,81,223,3,44499,0,7.3,92.2,0.1,0,0.1,0.3,3253,41051,25,15,41,142
E06000008,Blackburn with Darwen,63325,63298,98.6,92,91.9,86.8,91.8,0,0.1,0.3,1.3,0,99.7,73.3,62454,58279,58195,54961,58158,26,90,160,844,22,63113,46387,6.7,91.9,0,0.1,0.1,1.1,4259,58195,26,64,70,684
E06000009,Blackpool,73171,72848,99.3,91.1,91.1,60.6,91.1,0,0,0,0.2,0,99.4,72.6,72689,66670,66670,44361,66670,0,0,0,159,10,72719,53149,8.2,91.1,0,0,0,0.2,6019,66670,0,0,0,159
W06000019,Blaenau Gwent,33355,33353,98.9,72.2,71.5,71,71,0,0.1,0.2,1.1,0,99.9,0,32987,24071,23860,23687,23687,14,31,70,366,0,33328,0,27.4,71.5,0,0.1,0.1,0.9,9127,23860,14,17,39,296
E07000033,Bolsover,38603,38595,98.7,93.2,93,87.3,92.6,0,0.1,0.2,1.2,0.1,99.9,0,38113,35959,35883,33706,35729,18,39,91,482,21,38550,0,5.8,93,0,0.1,0.1,1,2230,35883,18,21,52,391
E08000001,Bolton,127738,127732,99.5,97.3,97,88.1,96.7,0,0,0.1,0.5,0,99.8,27.5,127080,124268,123959,112514,123545,9,62,126,652,0,127508,35112,2.4,97,0,0,0.1,0.4,3121,123959,9,53,64,526
E07000136,Boston,32322,32235,95.6,79.2,79.2,79.2,79.2,0.5,1,1.5,4.1,0.4,99.1,5.8,30910,25609,25609,25608,25609,149,324,480,1325,143,32034,1862,16.4,79.2,0.5,0.5,0.5,2.6,5301,25609,149,175,156,845
E06000058,"Bournemouth, Christchurch and Poole",189447,188593,98.9,91.5,90.5,79.4,90.1,0,0,0,0.7,0,99.3,0,187320,173386,171499,150478,170776,6,7,44,1273,10,188165,0,8.4,90.5,0,0,0,0.6,15821,171499,6,1,37,1229
E06000036,Bracknell Forest,54799,54796,99,97.6,97.5,96.7,97.3,0,0,0.1,1,0,99.8,0,54247,53457,53410,53003,53310,7,22,30,549,3,54694,0,1.5,97.5,0,0,0,0.9,837,53410,7,15,8,519
E08000032,Bradford,213003,212789,98.7,95.5,95,87.6,94.8,0,0.1,0.2,1.2,0,99.2,74.2,210205,203315,202459,186568,202013,80,166,509,2584,2,211321,158101,3.6,95,0,0,0.2,1,7746,202459,80,86,343,2075
E07000067,Braintree,70743,70730,98.8,91.3,91.3,91.3,91.3,0.1,0.2,0.4,1.2,0.2,99.6,13.8,69878,64590,64590,64589,64590,61,147,307,852,109,70432,9779,7.5,91.3,0.1,0.1,0.2,0.8,5288,64590,61,86,160,545
E07000143,Breckland,65215,65146,96.1,67.1,66.5,66.1,66.1,0.4,0.9,1.4,3.7,0.8,99.2,0.1,62701,43769,43355,43089,43089,279,562,922,2445,520,64710,38,29.7,66.5,0.4,0.4,0.6,2.3,19346,43355,279,283,360,1523
E09000005,Brent,134643,134353,98.2,87.8,86.4,74.3,85.3,0,0,0.2,1.5,0,98.3,0,132273,118227,116288,99980,114865,0,38,213,2080,16,132307,0,11.9,86.4,0,0,0.1,1.4,15985,116288,0,38,175,1867
E07000068,Brentwood,34774,34757,97.7,84.8,84.8,84.8,84.8,0,0.1,0.1,2.2,0.1,98.8,0.3,33988,29487,29487,29487,29487,17,38,50,769,19,34347,100,12.9,84.8,0,0.1,0,2.1,4501,29487,17,21,12,719
W06000013,Bridgend,65449,65447,99.1,92.2,91.2,90.2,90.2,0,0.1,0.1,0.9,0,100,17.9,64862,60348,59687,59028,59028,27,62,92,585,7,65420,11740,7.9,91.2,0,0.1,0,0.8,5175,59687,27,35,30,493
E06000043,Brighton and Hove,135239,134248,98.2,90.8,88.2,58.9,85.4,0,0.2,0.6,1,0,98.3,0,132828,122762,119331,79629,115536,15,298,752,1420,3,132967,0,10,88.2,0,0.2,0.3,0.5,13497,119331,15,283,454,668
E06000023,"Bristol, City of",203079,201945,97.7,94.6,94.6,81.4,94.6,0,0.1,0.2,1.8,0,97.8,0,198358,192192,192086,165271,192033,1,105,482,3587,2,198522,0,3.1,94.6,0,0.1,0.2,1.5,6272,192086,1,104,377,3105
E07000144,Broadland,62224,62194,97.6,74.4,74.1,69.2,74,0.1,0.3,0.6,2.3,0.3,99.4,0,60738,46301,46128,43085,46075,93,188,388,1456,212,61876,12,23.5,74.1,0.1,0.2,0.3,1.7,14610,46128,93,95,200,1068
E09000006,Bromley,142895,142881,98.8,92.9,92.7,58.9,92.4,0,0.1,0.1,1.2,0,99.1,0,141153,132725,132434,84135,132052,46,104,204,1728,5,141649,0,6.1,92.7,0,0,0.1,1.1,8719,132434,46,58,100,1524
E07000234,Bromsgrove,42526,42505,98.7,85.9,85.9,80.2,85.9,0,0.1,0.2,1.2,0,99.7,2.4,41979,36544,36544,34124,36544,12,48,65,526,14,42417,1037,12.8,85.9,0,0.1,0,1.1,5435,36544,12,36,17,461
E07000095,Broxbourne,42285,42281,99.5,95.4,94.1,78.2,92.3,0.1,0.1,0.1,0.5,0,99.9,0,42058,40329,39786,33067,39037,28,38,53,223,9,42223,0,5.4,94.1,0.1,0,0,0.4,2272,39786,28,10,15,170
E07000172,Broxtowe,51553,51372,99.3,96.4,96,85.7,95.8,0,0,0.1,0.4,0,99.5,0,51181,49698,49506,44194,49398,10,22,38,191,1,51274,0,3.2,96,0,0,0,0.3,1675,49506,10,12,16,153
E06000060,Buckinghamshire,235054,234907,97.5,83.7,82.1,72.7,80.9,0.2,0.4,0.8,2.5,0.1,98.9,0.1,229128,196673,193075,170895,190220,355,885,1852,5779,284,232561,196,15.3,82.1,0.2,0.2,0.4,1.7,36053,193075,355,530,967,3927
E07000117,Burnley,42690,42686,99.2,96,96,89.3,96,0,0.1,0.1,0.8,0,99.9,76.7,42361,40981,40981,38103,40981,16,32,58,325,11,42658,32762,3.2,96,0,0,0.1,0.6,1380,40981,16,16,26,267
E08000002,Bury,85727,85618,99.4,95.5,95,93.1,94.6,0,0.1,0.1,0.5,0,99.8,29.2,85173,81839,81403,79789,81090,16,73,94,445,1,85582,24995,4.4,95,0,0.1,0,0.4,3770,81403,16,57,21,351
W06000018,Caerphilly,80710,80684,99.4,89,88.8,88.8,88.8,0,0,0.1,0.6,0,99.9,24.7,80195,71819,71696,71637,71637,20,37,81,489,5,80658,19955,10.5,88.8,0,0,0.1,0.5,8499,71696,20,17,44,408
E08000033,Calderdale,95325,95280,97.5,80.3,80.3,77,80.3,0.1,0.2,0.4,2.5,0,99.5,57.7,92939,76575,76534,73379,76503,93,238,389,2341,37,94816,55033,17.2,80.3,0.1,0.2,0.2,2,16405,76534,93,145,151,1952
E07000008,Cambridge,58108,58090,98.8,95.6,94.9,88.3,94.4,0,0,0,1.2,0,98.8,0,57410,55524,55154,51301,54841,0,1,25,680,0,57414,0,3.9,94.9,0,0,0,1.1,2256,55154,0,1,24,655
E09000007,Camden,107902,107252,98.4,95,95,84.5,95,0,0,0,1,0,98.5,0,106219,102521,102459,91192,102521,0,0,4,1033,0,106234,0,3.5,95,0,0,0,1,3760,102459,0,0,4,1029
E07000192,Cannock Chase,45717,45712,99.8,97.5,97.5,96.8,97.5,0,0,0,0.2,0,99.9,0,45611,44570,44570,44243,44567,4,8,17,101,5,45686,0,2.3,97.5,0,0,0,0.2,1041,44570,4,4,9,84
E07000106,Canterbury,72152,70138,94.5,73.4,73.4,73.4,73.4,0.2,0.4,0.6,2.7,0.1,97.2,55.8,68191,52983,52983,52983,52983,111,307,455,1947,63,70096,40256,21.1,73.4,0.2,0.3,0.2,2.1,15208,52983,111,196,148,1492
W06000015,Cardiff,160427,159715,98.9,95.2,94.7,85.2,94.1,0,0,0.1,0.7,0,99,51.7,158652,152720,151936,136665,151041,13,54,125,1063,0,158888,82987,4.2,94.7,0,0,0,0.6,6716,151936,13,41,71,938
W06000010,Carmarthenshire,88707,88302,91.9,69.2,69.2,69.2,69.2,1.2,2.6,4.1,7.7,1.1,96,2.8,81504,61365,61365,61365,61365,1104,2314,3619,6798,1018,85132,2489,22.7,69.2,1.2,1.4,1.5,3.6,20139,61365,1104,1210,1305,3179
E07000069,Castle Point,39487,39385,99.4,81.2,81.2,68.8,81.2,0,0,0,0.3,0.1,99.7,0,39249,32081,32081,27183,32081,0,0,0,136,38,39368,0,18.2,81.2,0,0,0,0.3,7168,32081,0,0,0,136
N09000004,Causeway Coast and Glens,66626,66585,97.4,93.3,93.3,93.3,93.3,0.7,1,1.3,2.6,0.4,99.8,0,64879,62176,62176,62176,62176,448,692,841,1706,237,66475,0,4.1,93.3,0.7,0.4,0.2,1.3,2703,62176,448,244,149,865
E06000056,Central Bedfordshire,135570,134956,97.8,85.8,84.7,68.3,83.8,0.1,0.3,0.5,1.7,0,99.1,0.1,132614,116258,114764,92654,113666,117,363,626,2342,57,134305,89,13.2,84.7,0.1,0.2,0.2,1.3,17850,114764,117,246,263,1716
W06000008,Ceredigion,36114,34989,87,51,51,51,51,1.6,3.7,5.7,9.9,1.7,92.4,3.9,31427,18405,18405,18405,18405,594,1338,2048,3562,602,33361,1413,36.1,51,1.6,2.1,2,4.2,13022,18405,594,744,710,1514
E07000130,Charnwood,77630,77612,99.4,87.4,86.2,75.1,85.1,0,0.1,0.1,0.5,0,99.9,0,77196,67868,66903,58262,66074,18,73,116,416,13,77582,0,13.3,86.2,0,0.1,0.1,0.4,10293,66903,18,55,43,300
E07000070,Chelmsford,81627,81510,97.9,88.2,87.7,79.4,86.8,0,0.1,0.5,1.9,0.1,99.1,1,79928,72034,71585,64783,70866,19,77,413,1582,116,80926,790,10.2,87.7,0,0.1,0.4,1.4,8343,71585,19,58,336,1169
E07000078,Cheltenham,57137,57117,99.7,95.1,93.8,83.4,92.5,0,0.1,0.1,0.3,0,99.7,0,56942,54350,53615,47648,52833,9,41,73,175,4,56985,0,5.8,93.8,0,0.1,0.1,0.2,3327,53615,9,32,32,102
E07000177,Cherwell,71187,71124,98.3,91,89.7,78.8,88.8,0.5,0.6,0.9,1.6,0.1,99.1,0.3,69951,64788,63884,56120,63215,380,439,628,1173,40,70521,248,8.5,89.7,0.5,0.1,0.3,0.8,6067,63884,380,59,189,545
E06000049,Cheshire East,189260,189209,97.2,85.2,84.6,77.7,84,0.2,0.4,0.7,2.7,0.1,99.4,0.2,184011,161340,160068,147114,158982,294,819,1415,5198,182,188031,320,12.7,84.6,0.2,0.3,0.3,2,23943,160068,294,525,596,3783
E06000050,Cheshire West and Chester,165743,165685,98,90.3,89.1,87.8,88.5,0.1,0.3,0.6,1.9,0.1,99.6,3.3,162460,149676,147752,145557,146648,184,494,937,3225,105,165143,5457,8.9,89.1,0.1,0.2,0.3,1.4,14708,147752,184,310,443,2288
E07000034,Chesterfield,51102,51096,99.7,92.8,92.8,90.1,92.8,0,0,0,0.3,0,99.9,0,50967,47401,47401,46068,47401,0,1,2,129,1,51069,0,7,92.8,0,0,0,0.2,3566,47401,0,1,1,127
E07000225,Chichester,60095,60002,96.1,68.1,67.7,67.3,67.3,0.2,0.5,0.9,3.7,0.3,99.6,0,57749,40946,40707,40445,40445,134,295,565,2253,182,59855,0,28.4,67.7,0.2,0.3,0.4,2.8,17042,40707,134,161,270,1688
E07000118,Chorley,53098,53070,98.3,92.7,92.4,86.9,91.9,0,0.2,0.4,1.7,0.1,99.8,15.1,52186,49217,49040,46145,48813,11,99,238,884,37,53012,7994,5.9,92.4,0,0.2,0.3,1.2,3146,49040,11,88,139,646
S12000036,City of Edinburgh,272499,272265,98.6,94.1,93.7,83,92.7,0,0.1,0.2,1.3,0,98.8,0,268732,256315,255252,226210,252671,52,236,630,3533,6,269189,0,4.9,93.7,0,0.1,0.1,1.1,13480,255252,52,184,394,2903
E09000001,City of London,7067,7065,88,80,80,79.5,80,0,0,0,12,0,88,0,6219,5652,5652,5620,5652,0,0,0,846,0,6219,0,8,80,0,0,0,12,567,5652,0,0,0,846
S12000005,Clackmannanshire,25522,25521,98.8,87.9,87.3,86.9,86.9,0.1,0.2,0.3,1.2,0.1,99.9,0,25224,22440,22280,22176,22176,25,44,77,297,13,25487,0,11.5,87.3,0.1,0.1,0.1,0.9,2944,22280,25,19,33,220
E07000071,Colchester,85948,85198,97.7,83.3,83.3,62.6,83.3,0.1,0.6,0.7,1.4,0.1,98.3,16.3,83982,71611,71610,53774,71611,57,503,630,1216,44,84509,14013,14.4,83.3,0.1,0.5,0.1,0.7,12372,71610,57,446,127,586
W06000003,Conwy,55701,55678,96.6,86.4,86.4,86.4,86.4,0.5,1,1.8,3.3,0.6,98.5,51.3,53829,48136,48136,48136,48136,298,556,1007,1849,315,54866,28567,10.2,86.4,0.5,0.5,0.8,1.5,5693,48136,298,258,451,842
E06000052,Cornwall,277679,277198,94,65,64.6,62.7,64.3,0.2,0.6,1.2,5.9,0.3,97,18.7,260935,180600,179291,174084,178427,599,1659,3332,16263,733,269253,51859,29.4,64.6,0.2,0.4,0.6,4.7,81644,179291,599,1060,1673,12931
E07000079,Cotswold,44675,44651,97.6,66.2,66,65.9,65.9,0.1,0.3,0.5,2.4,0.2,98.6,0.3,43585,29563,29498,29442,29443,30,112,239,1066,73,44034,113,31.5,66,0.1,0.2,0.3,1.9,14087,29498,30,82,127,827
E06000047,County Durham,251998,251727,98.3,85.1,84.7,82.9,84.3,0.1,0.3,0.5,1.6,0.1,99.7,0.8,247633,214402,213334,208893,212459,375,835,1177,4094,210,251286,2076,13.6,84.7,0.1,0.2,0.1,1.2,34299,213334,375,460,342,2917
E08000026,Coventry,146001,144578,98.5,97.4,97.4,96.3,97.4,0,0.1,0.2,0.5,0,98.6,0,143831,142246,142197,140645,142246,3,166,237,747,11,143899,0,1.1,97.4,0,0.1,0,0.3,1634,142197,3,163,71,510
E07000226,Crawley,47202,47142,99.4,94.6,94.6,67.5,94.6,0,0,0,0.5,0.1,99.6,0,46918,44647,44647,31881,44647,0,0,3,224,60,47004,0,4.8,94.6,0,0,0,0.5,2271,44647,0,0,3,221
E09000008,Croydon,167977,167952,97.1,88.2,88.2,56.9,88.2,0,0.1,0.3,2.9,0,97.4,0,163101,148223,148221,95519,148211,1,107,428,4851,2,163624,0,8.9,88.2,0,0.1,0.2,2.6,14880,148221,1,106,321,4423
E06000063,Cumberland,136922,136847,96.7,74.9,74.8,73.1,74.7,0.6,1.1,1.6,3.3,0.3,99.3,1.8,132358,102588,102415,100115,102273,813,1495,2161,4489,473,136032,2503,21.9,74.8,0.6,0.5,0.5,1.7,29943,102415,813,682,666,2328
E07000096,Dacorum,67170,67135,98.5,87.1,86.8,63.6,86.4,0,0.1,0.2,1.4,0.1,99.7,0,66190,58478,58289,42715,58027,10,84,141,945,49,66937,0,11.8,86.8,0,0.1,0.1,1.2,7901,58289,10,74,57,804
E06000005,Darlington,53392,53384,98.1,94.1,93.8,79.1,93.7,0.3,0.6,0.9,1.9,0.1,99.1,9,52385,50223,50103,42214,50049,182,315,488,999,29,52929,4812,4.3,93.8,0.3,0.2,0.3,1,2282,50103,182,133,173,511
E07000107,Dartford,50257,50220,98.9,85.5,84.5,64.8,83.7,0.1,0.1,0.2,1,0,99.8,0,49713,42949,42471,32554,42061,50,71,89,507,2,50142,0,14.4,84.5,0.1,0,0,0.8,7242,42471,50,21,18,418
W06000004,Denbighshire,47373,47268,95.1,79.8,79.8,79.8,79.8,0.4,1.1,1.9,4.6,0.3,97.5,48.9,45071,37794,37794,37794,37794,194,531,880,2197,154,46192,23176,15.4,79.8,0.4,0.7,0.7,2.8,7277,37794,194,337,349,1317
E06000015,Derby,115426,115324,99.8,98.1,97.7,87.3,97.7,0,0,0,0.1,0,99.8,0,115153,113265,112804,100714,112716,1,1,13,171,2,115176,0,2,97.7,0,0,0,0.1,2349,112804,1,0,12,158
E07000035,Derbyshire Dales,34861,34841,93.8,59.2,59.2,59.2,59.2,0.4,1.1,2.2,6.2,0.6,98.3,0,32690,20634,20634,20634,20634,138,379,765,2151,193,34263,0,34.6,59.2,0.4,0.7,1.1,4,12056,20634,138,241,386,1386
N09000005,Derry City and Strabane,64113,63902,98.1,95.4,95.4,94.8,95.4,0.4,0.6,0.8,1.6,0.3,99.4,0,62890,61171,61171,60768,61171,266,387,498,1012,162,63750,0,2.7,95.4,0.4,0.2,0.2,0.8,1719,61171,266,121,111,514
E08000017,Doncaster,143562,143522,99.5,96.2,96.2,94.3,96.2,0,0.1,0.1,0.5,0,99.9,11.1,142859,138159,138158,135388,138156,63,138,176,663,13,143452,15891,3.3,96.2,0,0.1,0,0.3,4701,138158,63,75,38,487
E06000059,Dorset,182989,182934,97.6,72.4,72.4,70.9,72.3,0.1,0.3,0.5,2.4,0.2,99.6,0.4,178537,132516,132442,129782,132320,203,584,999,4397,296,182184,674,25.2,72.4,0.1,0.2,0.2,1.9,46095,132442,203,381,415,3398
E07000108,Dover,54880,54854,96.7,80.1,80.1,73.1,80.1,0.4,0.6,0.9,3.3,0,99.1,62.8,53045,43952,43952,40132,43952,229,311,477,1809,19,54388,34449,16.6,80.1,0.4,0.1,0.3,2.4,9093,43952,229,82,166,1332
E08000027,Dudley,141131,141067,99.7,97.9,97.5,87.7,97.1,0,0,0,0.3,0,99.9,4.1,140708,138141,137654,123726,137042,0,1,4,359,0,140920,5807,2.2,97.5,0,0,0,0.3,3054,137654,0,1,3,355
S12000006,Dumfries and Galloway,76032,75968,97.6,53.6,53.6,53.6,53.6,0.3,0.5,1,2.4,0.3,99.3,0,74176,40742,40742,40742,40742,211,412,735,1792,219,75495,7,44,53.6,0.3,0.3,0.4,1.4,33434,40742,211,201,323,1057
S12000042,Dundee City,76513,76507,99.6,96.9,96.2,85.7,95.6,0,0,0,0.4,0,99.8,0,76179,74109,73617,65544,73184,0,5,11,328,0,76346,0,3.3,96.2,0,0,0,0.4,2562,73617,0,5,6,317
E09000009,Ealing,146553,146420,99.4,91.5,91,70.4,90.9,0,0.1,0.2,0.6,0,99.4,0,145604,134055,133368,103225,133165,0,112,363,816,0,145610,0,8.3,91,0,0.1,0.2,0.3,12236,133368,0,112,251,453
S12000008,East Ayrshire,59320,59314,98.9,80.4,79.8,76.7,79.5,0.2,0.3,0.4,1.1,0.1,99.7,0,58661,47705,47363,45501,47184,92,168,260,653,35,59139,21,19,79.8,0.2,0.1,0.2,0.7,11298,47363,92,76,92,393
E07000009,East Cambridgeshire,40797,40761,98.1,86.8,85.8,78.3,85.1,0.3,0.5,0.7,1.8,0.1,99.6,1.1,40007,35407,34990,31941,34737,112,194,288,754,35,40626,457,12.3,85.8,0.3,0.2,0.2,1.1,5017,34990,112,82,94,466
E07000040,East Devon,73147,73122,94.2,75.2,75.2,75.1,75.2,0.3,1,1.9,5.8,0.3,97.9,20.3,68883,55011,54994,54949,54979,190,732,1406,4239,215,71633,14849,19,75.2,0.3,0.7,0.9,3.9,13889,54994,190,542,674,2833
S12000045,East Dunbartonshire,48535,48504,98.8,93.7,93.4,76,93.2,0.1,0.2,0.2,1.2,0,99.4,0,47932,45469,45352,36875,45253,51,78,102,572,6,48240,0,5.3,93.4,0.1,0.1,0,1,2580,45352,51,27,24,470
E07000085,East Hampshire,55764,55529,95.7,74.3,73.9,60.6,73.5,0.1,0.4,1,3.9,0.4,98.1,0,53371,41434,41206,33804,40999,58,230,582,2158,222,54699,0,21.8,73.9,0.1,0.3,0.6,2.8,12165,41206,58,172,352,1576
E07000242,East Hertfordshire,66897,66823,97.8,86.6,85.5,67.9,84.2,0.1,0.2,0.4,2.1,0.1,99.1,0,65426,57927,57169,45399,56318,55,136,270,1397,57,66313,3,12.3,85.5,0.1,0.1,0.2,1.7,8257,57169,55,81,134,1127
E07000137,East Lindsey,70937,70860,91.3,62.1,61.8,55.4,61.4,0.7,2.2,3.7,8.6,0.5,98.2,48,64787,44059,43810,39296,43557,508,1587,2595,6073,353,69644,34071,29.6,61.8,0.7,1.5,1.4,4.9,20977,43810,508,1079,1008,3478
S12000010,East Lothian,54507,54283,96.2,87.1,87.1,87.1,87.1,0.4,1,1.8,3.4,0.2,98.5,21,52430,47486,47486,47486,47486,207,543,978,1853,99,53685,11443,9.1,87.1,0.4,0.6,0.8,1.6,4944,47486,207,336,435,875
S12000011,East Renfrewshire,41272,41270,98.7,95.2,95.2,88.2,95.2,0.1,0.1,0.3,1.3,0.1,99.6,0,40727,39306,39306,36403,39306,27,60,131,543,34,41104,1,3.4,95.2,0.1,0.1,0.2,1,1421,39306,27,33,71,412
E06000011,East Riding of Yorkshire,165132,164978,98.3,92,91.9,91.9,91.9,0.3,0.6,0.9,1.6,0.2,99.6,25.2,162406,151929,151797,151737,151737,505,940,1423,2572,270,164440,41633,6.4,91.9,0.3,0.3,0.3,0.7,10609,151797,505,435,483,1149
E07000193,East Staffordshire,55500,55461,97.8,81.3,80,77.9,79.1,0.3,0.7,1,2.1,0.2,99.7,0,54284,45109,44390,43208,43880,159,392,551,1177,90,55327,0,17.8,80,0.3,0.4,0.3,1.1,9894,44390,159,233,159,626
E07000244,East Suffolk,120689,120614,98.3,83.3,83.3,82.5,83.3,0.1,0.2,0.4,1.6,0.2,99.6,1.3,118676,100567,100565,99535,100565,90,256,491,1938,203,120257,1529,15,83.3,0.1,0.1,0.2,1.2,18111,100565,90,166,235,1447
E07000061,Eastbourne,48729,48716,99.8,87.4,87.4,87.4,87.4,0,0,0,0.2,0,99.9,0,48630,42577,42577,42577,42577,0,2,3,86,6,48698,0,12.4,87.4,0,0,0,0.2,6053,42577,0,2,1,83
E07000086,Eastleigh,61013,61007,99.1,91.2,90.4,65.9,89.8,0,0,0,0.9,0,99.8,0,60435,55625,55129,40186,54806,1,16,22,572,4,60871,0,8.7,90.4,0,0,0,0.9,5306,55129,1,15,6,550
E07000207,Elmbridge,59484,59476,99.3,88.3,87.2,66.2,86.1,0,0,0,0.7,0,99.7,0,59089,52533,51889,39405,51241,8,13,20,387,0,59295,0,12.1,87.2,0,0,0,0.6,7200,51889,8,5,7,367
E09000010,Enfield,129709,129506,98.9,92.2,91.7,47.4,91.2,0,0,0.3,1,0,99.1,0,128250,119639,118978,61464,118239,29,45,378,1256,33,128515,0,7.1,91.7,0,0,0.3,0.7,9272,118978,29,16,333,878
E07000072,Epping Forest,57833,57826,98.1,90.9,90.1,71.5,89.5,0.1,0.2,0.4,1.9,0,98.7,0.3,56736,52551,52090,41375,51787,41,121,242,1090,16,57107,189,8,90.1,0.1,0.1,0.2,1.5,4646,52090,41,80,121,848
E07000208,Epsom and Ewell,32726,32717,99.8,95.8,95.8,88.9,95.7,0,0,0,0.2,0,99.8,0,32646,31350,31339,29100,31335,1,3,3,71,0,32667,0,4,95.8,0,0,0,0.2,1307,31339,1,2,0,68
E07000036,Erewash,53037,53002,99.4,96.2,96,92.4,95.9,0.1,0.1,0.2,0.6,0,99.9,0,52700,51015,50904,49006,50876,56,74,85,302,0,52981,0,3.4,96,0.1,0,0,0.4,1796,50904,56,18,11,217
E07000041,Exeter,58653,58450,97.4,90.6,90.6,78.8,90.6,0,0,0.8,2.3,0,97.7,48.6,57125,53158,53157,46247,53158,0,18,445,1325,1,57310,28482,6.8,90.6,0,0,0.7,1.5,3968,53157,0,18,427,880
S12000014,Falkirk,75027,75004,99.2,95.2,95.1,66.2,95.1,0,0.1,0.2,0.8,0,99.7,0,74422,71400,71361,49643,71340,28,95,185,582,16,74808,0,4.1,95.1,0,0.1,0.1,0.5,3061,71361,28,67,90,397
E07000087,Fareham,50738,50734,99.5,98.1,97.8,87,97.7,0.1,0.1,0.1,0.4,0,100,0,50506,49795,49634,44138,49591,44,56,61,228,1,50731,0,1.7,97.8,0.1,0,0,0.3,872,49634,44,12,5,167
E07000010,Fenland,47720,47703,97.5,88.4,88.4,83.4,88.4,0.2,0.6,0.9,2.4,0.2,99.5,0,46542,42174,42174,39808,42174,119,284,410,1161,83,47458,19,9.2,88.4,0.2,0.3,0.3,1.6,4368,42174,119,165,126,751
N09000006,Fermanagh and Omagh,50571,50488,95.9,90.3,90.3,90.3,90.3,1.5,2.2,2.7,3.9,0.8,99.6,37.7,48520,45651,45651,45651,45651,748,1109,1352,1968,401,50394,19070,5.7,90.3,1.5,0.7,0.5,1.2,2869,45651,748,361,243,616
S12000047,Fife,185304,184952,98.8,83.1,83.1,69.2,83,0.1,0.2,0.4,1.1,0.1,99.6,0,182998,154066,153961,128292,153887,189,435,703,1954,98,184570,4,15.7,83.1,0.1,0.1,0.1,0.7,29037,153961,189,246,268,1251
W06000005,Flintshire,71234,71191,98.2,92.1,91.4,91,91,0.2,0.5,0.8,1.7,0.1,99.4,33.8,69950,65580,65081,64814,64814,144,352,567,1241,74,70784,24097,6.8,91.4,0.2,0.3,0.3,0.9,4869,65081,144,208,215,674
E07000112,Folkestone and Hythe,53146,53115,94.6,77.6,77.6,71.8,77.6,1.3,2.3,3.3,5.3,0.1,96.8,38.5,50294,41267,41267,38163,41267,706,1213,1745,2821,58,51446,20447,17,77.6,1.3,1,1,2,9027,41267,706,507,532,1076
E07000080,Forest of Dean,40291,40258,95.1,80.1,79.6,79.2,79.2,0.3,1,2,4.8,0.4,96.9,0.7,38334,32276,32058,31897,31897,121,418,806,1924,144,39024,293,15.6,79.6,0.3,0.7,1,2.8,6276,32058,121,297,388,1118
E07000119,Fylde,36324,36283,99,94.4,93.8,91.5,93.4,0,0.2,0.3,0.8,0,99.7,0,35975,34298,34080,33245,33923,13,64,107,308,4,36220,15,5.2,93.8,0,0.1,0.1,0.6,1895,34080,13,51,43,201
E08000037,Gateshead,96542,96207,98.5,91.2,90.8,73.3,90.5,0.1,0.2,0.3,1.2,0,99,0,95056,88084,87625,70743,87362,68,183,312,1151,34,95540,1,7.7,90.8,0.1,0.1,0.1,0.9,7431,87625,68,115,129,839
E07000173,Gedling,55088,55082,99.3,94.1,93.8,79.8,93.7,0.1,0.2,0.2,0.7,0,100,0,54685,51829,51693,43965,51624,40,100,115,397,16,55062,0,5.4,93.8,0.1,0.1,0,0.5,2992,51693,40,60,15,282
S12000049,Glasgow City,324105,322596,98.5,96.4,95.4,91.5,94.8,0,0,0.1,1,0,98.6,0,319402,312376,309100,296397,307220,0,103,196,3194,2,319540,2,3.2,95.4,0,0,0,0.9,10302,309100,0,103,93,2998
E07000081,Gloucester,59017,59015,99.4,93.8,93.8,54.3,93.8,0,0.1,0.2,0.6,0,99.5,0,58658,55353,55353,32062,55353,2,35,112,357,1,58740,0,5.6,93.8,0,0.1,0.1,0.4,3305,55353,2,33,77,245
E07000088,Gosport,37784,37782,99.9,98,98,92,98,0,0,0,0.1,0,100,0,37757,37027,37027,34758,37027,0,0,0,25,0,37782,0,1.9,98,0,0,0,0.1,730,37027,0,0,0,25
E07000109,Gravesham,44864,44828,98.2,87.7,85.9,72.8,83.4,0,0.2,0.3,1.7,0.1,99.2,0,44044,39340,38521,32655,37432,16,96,114,784,26,44518,0,12.3,85.9,0,0.2,0,1.5,5523,38521,16,80,18,670
E07000145,Great Yarmouth,46832,46821,99.2,85.7,85.7,80.2,85.7,0,0,0.1,0.8,0,99.9,0,46469,40117,40117,37559,40117,6,20,42,352,6,46782,2,13.6,85.7,0,0,0,0.7,6352,40117,6,14,22,310
E09000011,Greenwich,123838,123818,99.6,90.3,89.4,76.2,88.9,0,0,0,0.4,0,99.6,0,123352,111784,110714,94408,110115,0,4,13,466,3,123390,0,10.2,89.4,0,0,0,0.4,12638,110714,0,4,9,453
E07000209,Guildford,58491,58478,98.6,84.9,82.9,64.3,81,0,0.1,0.2,1.4,0,99.8,0,57660,49643,48471,37612,47369,12,63,131,818,29,58384,0,15.7,82.9,0,0.1,0.1,1.2,9189,48471,12,51,68,687
W06000002,Gwynedd,61069,60820,94.3,65,64.1,63.6,63.6,0.8,1.6,2.7,5.3,0.7,97,9.8,57577,39671,39149,38835,38835,473,975,1662,3243,430,59214,6007,30.2,64.1,0.8,0.8,1.1,2.6,18428,39149,473,502,687,1581
E09000012,Hackney,116984,116574,99.1,93.4,92.4,83.3,91.6,0,0,0.1,0.6,0,99.1,0,115913,109259,108045,97439,107184,0,8,80,661,0,115914,0,6.7,92.4,0,0,0.1,0.5,7868,108045,0,8,72,581
E06000006,Halton,59274,59274,99.6,96.6,96.5,88.7,96.5,0,0,0.1,0.4,0,99.8,0,59015,57266,57227,52603,57175,1,28,46,259,0,59141,0,3,96.5,0,0,0,0.4,1788,57227,1,27,18,213
E09000013,Hammersmith and Fulham,89343,88899,98.3,94.4,92.4,84.5,90.5,0,0,0.1,1.2,0,98.3,0,87809,84327,82548,75477,80842,0,0,77,1090,3,87811,0,5.9,92.4,0,0,0.1,1.1,5261,82548,0,0,77,1013
E07000131,Harborough,44184,44164,97.5,81.5,80.8,77,80.5,0.2,0.3,0.9,2.5,0.2,99.4,0,43079,35992,35685,34019,35558,81,153,388,1085,99,43919,0,16.7,80.8,0.2,0.2,0.5,1.6,7394,35685,81,72,235,697
E09000014,Haringey,111144,111117,99.2,91.1,90.5,61.3,89.8,0,0,0.1,0.8,0,99.2,0,110218,101214,100640,68137,99760,0,7,134,899,2,110251,1,8.6,90.5,0,0,0.1,0.7,9578,100640,0,7,127,765
E07000073,Harlow,40101,40086,98.8,95.2,94.5,16.8,93.9,0,0,0.5,1.1,0,98.9,0,39629,38171,37894,6751,37662,1,5,214,457,5,39648,1,4.3,94.5,0,0,0.5,0.6,1735,37894,1,4,209,243
E09000015,Harrow,96858,96831,99,89.6,89.6,76.3,89.6,0,0,0.3,1,0,99,0,95873,86767,86767,73932,86767,0,0,330,958,13,95925,0,9.4,89.6,0,0,0.3,0.6,9106,86767,0,0,330,628
E07000089,Hart,42684,42676,98.2,86.7,86.7,73.4,86.7,0,0.2,0.4,1.8,0,99.8,0,41896,37003,37003,31349,37003,8,82,162,780,19,42617,0,11.5,86.7,0,0.2,0.2,1.4,4893,37003,8,74,80,618
E06000001,Hartlepool,45856,45794,99.1,97.1,97.1,95.2,97.1,0.2,0.3,0.4,0.7,0,99.5,0.2,45452,44508,44508,43644,44508,113,137,187,342,7,45648,78,2.1,97.1,0.2,0.1,0.1,0.3,944,44508,113,24,50,155
E07000062,Hastings,44364,44315,99.6,75.9,75.9,75.9,75.9,0,0,0,0.3,0,99.9,0,44182,33664,33664,33664,33664,0,4,8,133,0,44315,0,23.7,75.9,0,0,0,0.3,10518,33664,0,4,4,125
E07000090,Havant,57109,57017,99.8,95,95,61,95,0,0,0,0.1,0,99.8,0,56974,54282,54282,34810,54282,0,0,1,43,4,57016,1,4.7,95,0,0,0,0.1,2692,54282,0,0,1,42
E09000016,Havering,108525,108505,99,93,92.3,84.1,91.5,0,0.1,0.2,1,0,99.4,0,107461,100964,100161,91227,99349,38,84,191,1044,26,107860,0,6.7,92.3,0,0,0.1,0.8,7300,100161,38,46,107,853
E06000019,"Herefordshire, County of",87007,86959,95.7,84.5,83.5,84,84,0.4,1,1.8,4.3,0.4,98.4,28.4,83248,73511,72636,73096,73096,320,841,1538,3711,372,85622,24695,12.2,83.5,0.4,0.6,0.8,2.5,10612,72636,320,521,697,2173
E07000098,Hertsmere,45624,45606,98.9,92,91,73.5,90.1,0,0.1,0.2,1.1,0,99.4,0,45110,41962,41529,33546,41121,3,55,74,496,2,45334,0,7.8,91,0,0.1,0,0.9,3581,41529,3,52,19,422
E07000037,High Peak,43626,43559,97.5,81.9,80.8,80.1,80.1,0.3,0.5,0.9,2.4,0.2,99.5,0,42516,35729,35264,34932,34932,146,226,371,1043,104,43429,0,16.6,80.8,0.3,0.2,0.3,1.5,7252,35264,146,80,145,672
S12000017,Highland,123560,122252,86,62.1,62.1,62.1,62.1,2.4,4.5,7.4,12.9,1.4,93.5,5.9,106259,76757,76757,76757,76757,2955,5590,9190,15993,1766,115506,7236,23.9,62.1,2.4,2.1,2.9,5.5,29502,76757,2955,2635,3600,6803
E09000017,Hillingdon,117066,116984,98.8,94.2,93.8,76.9,93.3,0,0,0.2,1.2,0,98.9,0,115603,110330,109760,90048,109211,0,17,289,1381,3,115745,0,5,93.8,0,0,0.2,0.9,5843,109760,0,17,272,1092
E07000132,Hinckley and Bosworth,52793,52777,99.2,82.7,81.6,66.1,80.8,0,0.1,0.2,0.8,0,99.9,0,52380,43676,43069,34897,42673,12,41,97,397,17,52735,0,17.6,81.6,0,0.1,0.1,0.6,9311,43069,12,29,56,300
E07000227,Horsham,65444,65406,97.1,78,77.3,76.4,76.4,0.1,0.4,0.7,2.9,0.2,99.7,0,63537,51014,50563,49991,49991,70,248,465,1869,112,65270,0,19.8,77.3,0.1,0.3,0.3,2.1,12974,50563,70,178,217,1404
E09000018,Hounslow,99921,99865,98.9,91.8,91.8,57.6,91.8,0,0,0.5,1.1,0,98.9,0,98812,91739,91693,57566,91690,0,26,478,1053,0,98855,0,7.1,91.8,0,0,0.5,0.6,7119,91693,0,26,452,575
E07000011,Huntingdonshire,83565,83203,98.4,92,91.3,78.2,90.9,0.1,0.4,0.6,1.2,0.1,99.2,0,82213,76900,76312,65389,75921,93,323,489,990,110,82918,7,7.1,91.3,0.1,0.3,0.2,0.6,5901,76312,93,230,166,501
E07000120,Hyndburn,37886,37876,99.1,95.3,95,94.1,94.8,0,0.1,0.2,0.9,0,99.9,53.4,37530,36119,36010,35661,35908,10,35,58,346,2,37857,20235,4,95,0,0.1,0.1,0.8,1520,36010,10,25,23,288
S12000018,Inverclyde,40273,40167,98.7,80.8,80.8,49.6,80.8,0,0.1,0.1,1,0,99,0,39751,32527,32527,19989,32527,16,24,28,416,2,39878,0,17.9,80.8,0,0,0,1,7224,32527,16,8,4,388
E07000202,Ipswich,62299,62282,99.7,98.1,97.7,95.6,97,0,0.1,0.1,0.3,0,99.8,0,62118,61106,60857,59579,60425,0,38,42,164,0,62155,0,2,97.7,0,0.1,0,0.2,1261,60857,0,38,4,122
W06000001,Isle of Anglesey,35159,35128,95.4,56.6,56.6,56.6,56.6,0.6,1.3,2,4.5,0.5,98.4,15.8,33546,19904,19904,19904,19904,209,449,704,1582,178,34590,5549,38.8,56.6,0.6,0.7,0.7,2.5,13642,19904,209,240,255,878
E06000046,Isle of Wight,72398,72375,97.2,87.1,87.1,87.1,87.1,0.2,0.5,0.7,2.7,0.1,99.8,0,70405,63035,63035,63035,63035,153,328,527,1970,88,72232,0,10.2,87.1,0.2,0.2,0.3,2,7370,63035,153,175,199,1443
E06000053,Isles of Scilly,1121,1107,97.2,50.9,50.9,50.9,50.9,0,0,0.1,1.5,0.4,98.8,0,1090,571,571,571,571,0,0,1,17,5,1107,0,46.3,50.9,0,0,0.1,1.4,519,571,0,0,1,16
E09000019,Islington,108370,108147,98.2,94.8,94.8,81.1,94.8,0,0,0,1.6,0,98.2,0,106370,102757,102755,87908,102757,0,0,5,1777,2,106374,0,3.3,94.8,0,0,0,1.6,3615,102755,0,0,5,1772
E09000020,Kensington and Chelsea,89989,89923,98.9,95.8,95.1,71.3,93.9,0,0,0.2,1,0,98.9,0,89026,86226,85565,64122,84540,0,0,178,897,0,89026,0,3.8,95.1,0,0,0.2,0.8,3461,85565,0,0,178,719
E07000146,King's Lynn and West Norfolk,75236,75186,96.5,63.2,62.5,62,62,0.3,0.7,1.1,3.5,0.3,99.2,0,72574,47570,47023,46622,46634,230,513,828,2612,230,74625,9,34,62.5,0.3,0.4,0.4,2.4,25551,47023,230,283,315,1784
E06000010,"Kingston upon Hull, City of",123736,123517,99.8,99.8,99.8,99.8,99.8,0,0,0,0,0,99.8,24.3,123510,123510,123510,123510,123510,0,0,7,7,6,123510,30108,0,99.8,0,0,0,0,0,123510,0,0,7,0
E09000021,Kingston upon Thames,68536,68399,98.9,94.1,92.7,65.5,91.3,0,0,0.1,0.9,0,99.1,0,67777,64465,63559,44920,62601,0,1,43,622,0,67915,0,6.2,92.7,0,0,0.1,0.8,4218,63559,0,1,42,579
E08000034,Kirklees,189602,189561,99.1,95.2,95.2,92.4,95.2,0,0.1,0.2,0.9,0,99.7,48.1,187856,180440,180440,175165,180440,71,209,325,1705,4,189031,91149,3.9,95.2,0,0.1,0.1,0.7,7416,180440,71,138,116,1380
E08000011,Knowsley,72001,71996,99.5,97.9,97.9,93.3,97.9,0,0.1,0.1,0.5,0,99.9,0,71664,70478,70478,67204,70478,6,52,61,332,8,71894,0,1.6,97.9,0,0.1,0,0.4,1186,70478,6,46,9,271
E09000022,Lambeth,147616,147494,99.1,94,92.9,81.1,91.7,0,0,0,0.8,0,99.2,0,146320,138749,137074,119735,135377,0,0,2,1174,1,146372,0,6.3,92.9,0,0,0,0.8,9246,137074,0,0,2,1172
E07000121,Lancaster,65177,65160,98.8,91.9,90.5,88,90.3,0.2,0.3,0.4,1.1,0,99.9,1.8,64426,59904,59004,57380,58853,136,189,268,734,22,65084,1205,8.3,90.5,0.2,0.1,0.1,0.7,5422,59004,136,53,79,466
E08000035,Leeds,367900,367591,98.7,96.3,96.1,92.5,95.8,0,0,0.1,1.3,0,98.9,21,362941,354397,353467,340332,352518,44,141,367,4650,23,363848,77221,2.6,96.1,0,0,0.1,1.2,9474,353467,44,97,226,4283
E06000016,Leicester,136633,136612,99.7,97.6,97.4,93.8,97.4,0,0,0,0.2,0,99.8,0,136291,133371,133127,128198,133067,0,0,9,321,2,136301,0,2.3,97.4,0,0,0,0.2,3164,133127,0,0,9,312
E07000063,Lewes,46283,46277,98.5,71.4,71.4,71.4,71.4,0,0.2,0.3,1.5,0.1,99.8,0,45581,33065,33065,33065,33065,18,71,144,696,30,46203,0,27,71.4,0,0.1,0.2,1.2,12516,33065,18,53,73,552
E09000023,Lewisham,136052,135239,98.3,90.7,90.4,75.4,90,0,0,0.1,1.1,0,98.3,0,133710,123434,122953,102568,122429,0,0,143,1529,2,133736,0,7.9,90.4,0,0,0.1,1,10757,122953,0,0,143,1386
E07000194,Lichfield,48905,48888,97.8,85.2,84.3,71.5,83.5,0.2,0.3,0.7,2.1,0.1,99.9,0,47842,41662,41226,34956,40829,76,170,348,1046,26,48835,0,13.5,84.3,0.2,0.2,0.4,1.4,6616,41226,76,94,178,698
E07000138,Lincoln,47673,46101,96.1,91.6,91.6,85.4,91.6,0,0,0,0.6,0,96.2,82.7,45801,43657,43657,40725,43657,1,5,8,300,2,45858,39406,4.5,91.6,0,0,0,0.6,2144,43657,1,4,3,292
N09000007,Lisburn and Castlereagh,63699,63648,99.6,97.7,97.7,96.7,97.7,0,0.1,0.1,0.3,0,99.9,0,63465,62259,62259,61615,62259,14,33,49,183,22,63627,0,1.9,97.7,0,0,0,0.2,1206,62259,14,19,16,134
E08000012,Liverpool,219628,218012,96.5,92.5,91.8,86.2,91.4,0,0,0.2,2.8,0,96.9,0,211884,203126,201588,189423,200738,36,46,440,6128,5,212780,0,4.7,91.8,0,0,0.2,2.6,10296,201588,36,10,394,5688
E06000032,Luton,84325,84259,99.9,99,98.8,91.4,98.5,0,0,0,0,0,99.9,0,84252,83453,83284,77103,83068,0,0,0,7,2,84253,0,1.1,98.8,0,0,0,0,968,83284,0,0,0,7
E07000110,Maidstone,76254,76196,96.1,84.2,82.6,72.2,80.9,0.3,0.7,1,3.8,0.3,98.4,64,73306,64236,63020,55018,61660,232,543,789,2890,201,75018,48819,13.5,82.6,0.3,0.4,0.3,2.8,10286,63020,232,311,246,2101
E07000074,Maldon,30012,29965,98.3,82.5,82.5,82.5,82.5,0.1,0.3,0.6,1.6,0.1,99.7,6.3,29489,24758,24758,24758,24758,27,86,186,476,31,29929,1899,15.8,82.5,0.1,0.2,0.3,1,4731,24758,27,59,100,290
E07000235,Malvern Hills,38109,38046,95.7,72.8,72.2,71.9,71.9,0.2,1,1.6,4.2,0.3,99.1,33.2,36452,27751,27518,27408,27408,89,375,613,1594,104,37764,12644,23.4,72.2,0.2,0.8,0.6,2.6,8934,27518,89,286,238,981
E08000003,Manchester,242333,237830,96.5,90.8,90,84.3,89.4,0,0.1,0.4,1.6,0,96.6,0,233963,219989,218041,204288,216694,4,222,867,3867,5,234115,0,6.6,90,0,0.1,0.3,1.2,15922,218041,4,218,645,3000
E07000174,Mansfield,51452,51422,99.7,97,96.6,85.3,96.3,0,0,0,0.3,0,99.9,0,51286,49930,49724,43880,49566,0,6,6,136,7,51397,0,3,96.6,0,0,0,0.3,1562,49724,0,6,0,130
E06000035,Medway,120501,120420,98.9,93.8,92.9,81.3,91.6,0.1,0.3,0.4,1.1,0,99.5,20.3,119145,113023,111931,98024,110424,77,368,537,1275,15,119892,24457,6,92.9,0.1,0.2,0.1,0.6,7214,111931,77,291,169,738
E07000133,Melton,24606,24525,97,80.3,80.3,65.1,80.3,0.6,1,1.4,2.6,0.6,98.7,1.7,23875,19750,19750,16011,19750,154,257,333,650,143,24295,429,16.8,80.3,0.6,0.4,0.3,1.3,4125,19750,154,103,76,317
W06000024,Merthyr Tydfil,27482,27471,99.4,78.4,78.4,78.4,78.4,0,0.1,0.2,0.5,0,99.9,1.6,27330,21547,21547,21547,21547,9,28,47,141,4,27453,448,21,78.4,0,0.1,0.1,0.3,5783,21547,9,19,19,94
E09000024,Merton,87507,87481,99.6,95,95,84,95,0,0,0,0.4,0,99.6,0,87167,83146,83129,73507,83126,0,4,32,314,2,87191,0,4.6,95,0,0,0,0.3,4038,83129,0,4,28,282
N09000008,Mid and East Antrim,62224,62123,98.8,96.3,96.3,96.3,96.3,0.4,0.5,0.5,1.1,0.2,99.8,0,61457,59926,59926,59926,59926,222,298,333,666,95,62094,0,2.5,96.3,0.4,0.1,0.1,0.5,1531,59926,222,76,35,333
E07000042,Mid Devon,35863,35844,88.3,59.9,59.9,59.9,59.9,1.2,3.7,6.1,11.7,1.1,96.2,10.1,31655,21479,21479,21479,21479,444,1316,2174,4189,401,34509,3606,28.4,59.9,1.2,2.4,2.4,5.6,10176,21479,444,872,858,2015
E07000203,Mid Suffolk,50024,50008,97,59,58.5,58.2,58.2,0.2,0.4,0.8,3,0.3,99.5,0,48531,29511,29245,29099,29099,83,208,409,1477,146,49783,0,38.6,58.5,0.2,0.2,0.4,2.1,19286,29245,83,125,201,1068
E07000228,Mid Sussex,69373,69361,98.6,81.6,81.5,81.5,81.5,0,0.1,0.3,1.4,0.1,99.9,0,68377,56610,56558,56511,56511,26,85,211,984,63,69321,0,17,81.5,0,0.1,0.2,1.1,11819,56558,26,59,126,773
N09000009,Mid Ulster,57711,57682,98.3,94.5,94.5,94.5,94.5,0.4,0.6,0.8,1.6,0.2,99.8,4.1,56742,54549,54549,54549,54549,227,368,462,940,133,57622,2386,3.8,94.5,0.4,0.2,0.2,0.8,2193,54549,227,141,94,478
E06000002,Middlesbrough,66445,66421,99.3,97.7,97.7,61.7,97.7,0,0.1,0.2,0.7,0,99.4,13.6,65949,64913,64913,41011,64913,12,75,130,472,0,66068,9056,1.6,97.7,0,0.1,0.1,0.5,1036,64913,12,63,55,342
S12000019,Midlothian,44544,44473,99,91.8,91.8,91.8,91.8,0.1,0.2,0.4,0.8,0.1,99.6,3,44119,40907,40907,40907,40907,28,86,174,354,63,44378,1327,7.2,91.8,0.1,0.1,0.2,0.4,3212,40907,28,58,88,180
E06000042,Milton Keynes,125617,125610,99.7,96.7,96.4,96.2,96.2,0,0.1,0.1,0.3,0,99.9,0,125233,121441,121089,120825,120829,42,127,164,377,36,125508,0,3.3,96.4,0,0.1,0,0.2,4144,121089,42,85,37,213
E07000210,Mole Valley,38536,38529,97.8,78.9,78.9,60.6,78.9,0,0.1,0.3,2.2,0.1,99.7,0,37683,30391,30391,23352,30391,9,49,119,846,56,38415,0,18.9,78.9,0,0.1,0.2,1.9,7292,30391,9,40,70,727
W06000021,Monmouthshire,43154,43120,94,78.9,78.5,78.1,78.1,0.5,1.5,2.8,5.9,0.7,98.4,0.7,40562,34036,33883,33712,33712,226,656,1223,2558,291,42483,304,15.5,78.5,0.5,1,1.3,3.1,6679,33883,226,430,567,1335
S12000020,Moray,47352,47269,92.9,60.5,60.5,60.5,60.5,0.9,2,3.4,7,1.3,97.8,0,43974,28648,28648,28648,28648,430,965,1610,3295,604,46327,0,32.4,60.5,0.9,1.1,1.4,3.6,15326,28648,430,535,645,1685
S12000013,Na h-Eileanan Siar,15887,14735,80.1,9.6,9.6,9.6,9.6,2.1,3.1,4.7,12.6,2.6,89.5,0,12731,1524,1524,1524,1524,336,498,743,2004,417,14222,0,70.5,9.6,2.1,1,1.5,7.9,11207,1524,336,162,245,1261
W06000012,Neath Port Talbot,65908,65897,99,83.3,83.3,74.6,83.3,0,0.1,0.2,1,0,99.8,20.6,65226,54923,54923,49166,54923,20,53,109,671,25,65754,13560,15.6,83.3,0,0.1,0.1,0.9,10303,54923,20,33,56,562
E07000091,New Forest,83166,83146,97.1,74.4,74.1,71.8,74,0.2,0.3,0.5,2.9,0.2,99.7,0,80760,61900,61665,59684,61506,125,222,377,2386,187,82905,9,23,74.1,0.2,0.1,0.2,2.4,19095,61665,125,97,155,2009
E07000175,Newark and Sherwood,57407,57362,98.4,83.7,83.7,78.8,83.6,0.2,0.4,0.5,1.5,0.1,99.7,17.7,56489,48043,48031,45247,48017,113,206,310,873,37,57248,10171,14.7,83.7,0.2,0.2,0.2,1,8458,48031,113,93,104,563
E08000021,Newcastle upon Tyne,135175,135014,98.5,94.7,94.1,88.9,93.4,0,0,0.2,1.4,0,98.6,0,133131,128071,127235,120163,126230,4,6,227,1883,19,133333,0,4.4,94.1,0,0,0.2,1.2,5896,127235,4,2,221,1656
E07000195,Newcastle-under-Lyme,58664,58385,98.2,83.5,83.4,71.7,83.4,0.1,0.2,0.3,1.3,0.1,99.4,1.1,57606,48978,48933,42037,48920,33,103,184,779,45,58318,651,14.8,83.4,0.1,0.1,0.1,1,8673,48933,33,70,81,595
E09000025,Newham,130552,130323,99.3,95.3,93.5,79.7,91.5,0,0.1,0.1,0.5,0,99.3,0,129663,124464,122130,104087,119494,0,82,174,660,4,129665,0,5.8,93.5,0,0.1,0.1,0.4,7533,122130,0,82,92,486
W06000022,Newport,70689,70668,99.2,94.9,94.6,87.4,94.4,0,0.1,0.3,0.8,0,99.6,31.3,70130,67094,66849,61763,66721,6,77,214,538,6,70382,22146,4.6,94.6,0,0.1,0.2,0.5,3281,66849,6,71,137,324
N09000010,"Newry, Mourne and Down",73112,73086,98.7,95.6,95.6,95.6,95.6,0.3,0.5,0.6,1.2,0.2,99.9,3.7,72173,69892,69892,69892,69892,219,344,455,913,172,73059,2741,3.1,95.6,0.3,0.2,0.2,0.6,2281,69892,219,125,111,458
S12000021,North Ayrshire,70384,70369,98.2,81.1,81.1,73.9,81.1,0.1,0.3,0.4,1.8,0.1,99.5,0.2,69091,57062,57062,51981,57062,94,179,294,1278,48,70056,169,17.1,81.1,0.1,0.1,0.2,1.4,12029,57062,94,85,115,984
E07000043,North Devon,48018,47961,93.5,66.2,66.2,66.2,66.2,0.8,1.8,3.1,6.3,0.4,97.2,56.6,44915,31790,31790,31790,31790,400,876,1489,3046,213,46669,27173,27.3,66.2,0.8,1,1.3,3.2,13125,31790,400,476,613,1557
E07000038,North East Derbyshire,48842,48832,97.9,89.2,88.9,88.7,88.7,0.1,0.5,0.7,2.1,0.1,99.8,0,47796,43567,43406,43307,43311,69,222,357,1036,31,48736,0,9,88.9,0.1,0.3,0.3,1.4,4390,43406,69,153,135,679
E06000012,North East Lincolnshire,71644,71611,98.8,95.7,95.7,76.5,95.7,0,0.5,0.6,1.2,0.1,99.1,14.5,70760,68548,68548,54810,68548,23,387,452,851,53,71006,10361,3.1,95.7,0,0.5,0.1,0.6,2212,68548,23,364,65,399
E07000099,North Hertfordshire,59742,59724,98.4,87.2,86.6,69.8,86.2,0.1,0.2,0.4,1.6,0.1,99.6,0.2,58771,52093,51709,41687,51513,36,122,232,953,59,59492,120,11.8,86.6,0.1,0.1,0.2,1.2,7062,51709,36,86,110,721
E07000139,North Kesteven,54521,54510,97,83.2,83.1,68.7,83.1,0.5,0.9,1.3,3,0.1,99.5,34.2,52887,45379,45334,37451,45300,255,497,711,1623,70,54270,18645,13.9,83.1,0.5,0.4,0.4,1.7,7553,45334,255,242,214,912
S12000050,North Lanarkshire,162308,162233,99.4,94.6,94.2,65,94.1,0,0.1,0.2,0.6,0,99.8,0,161297,153523,152966,105550,152777,52,122,251,936,51,161976,0,5.1,94.2,0,0,0.1,0.4,8331,152966,52,70,129,685
E06000013,North Lincolnshire,77372,77320,98.5,93.6,93.6,93,93.6,0.2,0.4,0.5,1.5,0.1,99.4,59.5,76191,72397,72397,71918,72397,172,277,422,1129,56,76890,46058,4.9,93.6,0.2,0.1,0.2,0.9,3794,72397,172,105,145,707
E07000147,North Norfolk,55257,55223,96,50.7,50.7,50.7,50.7,0.3,0.7,1.2,4,0.8,99.3,0,53035,28030,28030,28030,28030,152,384,647,2188,447,54860,6,45.3,50.7,0.3,0.4,0.5,2.8,25005,28030,152,232,263,1541
E06000061,North Northamptonshire,161493,161457,99.4,95.6,95.6,88.1,95.6,0,0.1,0.2,0.5,0,99.8,0,160601,154433,154433,142306,154433,57,186,303,856,39,161173,13,3.8,95.6,0,0.1,0.1,0.3,6168,154433,57,129,117,553
E06000024,North Somerset,100342,100292,97.7,90.6,89.8,83.8,89.2,0.1,0.3,0.7,2.2,0.1,98.9,0,98055,90946,90156,84101,89498,65,328,662,2237,94,99216,0,7.9,89.8,0.1,0.3,0.3,1.6,7899,90156,65,263,334,1575
E08000022,North Tyneside,100429,100302,99.7,96,95.5,83.6,94.6,0,0,0.1,0.2,0,99.8,0,100135,96376,95921,83995,95018,2,4,74,167,26,100224,0,4.2,95.5,0,0,0.1,0.1,4214,95921,2,2,70,93
E07000218,North Warwickshire,29275,29265,98.7,71.6,71,58.1,70.4,0.1,0.3,0.4,1.3,0,99.8,0,28881,20953,20785,17018,20621,37,81,121,384,3,29208,0,27.7,71,0.1,0.2,0.1,0.9,8096,20785,37,44,40,263
E07000134,North West Leicestershire,48622,48617,99,88.4,88.1,68.1,87.8,0.1,0.3,0.4,1,0.1,99.9,0,48139,42964,42846,33118,42666,66,151,199,478,40,48565,0,10.9,88.1,0.1,0.2,0.1,0.6,5293,42846,66,85,48,279
E06000065,North Yorkshire,299002,298727,95.7,81.1,80.8,80.2,80.5,0.7,1.4,2,4.2,0.3,99,57.8,286291,242393,241530,239718,240754,2173,4278,6063,12436,870,296094,172904,15,80.8,0.7,0.7,0.6,2.1,44761,241530,2173,2105,1785,6373
E06000057,Northumberland,153989,153859,96.7,82,81.8,81.6,81.8,0.6,1,1.5,3.2,0.4,99.4,0.2,148949,126269,125996,125652,125918,892,1612,2253,4910,547,153022,348,14.9,81.8,0.6,0.5,0.4,1.7,22953,125996,892,720,641,2657
E07000148,Norwich,54491,53710,98.4,94,93,76.6,92,0,0,0,0.1,0,98.5,0,53645,51228,50697,41763,50133,0,0,0,65,0,53664,8,5.4,93,0,0,0,0.1,2948,50697,0,0,0,65
E06000018,Nottingham,136074,136064,99.4,97.4,96.9,84.9,96.6,0,0,0.1,0.6,0,99.5,0,135278,132522,131885,115477,131449,0,8,84,786,0,135338,0,2.5,96.9,0,0,0.1,0.5,3393,131885,0,8,76,702
E07000219,Nuneaton and Bedworth,61347,61321,99.6,95,95,69.8,95,0,0,0,0.3,0,99.9,0,61116,58274,58274,42843,58274,0,16,29,205,0,61259,0,4.6,95,0,0,0,0.3,2842,58274,0,16,13,176
E07000135,Oadby and Wigston,24636,24627,99.8,98.8,98.8,95.1,98.7,0,0,0,0.2,0,99.9,0,24585,24338,24333,23441,24316,1,5,5,42,0,24623,0,1,98.8,0,0,0,0.2,252,24333,1,4,0,37
E08000004,Oldham,94739,94719,99.6,97.7,97.6,93.8,97.6,0.1,0.1,0.1,0.4,0,100,0,94338,92520,92498,88875,92484,48,86,100,381,3,94702,4,1.9,97.6,0.1,0,0,0.3,1840,92498,48,38,14,281
S12000023,Orkney Islands,12175,12019,83.6,25.4,25.4,25.4,25.4,1.8,3.6,9.1,15.1,2.5,89.9,0,10180,3093,3093,3093,3093,216,438,1108,1839,305,10942,0,58.2,25.4,1.8,1.8,5.5,6,7087,3093,216,222,670,731
E07000178,Oxford,64192,62535,96.6,86.7,82.5,40.1,79.9,0,0.1,0.2,0.8,0.1,96.8,0,62011,55634,52985,25764,51315,0,43,140,524,67,62113,0,14.1,82.5,0,0.1,0.2,0.6,9026,52985,0,43,97,384
W06000009,Pembrokeshire,61234,61190,95,66.3,66.3,66.3,66.3,0.8,1.6,2.5,4.9,0.6,98,2,58170,40588,40588,40588,40588,502,955,1503,3020,341,60032,1200,28.7,66.3,0.8,0.7,0.9,2.5,17582,40588,502,453,548,1517
E07000122,Pendle,41549,41540,97.7,93.7,93.7,91.5,93.7,0.3,0.7,0.9,2.3,0.1,99.5,45.8,40589,38925,38922,38033,38922,144,294,387,951,41,41361,19041,4,93.7,0.3,0.4,0.2,1.4,1667,38922,144,150,93,564
S12000048,Perth and Kinross,76185,76036,92.1,54.8,54.3,34.1,53.9,1,2.3,4.1,7.7,0.8,97.5,0.1,70142,41758,41364,25992,41028,731,1747,3159,5894,633,74315,92,37.8,54.3,1,1.3,1.9,3.6,28778,41364,731,1016,1412,2735
E06000031,Peterborough,90906,90901,99.5,95.8,95.7,94.4,95.6,0,0.1,0.2,0.5,0,99.9,0,90450,87056,86990,85835,86926,27,123,173,451,29,90852,0,3.8,95.7,0,0.1,0.1,0.3,3460,86990,27,96,50,278
E06000026,Plymouth,122394,121376,98.1,95.2,94.9,77,94.5,0,0.1,0.3,1,0,98.2,12,120113,116561,116108,94258,115663,0,62,408,1263,2,120243,14642,3.3,94.9,0,0.1,0.3,0.7,4005,116108,0,62,346,855
E06000044,Portsmouth,90578,90542,99.3,98.1,97.4,82.1,97,0,0.1,0.3,0.7,0,99.3,0,89910,88862,88187,74383,87818,0,88,238,632,1,89923,0,1.9,97.4,0,0.1,0.2,0.4,1723,88187,0,88,150,394
W06000023,Powys,64890,64167,87.3,58.5,58.5,58.5,58.5,2.1,4.8,7,11.6,2.1,93.8,10.4,56644,37930,37930,37930,37930,1360,3108,4532,7523,1367,60843,6745,28.8,58.5,2.1,2.7,2.2,4.6,18714,37930,1360,1748,1424,2991
E07000123,Preston,69144,69073,99.1,88.5,87.9,70.3,87.8,0,0,0.1,0.8,0,99.5,40.9,68518,61174,60783,48588,60710,4,28,79,555,21,68786,28296,11.2,87.9,0,0,0.1,0.7,7735,60783,4,24,51,476
E06000038,Reading,75675,75653,99.7,97.6,97,94.9,95.9,0,0,0,0.3,0,99.7,0,75423,73829,73421,71837,72572,1,1,8,230,0,75438,0,2.6,97,0,0,0,0.3,2002,73421,1,0,7,222
E09000026,Redbridge,107296,107249,99.2,93.9,93.6,84.3,93.2,0,0,0.1,0.8,0,99.3,0,106406,100718,100387,90480,99993,10,29,156,843,5,106499,0,5.6,93.6,0,0,0.1,0.6,6019,100387,10,19,127,687
E06000003,Redcar and Cleveland,66445,66440,98.8,92.2,92.1,59.5,92,0.1,0.3,0.5,1.2,0,99.5,1.7,65642,61281,61200,39523,61146,53,198,313,798,18,66094,1140,6.7,92.1,0.1,0.2,0.2,0.7,4442,61200,53,145,115,485
E07000236,Redditch,37703,37691,99.4,93.6,93.6,49.4,93.6,0,0,0.1,0.5,0,99.9,4.1,37489,35280,35280,18619,35280,2,10,24,202,3,37659,1552,5.9,93.6,0,0,0,0.5,2209,35280,2,8,14,178
E07000211,Reigate and Banstead,63341,63309,98.5,88.8,88.6,74.6,88.4,0,0.1,0.1,1.4,0,99.8,0,62418,56244,56126,47262,56020,24,40,59,891,13,63214,0,9.9,88.6,0,0,0,1.3,6292,56126,24,16,19,832
S12000038,Renfrewshire,92227,92211,99.6,96.4,96.4,91,96.4,0.1,0.1,0.1,0.4,0,99.8,0,91823,88898,88898,83965,88898,47,61,89,388,7,92033,0,3.2,96.4,0.1,0,0,0.3,2925,88898,47,14,28,299
W06000016,Rhondda Cynon Taf,112250,112159,99.2,80.4,79.5,75.2,78.9,0,0,0,0.7,0,99.8,18.5,111361,90223,89232,84467,88555,15,21,45,798,15,112052,20745,19.7,79.5,0,0,0,0.7,22129,89232,15,6,24,753
E07000124,Ribble Valley,29892,29862,95.7,84.8,84.7,84.6,84.7,0.5,1,1.7,4.2,0.1,99.4,33.6,28609,25360,25331,25299,25326,138,288,505,1253,34,29718,10035,11,84.7,0.5,0.5,0.7,2.5,3278,25331,138,150,217,748
E09000027,Richmond upon Thames,84435,84273,98.9,92,91.1,65.6,90.4,0,0,0.1,0.9,0,99,0,83484,77720,76911,55367,76342,0,11,85,789,4,83559,0,7.8,91.1,0,0,0.1,0.8,6573,76911,0,11,74,704
E08000005,Rochdale,98250,98210,99,93.1,91.6,74.2,90.3,0,0.1,0.2,0.9,0,99.9,0,97311,91441,89957,72869,88745,16,116,207,899,5,98137,7,7.5,91.6,0,0.1,0.1,0.7,7354,89957,16,100,91,692
E07000075,Rochford,38004,37986,99.4,80.5,80.4,80.3,80.3,0,0,0.1,0.6,0,99.9,0,37774,30578,30538,30526,30526,4,19,26,212,4,37965,0,19,80.4,0,0,0,0.5,7236,30538,4,15,7,186
E07000125,Rossendale,32839,32823,98.5,94.8,94.4,92.8,93.8,0.1,0.2,0.3,1.5,0,99.9,0,32336,31143,30992,30484,30818,38,68,93,487,10,32818,0,4.1,94.4,0.1,0.1,0.1,1.2,1344,30992,38,30,25,394
E07000064,Rother,46464,46453,97.5,71,71,71,71,0.1,0.2,0.4,2.5,0.1,99.8,2.8,45299,32978,32978,32978,32978,34,89,198,1154,35,46354,1284,26.5,71,0.1,0.1,0.2,2.1,12321,32978,34,55,109,956
E08000018,Rotherham,121696,121672,99.6,97.2,97,93.2,96.9,0,0.1,0.1,0.3,0,99.8,3.8,121255,118229,118071,113451,117980,24,151,166,417,25,121510,4680,2.6,97,0,0.1,0,0.2,3184,118071,24,127,15,251
E07000220,Rugby,51223,51217,99,91.7,91.6,90.8,91.5,0.1,0.2,0.3,1,0,99.8,0,50716,46962,46900,46501,46861,53,115,141,501,11,51098,1,7.4,91.6,0.1,0.1,0.1,0.7,3816,46900,53,62,26,360
E07000212,Runnymede,37873,37631,97.6,88,86.8,76.5,85.7,0,0,0.6,1.7,0,98.2,0,36982,33322,32870,28972,32454,1,11,236,649,5,37185,0,10.9,86.8,0,0,0.6,1.1,4112,32870,1,10,225,413
E07000176,Rushcliffe,55764,55738,98.7,85,82.9,60.8,81.5,0.1,0.2,0.4,1.2,0.1,99.8,0.6,55054,47413,46202,33904,45470,37,117,226,684,47,55646,362,15.9,82.9,0.1,0.1,0.2,0.8,8852,46202,37,80,109,458
E07000092,Rushmoor,42603,42602,99.3,96.2,96.2,88.9,96.2,0,0.4,0.5,0.7,0,99.4,0,42296,41002,41002,37887,41002,6,173,227,306,6,42345,0,3,96.2,0,0.4,0.1,0.2,1294,41002,6,167,54,79
E06000017,Rutland,17546,17544,96.4,77.6,77.6,77.6,77.6,0.1,0.3,0.6,3.6,0.2,99.8,0,16915,13617,13617,13617,13617,25,54,98,629,37,17513,0,18.8,77.6,0.1,0.2,0.3,3,3298,13617,25,29,44,531
E08000006,Salford,131101,131078,97.9,94.3,94.1,87.2,94,0,0.6,0.9,2,0,98,0.2,128406,123595,123418,114257,123258,3,843,1180,2672,2,128495,206,3.8,94.1,0,0.6,0.3,1.1,4988,123418,3,840,337,1492
E08000028,Sandwell,135157,135100,99.9,96.7,96.5,88.9,96.3,0,0,0,0.1,0,99.9,0,135022,130675,130429,120105,130190,0,0,27,78,5,135028,0,3.4,96.5,0,0,0,0,4593,130429,0,0,27,51
S12000026,Scottish Borders,60358,60235,97.8,69.7,69.1,68.6,68.6,0.1,0.4,0.7,2,0.3,98.8,1.5,59052,42073,41682,41410,41410,90,240,427,1183,207,59642,910,28.8,69.1,0.1,0.2,0.3,1.3,17370,41682,90,150,187,756
E08000014,Sefton,132467,131636,98.8,85.6,83.4,75.4,81.4,0,0.1,0.1,0.6,0.1,99.1,0,130849,113433,110442,99912,107833,0,77,83,787,69,131246,0,15.4,83.4,0,0.1,0,0.5,20407,110442,0,77,6,704
E07000111,Sevenoaks,51359,51326,96.1,76,75.9,64.8,75.8,0.2,0.4,0.6,3.8,0.1,99.7,0,49361,39048,38991,33282,38952,82,184,332,1965,63,51182,0,20.2,75.9,0.2,0.2,0.3,3.2,10370,38991,82,102,148,1633
E08000019,Sheffield,251942,251900,98,94,93.6,91.4,93.4,0,0,0.3,2,0,98.2,0.1,246861,236912,235816,230213,235229,39,96,697,5039,34,247363,201,4.4,93.6,0,0,0.2,1.7,11045,235816,39,57,601,4342
S12000027,Shetland Islands,11962,11911,85.1,17.7,17.7,17.7,17.7,2,4.7,7.9,14.5,2.1,94.3,0,10178,2118,2118,2118,2118,243,559,942,1733,247,11282,0,67.4,17.7,2,2.6,3.2,6.6,8060,2118,243,316,383,791
E06000051,Shropshire,148998,148809,92.2,75.6,74.2,72.7,73.6,0.7,2,3.5,7.6,0.3,97.6,45.5,137422,112619,110585,108338,109594,1105,3024,5238,11387,507,145375,67794,18,74.2,0.7,1.3,1.5,4.1,26837,110585,1105,1919,2214,6149
E06000039,Slough,56174,56136,99.6,98.1,97.5,90.9,96.9,0,0,0,0.3,0,99.6,0,55946,55105,54780,51077,54456,0,1,1,190,0,55951,0,2.1,97.5,0,0,0,0.3,1166,54780,0,1,0,189
E08000029,Solihull,95029,95018,99.4,96.5,96.4,80.1,96.3,0,0,0.1,0.6,0,99.8,0,94492,91687,91600,76081,91521,8,21,140,526,7,94795,0,3,96.4,0,0,0.1,0.4,2892,91600,8,13,119,386
E06000066,Somerset,267460,267306,95.2,76.1,75.1,73.5,74.5,0.3,0.9,1.7,4.7,0.2,98.4,4.1,254753,203558,200905,196480,199343,871,2504,4535,12553,617,263063,10979,20.1,75.1,0.3,0.6,0.8,3,53848,200905,871,1633,2031,8018
S12000028,South Ayrshire,57588,57576,98.8,82,81.6,68.6,81.2,0.1,0.2,0.4,1.2,0.1,99.8,0,56890,47234,46977,39479,46751,50,119,228,686,38,57476,5,17.2,81.6,0.1,0.1,0.2,0.8,9913,46977,50,69,109,458
E07000012,South Cambridgeshire,72603,72587,98.6,86.1,85.6,58.3,85.2,0.1,0.2,0.4,1.3,0.1,99.4,0.1,71617,62501,62121,42363,61833,87,163,302,970,39,72203,88,13.1,85.6,0.1,0.1,0.2,0.9,9496,62121,87,76,139,668
E07000039,South Derbyshire,49325,49295,98.5,90.7,90.3,89.7,90,0.1,0.3,0.5,1.4,0.1,99.5,0,48588,44722,44546,44239,44404,58,158,262,707,62,49102,0,8.2,90.3,0.1,0.2,0.2,0.9,4042,44546,58,100,104,445
E06000025,South Gloucestershire,130616,128616,97.6,86.6,86.4,59.1,86.2,0,0.1,0.2,0.8,0.1,98.4,0,127531,113094,112857,77206,112635,44,142,206,1085,67,128491,0,11.2,86.4,0,0.1,0,0.7,14674,112857,44,98,64,879
E07000044,South Hams,45478,45467,88.8,58.6,58.5,58.4,58.5,0.5,1.6,3.8,11.2,0.8,97,21.9,40375,26629,26603,26574,26610,244,710,1707,5092,361,44095,9938,30.3,58.5,0.5,1,2.2,7.4,13772,26603,244,466,997,3385
E07000140,South Holland,44608,44599,94.2,76.2,75.9,75.7,75.7,0.3,1.1,1.9,5.8,0.5,99.6,0.2,42024,33985,33855,33790,33790,118,501,847,2575,239,44446,97,18.3,75.9,0.3,0.9,0.8,3.9,8169,33855,118,383,346,1728
E07000141,South Kesteven,67739,67703,96.5,83.5,82.9,73.4,82.4,0.8,1.1,1.4,3.4,0.1,99.5,1.1,65400,56535,56166,49753,55819,546,722,938,2303,88,67426,767,13.6,82.9,0.8,0.3,0.3,2,9234,56166,546,176,216,1365
S12000029,South Lanarkshire,159755,159700,99.2,90,90,63.4,89.9,0.1,0.2,0.3,0.8,0,99.8,0,158485,143746,143726,101261,143699,172,366,540,1215,55,159448,0,9.2,90,0.1,0.1,0.1,0.4,14759,143726,172,194,174,675
E07000149,South Norfolk,66447,66441,96.6,69.8,69.2,68.2,69,0.2,0.6,1,3.4,0.4,99.4,0,64193,46359,45993,45304,45845,161,372,679,2248,240,66047,9,27.4,69.2,0.2,0.3,0.5,2.4,18200,45993,161,211,307,1569
E07000179,South Oxfordshire,66536,66523,98.6,84.3,82.7,68,81.7,0,0.1,0.2,1.4,0,99.9,0,65615,56080,55021,45242,54358,29,76,136,908,29,66448,0,15.9,82.7,0,0.1,0.1,1.2,10594,55021,29,47,60,772
E07000126,South Ribble,52745,52714,98.4,84.5,84.3,73.8,84.1,0,0.3,0.4,1.6,0,99.6,16.7,51877,44568,44444,38935,44334,13,143,203,837,8,52560,8809,14.1,84.3,0,0.2,0.1,1.2,7433,44444,13,130,60,634
E07000196,South Staffordshire,49147,49112,96.2,83.8,83.5,83.4,83.4,0.1,0.5,0.9,3.7,0.1,99.4,2.2,47278,41161,41055,40999,41001,64,251,429,1834,31,48830,1091,12.7,83.5,0.1,0.4,0.4,2.9,6223,41055,64,187,178,1405
E08000023,South Tyneside,73120,73095,99.2,92.1,92,33,92,0.1,0.2,0.3,0.7,0,99.4,0,72570,67309,67279,24139,67279,57,110,211,525,15,72707,0,7.2,92,0.1,0.1,0.1,0.4,5291,67279,57,53,101,314
E06000045,Southampton,109499,109007,98.5,97.3,96.8,93.9,96.5,0,0,0.3,1.1,0,98.5,0,107825,106515,106023,102778,105720,0,2,313,1182,22,107888,0,1.6,96.8,0,0,0.3,0.8,1802,106023,0,2,311,869
E06000033,Southend-on-Sea,82740,82707,99.8,98.9,98.6,97.6,98.3,0,0,0,0.2,0,99.8,1,82579,81854,81596,80794,81373,0,0,5,128,4,82601,796,1.2,98.6,0,0,0,0.1,983,81596,0,0,5,123
E09000028,Southwark,144163,143791,97.6,90.9,90.7,81.4,90.6,0,0,0,2.1,0,97.6,0,140700,131007,130787,117352,130567,0,0,44,3091,1,140703,0,6.9,90.7,0,0,0,2.1,9913,130787,0,0,44,3047
E07000213,Spelthorne,44429,44398,98.5,94.3,93.8,79.8,93.1,0,0,0.4,1.4,0,98.7,0,43774,41887,41685,35443,41383,0,14,194,624,1,43868,0,4.7,93.8,0,0,0.4,1,2089,41685,0,14,180,430
E07000240,St Albans,63013,62964,99.1,95.6,95,80.4,94.3,0,0.1,0.2,0.9,0,99.6,0,62422,60234,59847,50661,59429,28,57,128,542,11,62748,0,4.1,95,0,0,0.1,0.7,2575,59847,28,29,71,414
E08000013,St. Helens,85403,85398,99,96.9,96.8,92.4,96.8,0.1,0.2,0.4,1,0,99.7,1.4,84557,82713,82677,78934,82666,52,212,319,841,7,85188,1221,2.2,96.8,0.1,0.2,0.1,0.6,1880,82677,52,160,107,522
E07000197,Stafford,63892,63447,95.7,84.6,84.6,72.2,84.6,0.2,0.7,1.2,3.6,0.2,98.8,4,61139,54036,54036,46139,54036,145,428,780,2308,100,63095,2552,11.1,84.6,0.2,0.4,0.6,2.4,7103,54036,145,283,352,1528
E07000198,Staffordshire Moorlands,44597,44585,94,73.6,72.9,64.7,72.8,0.6,1.5,2.4,5.9,0.5,99,0,41942,32807,32529,28856,32466,254,659,1066,2643,203,44161,0,21.1,72.9,0.6,0.9,0.9,3.5,9413,32529,254,405,407,1577
E07000243,Stevenage,38245,38245,99.8,94.8,94.8,63,94.8,0,0,0,0.2,0,99.8,0,38167,36245,36245,24109,36245,0,0,1,78,0,38171,0,5,94.8,0,0,0,0.2,1922,36245,0,0,1,77
S12000030,Stirling,43741,43681,96.9,76.6,76.1,76.2,76.2,0.5,1.3,1.7,3,0.4,99,0.1,42365,33506,33302,33316,33316,240,553,757,1316,170,43302,33,20.7,76.1,0.5,0.7,0.5,1.3,9063,33302,240,313,204,559
E08000007,Stockport,132765,132732,99.3,95.6,95.6,85.3,95.6,0,0,0.1,0.6,0,99.8,0,131886,126902,126902,113257,126902,29,50,75,846,15,132457,0,3.8,95.6,0,0,0,0.6,4984,126902,29,21,25,771
E06000004,Stockton-on-Tees,89847,89824,98.4,95.3,95.1,59.2,95,0.1,0.4,0.8,1.5,0,98.8,26.2,88446,85589,85447,53149,85389,87,391,686,1378,7,88787,23533,3.3,95.1,0.1,0.3,0.3,0.8,2999,85447,87,304,295,692
E06000021,Stoke-on-Trent,117095,117072,99.4,96.3,96.3,90.2,96.3,0,0,0,0.6,0,99.6,0,116371,112817,112816,105572,112815,0,3,49,701,1,116573,0,3,96.3,0,0,0,0.6,3555,112816,0,3,46,652
E07000221,Stratford-on-Avon,65525,65453,98.8,86.9,85.9,81.7,85.2,0.1,0.3,0.4,1.1,0.1,99.7,5.3,64738,56937,56295,53547,55810,78,189,279,715,85,65328,3477,12.9,85.9,0.1,0.2,0.1,0.7,8443,56295,78,111,90,436
E07000082,Stroud,56152,56139,98.2,78.9,78.9,78,78.9,0,0.2,0.5,1.8,0,99,1.1,55156,44330,44330,43801,44330,26,88,259,983,18,55576,622,19.3,78.9,0,0.1,0.3,1.3,10826,44330,26,62,171,724
E08000024,Sunderland,134006,133816,99.1,95.5,95.1,71.6,95,0,0.1,0.2,0.7,0,99.3,0,132818,127924,127504,95930,127295,27,75,283,998,13,133056,0,4,95.1,0,0,0.2,0.5,5314,127504,27,48,208,715
E07000214,Surrey Heath,37962,37952,99.2,89.3,89,64.7,88.9,0,0,0,0.8,0,100,0,37655,33918,33777,24550,33732,0,7,8,297,3,37952,0,10.2,89,0,0,0,0.8,3878,33777,0,7,1,289
E09000029,Sutton,85236,85228,99.3,93.4,93.1,77.7,92.6,0,0,0,0.7,0,99.5,0,84666,79628,79336,66237,78957,9,13,20,562,1,84810,0,6.3,93.1,0,0,0,0.6,5330,79336,9,4,7,542
E07000113,Swale,64481,64427,97.1,84.1,83,76,82.1,0.1,0.4,0.9,2.8,0.1,99.5,46.5,62630,54235,53513,49030,52923,78,279,585,1797,40,64129,29978,14.1,83,0.1,0.3,0.5,1.9,9117,53513,78,201,306,1212
W06000011,Swansea,112763,112720,99.1,92,91,81.9,90.4,0.1,0.2,0.3,0.8,0,99.6,27.6,111804,103747,102652,92332,101924,98,177,359,916,56,112318,31129,8.1,91,0.1,0.1,0.2,0.5,9152,102652,98,79,182,557
E06000030,Swindon,101086,101075,98.4,95.4,94.8,91,94.3,0.1,0.2,0.4,1.6,0,98.7,0,99474,96430,95843,91952,95362,70,224,370,1601,32,99816,0,3.6,94.8,0.1,0.2,0.1,1.2,3631,95843,70,154,146,1231
E08000008,Tameside,106360,106294,99.5,95.9,95.7,91,95.6,0,0,0,0.5,0,99.9,0,105794,101989,101819,96823,101669,0,10,39,500,29,106232,0,3.7,95.7,0,0,0,0.4,3975,101819,0,10,29,461
E07000199,Tamworth,35024,35020,99.8,96,95.1,66.4,94.5,0.1,0.1,0.1,0.2,0,99.9,0,34951,33627,33321,23252,33111,19,19,26,69,1,34995,0,4.7,95.1,0.1,0,0,0.1,1630,33321,19,0,7,43
E07000215,Tandridge,37347,37314,96.4,71.6,71,53.5,70.6,0.1,0.4,0.7,3.5,0.1,99.7,0,36004,26757,26502,19985,26364,28,145,247,1310,37,37221,0,25.4,71,0.1,0.3,0.3,2.8,9502,26502,28,117,102,1063
E07000045,Teignbridge,64036,64021,93.4,77.1,77.1,75.8,77.1,0.4,1.3,2.4,6.6,0.4,98.3,32.8,59820,49394,49394,48529,49394,274,834,1541,4201,250,62926,20973,16.3,77.1,0.4,0.9,1.1,4.2,10426,49394,274,560,707,2660
E06000020,Telford and Wrekin,83711,83695,99,89.6,88.7,46.7,88.2,0,0.1,0.3,1,0,99.7,9.8,82853,74972,74266,39066,73820,41,110,228,842,19,83462,8231,10.3,88.7,0,0.1,0.1,0.7,8587,74266,41,69,118,614
E07000076,Tendring,74825,74799,99.3,77.2,77.2,77.2,77.2,0,0.1,0.2,0.7,0,99.7,1.9,74278,57736,57736,57734,57736,34,59,167,521,26,74637,1429,22.1,77.2,0,0,0.1,0.5,16542,57736,34,25,108,354
E07000093,Test Valley,57989,57978,96.4,77.9,77.6,55.2,77.4,0.2,0.5,1,3.6,0.3,99.3,0,55896,45146,45024,32011,44902,122,313,606,2082,150,57610,0,18.7,77.6,0.2,0.3,0.5,2.5,10872,45024,122,191,293,1476
E07000083,Tewkesbury,47182,47134,95.5,87.5,87.4,68,87.3,0.1,0.6,2,4.4,0.1,96.5,1,45041,41265,41224,32090,41210,46,305,943,2093,59,45530,492,8.1,87.4,0.1,0.5,1.4,2.4,3817,41224,46,259,638,1150
E07000114,Thanet,70806,70763,98.6,80.6,80.6,80.6,80.6,0,0.5,0.6,1.3,0,99.9,55.3,69822,57055,57055,57055,57055,2,381,391,941,3,70758,39156,18,80.6,0,0.5,0,0.8,12767,57055,2,379,10,550
E07000102,Three Rivers,38877,38817,98.7,93.5,92.9,85.1,91.9,0.2,0.2,0.2,1.2,0,99.8,0,38367,36368,36123,33091,35719,60,73,80,450,6,38801,0,5.8,92.9,0.2,0,0,1,2244,36123,60,13,7,370
E06000034,Thurrock,69988,69964,99.1,93.4,93.1,83.8,93,0,0,0.4,0.9,0,99.4,0.9,69329,65352,65152,58684,65056,18,30,267,635,4,69564,606,6,93.1,0,0,0.3,0.5,4177,65152,18,12,237,368
E07000115,Tonbridge and Malling,56514,56480,97.2,86.4,85.8,76.4,85.4,0.1,0.5,0.8,2.7,0.2,99,25.1,54943,48825,48501,43176,48241,55,265,459,1537,113,55930,14181,11.4,85.8,0.1,0.4,0.3,1.9,6442,48501,55,210,194,1078
E06000027,Torbay,72265,72164,98.6,91.8,90.6,84.2,89.3,0,0,0.1,1.3,0,99.1,7.8,71243,66348,65449,60872,64501,0,25,55,921,3,71600,5631,8,90.6,0,0,0,1.2,5794,65449,0,25,30,866
W06000020,Torfaen,43451,43426,99,86.9,86.5,77.1,86.1,0.1,0.2,0.3,0.9,0,99.6,19.5,43016,37771,37595,33488,37395,50,68,114,410,2,43263,8492,12.5,86.5,0.1,0,0.1,0.7,5421,37595,50,18,46,296
E07000046,Torridge,33427,33361,86.8,63.2,60.9,63.2,63.2,2.1,5,7.9,13,1.4,95.2,55.8,29025,21120,20371,21120,21120,687,1684,2645,4336,475,31825,18639,25.9,60.9,2.1,3,2.9,5.1,8654,20371,687,997,961,1691
E09000030,Tower Hamlets,147251,146018,96.2,87.7,86.9,80.7,86.3,0,0,0.2,3,0,96.2,0,141634,129174,127943,118825,127044,0,0,276,4384,0,141642,0,9.3,86.9,0,0,0.2,2.8,13691,127943,0,0,276,4108
E08000009,Trafford,103958,103951,99.2,95,94.3,91.5,93.7,0,0,0.1,0.8,0,99.5,0.2,103139,98755,98077,95116,97370,12,36,75,812,0,103406,237,4.9,94.3,0,0,0,0.7,5062,98077,12,24,39,737
E07000116,Tunbridge Wells,51954,51932,97.2,84,82.8,75.5,80.9,0.1,0.3,0.7,2.8,0.2,99.5,1,50490,43647,43028,39234,42054,38,178,343,1442,86,51720,513,14.4,82.8,0.1,0.3,0.3,2.1,7462,43028,38,140,165,1099
E07000077,Uttlesford,38530,38511,97.5,83.8,83.4,68.3,83.1,0.2,0.3,0.6,2.4,0.2,99,1.5,37577,32300,32143,26302,32015,60,131,244,934,65,38133,560,14.1,83.4,0.2,0.2,0.3,1.8,5434,32143,60,71,113,690
W06000014,Vale of Glamorgan,61822,61793,98.9,92.2,91.6,86.3,91,0.1,0.4,0.5,1.1,0.1,99.4,9.3,61143,57003,56611,53357,56275,31,241,307,650,48,61476,5743,7.3,91.6,0.1,0.3,0.1,0.6,4532,56611,31,210,66,343
E07000180,Vale of White Horse,63973,63906,98.6,88.5,87,66.3,86.9,0,0.1,0.3,1.3,0,99.5,0,63083,56643,55633,42432,55584,23,91,177,823,27,63654,0,11.6,87,0,0.1,0.1,1,7450,55633,23,68,86,646
E08000036,Wakefield,163389,163336,99.3,96,96,94.7,95.9,0,0.1,0.2,0.7,0,99.6,50.4,162237,156810,156788,154673,156766,31,219,322,1099,5,162667,82363,3.3,96,0,0.1,0.1,0.5,5449,156788,31,188,103,777
E08000030,Walsall,113326,113299,99.6,94.6,94.3,84.4,94.2,0,0,0.1,0.4,0,99.7,0,112841,107203,106899,95700,106699,0,5,89,458,4,113030,0,5.2,94.3,0,0,0.1,0.3,5942,106899,0,5,84,369
E09000031,Waltham Forest,109426,109042,98.7,95.2,95,86.6,94.6,0.1,0.1,0.4,0.9,0,98.7,0,108019,104221,103903,94725,103538,55,96,439,1023,43,108042,0,3.8,95,0.1,0,0.3,0.5,4116,103903,55,41,343,584
E09000032,Wandsworth,158084,157564,99,95.3,92.3,83.4,89.5,0,0,0.1,0.7,0,99,0,156532,150711,145914,131910,141519,0,0,87,1032,0,156538,0,6.7,92.3,0,0,0.1,0.6,10618,145914,0,0,87,945
E06000007,Warrington,96020,95992,99.6,97.2,96.8,92.1,96.5,0,0,0.1,0.4,0,99.9,0,95633,93302,92949,88475,92674,14,40,57,359,4,95889,7,2.8,96.8,0,0,0,0.3,2684,92949,14,26,17,302
E07000222,Warwick,68490,68435,99.5,89.4,86.3,44.2,84.3,0,0.1,0.1,0.5,0,99.8,0.2,68120,61255,59113,30251,57716,31,74,93,315,10,68321,160,13.2,86.3,0,0.1,0,0.3,9007,59113,31,43,19,222
E07000103,Watford,43072,43069,99.7,96.6,95.5,84.8,94.4,0,0,0,0.3,0,99.7,0,42946,41590,41140,36517,40660,0,0,7,123,0,42948,0,4.2,95.5,0,0,0,0.3,1806,41140,0,0,7,116
E07000216,Waverley,56497,56484,97.1,71.9,71,67.4,70.5,0.2,0.3,0.5,2.9,0.2,99.8,0,54834,40649,40099,38070,39828,86,191,305,1650,88,56397,0,26.1,71,0.2,0.2,0.2,2.4,14735,40099,86,105,114,1345
E07000065,Wealden,73219,73166,97.7,68.7,68.6,68.6,68.6,0.1,0.2,0.4,2.2,0.2,99.8,0,71524,50285,50225,50205,50206,41,156,325,1642,110,73045,0,29.1,68.6,0.1,0.2,0.2,1.8,21299,50225,41,115,169,1317
E07000241,Welwyn Hatfield,49692,49690,98.5,89.8,89.1,60.9,88.2,0,0,0.2,1.5,0,99.6,0,48931,44628,44254,30260,43827,2,15,75,759,2,49498,0,9.4,89.1,0,0,0.1,1.4,4677,44254,2,13,60,684
E06000037,West Berkshire,70425,70415,98.8,90,88.7,77.3,87.5,0,0.2,0.4,1.1,0,99.4,0,69615,63349,62454,54437,61597,23,169,260,800,28,69996,0,10.2,88.7,0,0.2,0.1,0.8,7161,62454,23,146,91,540
E07000047,West Devon,26270,26268,85.7,60.8,60.8,60.8,60.8,1.2,4.3,8.2,14.3,1.4,97.3,49.7,22515,15972,15972,15972,15972,312,1120,2160,3753,359,25552,13068,24.9,60.8,1.2,3.1,4,6.1,6543,15972,312,808,1040,1593
S12000039,West Dunbartonshire,45719,45654,99.6,94.6,94.1,43.8,93.6,0,0,0,0.2,0.1,99.7,0,45553,43255,43015,20015,42787,0,5,10,101,58,45600,0,5.6,94.1,0,0,0,0.2,2538,43015,0,5,5,91
E07000127,West Lancashire,51568,51543,97.6,83.8,82.2,81,81,0.2,0.5,0.8,2.3,0,99.6,3.5,50344,43221,42372,41791,41793,98,247,398,1199,18,51344,1807,15.5,82.2,0.2,0.3,0.3,1.6,7972,42372,98,149,151,801
E07000142,West Lindsey,45920,45883,92.1,67.4,67.3,63.1,67.2,1.5,2.7,3.7,7.8,0.5,99,57,42286,30958,30918,28964,30857,696,1255,1710,3597,211,45469,26153,24.8,67.3,1.5,1.2,1,4.1,11368,30918,696,559,455,1887
S12000040,West Lothian,86469,86458,99.3,93.2,92.8,77.2,92.5,0.1,0.2,0.2,0.7,0,99.8,0,85875,80628,80235,66747,80012,74,153,205,583,31,86325,0,6.5,92.8,0.1,0.1,0.1,0.4,5640,80235,74,79,52,378
E06000062,West Northamptonshire,183732,182873,98.5,95.3,95,93.8,94.8,0,0.3,0.5,1,0.1,99.1,0,181030,175058,174481,172298,174141,75,635,838,1843,205,182010,48,3.6,95,0,0.3,0.1,0.5,6549,174481,75,560,203,1005
E07000181,West Oxfordshire,52770,52755,99.6,95.3,94.2,83.8,93.2,0,0.1,0.1,0.4,0,99.8,0,52557,50309,49729,44211,49168,8,28,53,198,19,52661,0,5.4,94.2,0,0,0,0.3,2828,49729,8,20,25,145
E07000245,West Suffolk,82755,82743,98.6,77.6,76.6,72.9,76.1,0.1,0.2,0.3,1.4,0.1,99.8,0,81565,64238,63428,60331,62951,88,194,268,1178,90,82603,4,21.9,76.6,0.1,0.1,0.1,1.1,18137,63428,88,106,74,910
E09000033,Westminster,135059,134921,96.7,87.1,86.9,85.1,86.6,0,0,0,3.2,0,96.7,0,130576,117644,117366,114886,116968,0,0,49,4345,2,130583,0,9.8,86.9,0,0,0,3.2,13210,117366,0,0,49,4296
E06000064,Westmorland and Furness,115774,115682,96.3,79.2,79.2,79.2,79.2,0.5,1,1.5,3.6,0.4,99.2,16.1,111491,91728,91726,91721,91721,544,1134,1776,4191,471,114860,18682,17.1,79.2,0.5,0.5,0.6,2.1,19765,91726,544,590,642,2415
E08000010,Wigan,152337,152310,99.5,96.9,96.8,85.1,96.7,0,0,0.1,0.5,0,99.8,1.5,151547,147556,147474,129687,147346,22,59,166,763,9,152103,2285,2.7,96.8,0,0,0.1,0.4,4073,147474,22,37,107,597
E06000054,Wiltshire,229494,229354,97.2,76.1,75.9,67.4,75.7,0.1,0.4,0.8,2.7,0.2,99.5,0.6,223106,174718,174157,154703,173839,331,967,1749,6248,386,228289,1297,21.3,75.9,0.1,0.3,0.3,2,48949,174157,331,636,782,4499
E07000094,Winchester,56962,56878,95,65.5,64.8,45.6,64.4,0.4,0.9,1.5,4.9,0.3,98.5,0,54105,37283,36934,25979,36677,208,489,853,2773,199,56126,0,30.1,64.8,0.4,0.5,0.6,3.4,17171,36934,208,281,364,1920
E06000040,Windsor and Maidenhead,66097,66028,98.5,88.5,87,77.1,85.9,0,0,0.1,1.4,0,99,0,65097,58514,57521,50942,56808,6,25,91,931,10,65442,0,11.5,87,0,0,0.1,1.3,7576,57521,6,19,66,840
E08000015,Wirral,152230,152167,99.6,96.3,96.3,93.4,96.3,0,0,0,0.3,0,99.9,0,151643,146673,146673,142120,146673,25,48,74,524,0,152084,0,3.3,96.3,0,0,0,0.3,4970,146673,25,23,26,450
E07000217,Woking,43817,43794,98.7,93.9,93,73.7,92.1,0,0.1,0.1,1.3,0,99,0,43232,41132,40747,32302,40335,0,34,38,562,10,43396,0,5.7,93,0,0.1,0,1.2,2485,40747,0,34,4,524
E06000041,Wokingham,74629,74608,99,93.9,93.3,81.9,92.9,0,0,0.2,1,0,99.4,0,73899,70097,69664,61129,69297,2,18,158,709,23,74216,0,5.7,93.3,0,0,0.2,0.7,4235,69664,2,16,140,551
E08000031,Wolverhampton,113363,113240,99.4,98.4,98.3,95.6,98.2,0,0,0,0.5,0,99.4,0.5,112695,111576,111476,108393,111357,0,0,4,545,4,112726,622,1.1,98.3,0,0,0,0.5,1219,111476,0,0,4,541
E07000237,Worcester,46875,46862,99.8,94.7,94,93.5,93.5,0,0,0,0.2,0,99.9,36,46782,44381,44073,43826,43826,0,0,0,80,0,46847,16889,5.8,94,0,0,0,0.2,2709,44073,0,0,0,80
E07000229,Worthing,51001,50982,99.7,97.8,97.7,93,97.6,0,0,0,0.2,0,99.9,0,50856,49885,49845,47408,49766,0,0,0,126,2,50970,0,2,97.7,0,0,0,0.2,1011,49845,0,0,0,126
W06000006,Wrexham,62595,62279,97.6,79.1,79.1,79,79,0.2,0.5,0.8,1.9,0.2,99,49.8,61071,49511,49486,49474,49474,94,298,500,1208,97,61938,31143,18.5,79.1,0.2,0.3,0.3,1.1,11585,49486,94,204,202,708
E07000238,Wychavon,60727,60647,97.2,80.2,79.6,79,79.1,0.1,0.3,0.5,2.7,0.1,99.6,12.7,59025,48682,48334,47947,48054,36,175,324,1622,31,60503,7687,17.6,79.6,0.1,0.2,0.2,2.1,10691,48334,36,139,149,1298
E07000128,Wyre,55836,55820,98.6,91,91,90.9,91,0.1,0.2,0.3,1.4,0,99.6,42,55052,50791,50791,50765,50791,32,95,172,768,17,55627,23447,7.6,91,0.1,0.1,0.1,1.1,4261,50791,32,63,77,596
E07000239,Wyre Forest,47051,47023,98.5,89.4,89.4,81.9,89.4,0.1,0.1,0.3,1.4,0.1,99.9,3.1,46358,42066,42066,38541,42066,38,69,124,665,26,46982,1439,9.1,89.4,0.1,0.1,0.1,1.1,4292,42066,38,31,55,541
E06000014,York,90992,90899,98.3,92.3,91.6,85.9,90.7,0,0.1,0.2,1.6,0,99,24.3,89482,84028,83311,78127,82548,30,89,173,1417,7,90112,22092,6.8,91.6,0,0.1,0.1,1.4,6171,83311,30,59,84,1244
