devolved_const,devolved_const_name,All Premises,All Matched Premises,SFBB availability (% premises),UFBB (100Mbit/s) availability (% premises),UFBB availability (% premises),Full Fibre availability (% premises),Gigabit availability (% premises),% of premises unable to receive 2Mbit/s,% of premises unable to receive 5Mbit/s,% of premises unable to receive 10Mbit/s,% of premises unable to receive 30Mbit/s,% of premises below the USO,% of premises with NGA,% of premises able to receive decent broadband from FWA,Number of premises with SFBB availability,Number of premises with UFBB (100Mbit/s) availability,Number of premises with UFBB availability,Number of premises with Full Fibre availability,Number of premises with Gigabit availability,Number of premises unable to receive 2Mbit/s,Number of premises unable to receive 5Mbit/s,Number of premises unable to receive 10Mbit/s,Number of premises unable to receive 30Mbit/s,Number of premises below the USO,Number of premises with NGA,Number of premises able to receive decent broadband from FWA,% of premises with 30<300Mbit/s download speed,% of premises with >=300Mbit/s download speed,% of premises with 0<2Mbit/s download speed,% of premises with 2<5Mbit/s download speed,% of premises with 5<10Mbit/s download speed,% of premises with 10<30Mbit/s download speed,Number of premises with 30<300Mbit/s download speed,Number of premises with >=300Mbit/s download speed,Number of premises with 0<2Mbit/s download speed,Number of premises with 2<5Mbit/s download speed,Number of premises with 5<10Mbit/s download speed,Number of premises with 10<30Mbit/s download speed
W09000022,Aberavon Assembly,33521,33479,98.2,87.8,87.8,74.7,87.8,0.1,0.2,0.3,1.7,0,99.1,30.6,32908,29425,29425,25030,29425,36,68,97,571,16,33214,10264,10.4,87.8,0.1,0.1,0.1,1.4,3483,29425,36,32,29,474
W09000003,Aberconwy Assembly,30686,30660,96.9,83.4,83.4,83.4,83.4,0.5,1,1.5,3,0.6,98.6,44.6,29734,25602,25602,25602,25602,145,306,469,926,184,30268,13691,13.5,83.4,0.5,0.5,0.5,1.5,4132,25602,145,161,163,457
S16000074,Aberdeen Central,53644,53564,98.3,94.4,94,93,93,0,0,0,1.6,0,98.4,0,52707,50656,50419,49908,49908,0,0,0,857,7,52763,0,4.3,94,0,0,0,1.6,2288,50419,0,0,0,857
S16000075,Aberdeen Donside,44060,44051,98.5,95.4,95.4,95.3,95.3,0.1,0.1,0.2,1.5,0,98.9,0,43397,42055,42027,41995,41995,23,62,102,654,8,43574,0,3.1,95.4,0.1,0.1,0.1,1.3,1370,42027,23,39,40,552
S16000076,Aberdeen South and North Kincardine,41688,41678,97.7,84.2,84.1,84.1,84.1,0.3,0.7,0.8,2.3,0.2,99.6,0,40712,35103,35079,35071,35071,110,273,349,966,93,41522,0,13.5,84.1,0.3,0.4,0.2,1.5,5633,35079,110,163,76,617
S16000077,Aberdeenshire East,39496,39374,90.3,43.9,43.9,43.9,43.9,1.3,2.8,5.2,9.4,1.5,97.1,0,35669,17355,17355,17355,17355,507,1118,2057,3705,583,38362,0,46.4,43.9,1.3,1.5,2.4,4.2,18314,17355,507,611,939,1648
S16000078,Aberdeenshire West,37328,37181,84.9,26.6,26.3,26.2,26.2,2.2,4.8,8,14.8,2.8,94.4,0,31675,9920,9835,9772,9772,820,1788,2986,5506,1036,35221,0,58.5,26.3,2.2,2.6,3.2,6.8,21840,9835,820,968,1198,2520
S16000079,Airdrie and Shotts,34264,34221,98.2,92,92,81.9,92,0,0.2,0.5,1.7,0.1,99.3,0,33649,31519,31519,28074,31519,17,81,164,572,51,34018,0,6.2,92,0,0.2,0.2,1.2,2130,31519,17,64,83,408
S16000080,Almond Valley,43575,43553,97.8,92.1,91.2,67.7,90.7,0.1,0.4,1,2.2,0.1,98.6,0,42603,40143,39757,29522,39537,63,175,455,950,25,42945,0,6.5,91.2,0.1,0.3,0.6,1.1,2846,39757,63,112,280,495
W09000007,Alyn and Deeside Assembly,41097,41015,98.2,92.4,91.5,91.1,91.1,0.2,0.5,0.9,1.6,0.1,99,41.1,40362,37977,37598,37427,37427,81,196,366,653,38,40697,16881,6.7,91.5,0.2,0.3,0.4,0.7,2764,37598,81,115,170,287
S16000081,Angus North and Mearns,37752,37710,94.1,58,58,58,58,0.6,1.7,3.3,5.8,0.9,97.7,0,35539,21912,21912,21912,21912,231,644,1250,2171,321,36873,0,36.1,58,0.6,1.1,1.6,2.4,13627,21912,231,413,606,921
S16000082,Angus South,37892,37767,88,59.1,59,45.2,59,1.3,3.1,5.9,11.6,1.2,95.6,0,33355,22389,22362,17110,22358,483,1179,2247,4412,454,36220,0,29,59,1.3,1.8,2.8,5.7,10993,22362,483,696,1068,2165
W09000002,Arfon Assembly,29826,29761,95.9,72.6,70.7,69.3,69.3,0.4,1,1.9,3.9,0.2,97.4,21.2,28591,21666,21090,20671,20671,122,305,577,1170,68,29053,6331,25.1,70.7,0.4,0.6,0.9,2,7501,21090,122,183,272,593
S16000083,Argyll and Bute,43864,43337,84.6,11.1,11.1,11.1,11.1,3.1,4.7,7.3,14.2,2.8,92.6,0,37130,4876,4876,4876,4876,1341,2073,3192,6207,1228,40628,3,73.5,11.1,3.1,1.7,2.6,6.9,32254,4876,1341,732,1119,3015
S16000084,Ayr,41920,41914,99.5,90.4,89.7,71.8,89.1,0,0,0,0.5,0,99.9,0,41713,37877,37587,30084,37331,1,12,20,201,0,41858,0,9.8,89.7,0,0,0,0.4,4126,37587,1,11,8,181
S16000085,Banffshire and Buchan Coast,40881,40815,92.7,51.8,51.8,51.8,51.8,1,2.4,4.2,7.2,0.9,97.4,0,37880,21162,21162,21162,21162,410,985,1720,2935,363,39821,0,40.9,51.8,1,1.4,1.8,3,16718,21162,410,575,735,1215
N06000001,Belfast East,49224,49218,99.3,96.3,96.3,93.5,96.3,0.1,0.2,0.3,0.7,0,99.3,0,48859,47395,47395,46025,47395,41,85,146,359,6,48893,0,3,96.3,0.1,0.1,0.1,0.4,1464,47395,41,44,61,213
N06000002,Belfast North,54222,54217,99,96.2,96.2,93.6,96.2,0,0,0.5,1,0,99,0,53686,52141,52140,50767,52141,0,7,287,531,0,53706,0,2.9,96.2,0,0,0.5,0.5,1546,52140,0,7,280,244
N06000003,Belfast South,60744,60728,98.8,95.5,95.5,90.6,95.5,0,0,0.1,1.2,0,98.8,0,59988,57992,57991,55041,57992,0,11,82,740,8,60008,0,3.3,95.5,0,0,0.1,1.1,1997,57991,0,11,71,658
N06000004,Belfast West,43932,43929,99.5,94.9,94.9,92.5,94.9,0,0.1,0.1,0.5,0,99.5,0,43699,41675,41675,40638,41675,0,29,46,230,0,43718,0,4.6,94.9,0,0.1,0,0.4,2024,41675,0,29,17,184
W09000038,Blaenau Gwent Assembly,35473,35435,98.4,70,69.3,68.7,68.7,0.1,0.2,0.4,1.5,0,99.6,0,34910,24832,24581,24373,24373,19,71,145,525,15,35342,2,29.1,69.3,0.1,0.1,0.2,1.1,10329,24581,19,52,74,380
W09000041,Brecon and Radnorshire Assembly,37631,37146,86.3,46.9,46.9,46.9,46.9,2.5,5.2,7.4,12.4,2.2,92.4,2.9,32481,17663,17663,17663,17663,937,1959,2766,4665,818,34784,1084,39.4,46.9,2.5,2.7,2.1,5,14818,17663,937,1022,807,1899
W09000023,Bridgend Assembly,40018,39992,99.1,93.1,92.6,91.9,91.9,0,0.1,0.2,0.8,0,99.5,20.1,39653,37250,37054,36796,36796,2,46,85,339,1,39830,8039,6.5,92.6,0,0.1,0.1,0.6,2599,37054,2,44,39,254
W09000035,Caerphilly Assembly,40753,40717,99.4,87.3,86.9,86.6,86.6,0,0.1,0.1,0.6,0,99.9,38.5,40491,35597,35430,35287,35287,8,26,43,226,3,40712,15692,12.4,86.9,0,0,0,0.4,5061,35430,8,18,17,183
S16000086,"Caithness, Sutherland and Ross",41795,41104,78.8,62.1,62.1,62.1,62.1,3.1,6.5,11,19.5,1.9,89.7,11.5,32951,25962,25962,25962,25962,1299,2710,4589,8153,798,37490,4795,16.7,62.1,3.1,3.4,4.5,8.5,6989,25962,1299,1411,1879,3564
W09000031,Cardiff Central Assembly,41558,41109,95.9,91.6,91.3,75.5,90.5,0,0,0.3,3.1,0,95.9,47.4,39835,38081,37941,31388,37624,0,14,115,1274,0,39845,19714,4.6,91.3,0,0,0.2,2.8,1894,37941,0,14,101,1159
W09000042,Cardiff North Assembly,41108,41052,99,96.7,95.9,91.9,95.3,0.1,0.4,0.4,0.8,0,99.6,53.6,40707,39735,39421,37783,39174,34,144,164,345,0,40928,22044,3.1,95.9,0.1,0.3,0,0.4,1286,39421,34,110,20,181
W09000043,Cardiff South and Penarth Assembly,58190,57832,97.6,93,91.9,83.3,90.8,0.2,0.7,1.3,1.8,0,97.7,54.6,56768,54096,53498,48447,52835,94,401,773,1064,2,56832,31789,5.6,91.9,0.2,0.5,0.6,0.5,3270,53498,94,307,372,291
W09000029,Cardiff West Assembly,45975,45938,99.5,91.9,91.5,80.1,90.8,0,0,0.1,0.4,0,99.7,45.9,45748,42240,42049,36819,41766,1,11,38,190,4,45816,21120,8,91.5,0,0,0.1,0.3,3699,42049,1,10,27,152
W09000015,Carmarthen East and Dinefwr Assembly,36653,36336,86.7,57,57,57,57,2,4.4,6.8,12.4,1.8,92.1,2,31783,20901,20901,20901,20901,738,1630,2503,4553,674,33741,736,29.7,57,2,2.4,2.4,5.6,10882,20901,738,892,873,2050
W09000016,Carmarthen West and South Pembrokeshire Assembly,42583,42479,93,55.4,55.4,55.4,55.4,1.1,2,3.2,6.8,1,97.3,3.8,39599,23574,23574,23574,23574,448,852,1376,2880,446,41424,1607,37.6,55.4,1.1,0.9,1.2,3.5,16025,23574,448,404,524,1504
S16000087,"Carrick, Cumnock and Doon Valley",38874,38843,97.4,58.8,57.9,57.2,57.4,0.3,0.6,1,2.5,0.2,99.5,0.1,37852,22848,22489,22251,22304,106,217,385,991,81,38681,24,39.5,57.9,0.3,0.3,0.4,1.6,15363,22489,106,111,168,606
W09000012,Ceredigion Assembly,39353,38206,87.1,50,50,50,50,1.6,3.6,5.6,10,1.7,92.3,3.9,34267,19694,19694,19694,19694,632,1434,2223,3939,660,36338,1524,37,50,1.6,2,2,4.4,14573,19694,632,802,789,1716
S16000088,Clackmannanshire and Dunblane,33980,33973,98.3,84.6,83.9,83.6,83.6,0.2,0.6,0.8,1.7,0.1,99.5,0,33398,28757,28520,28392,28392,63,217,262,575,46,33821,0,14.4,83.9,0.2,0.5,0.1,0.9,4878,28520,63,154,45,313
W09000009,Clwyd South Assembly,35382,35235,95.5,64,63.9,63.8,63.8,0.5,1.2,2.1,4.1,0.4,98.4,40.7,33786,22652,22620,22590,22590,168,430,729,1449,147,34800,14412,31.6,63.9,0.5,0.7,0.8,2,11166,22620,168,262,299,720
W09000004,Clwyd West Assembly,37627,37543,94.4,81.1,81.1,81.1,81.1,0.8,1.7,3.1,5.4,0.8,97.3,46,35506,30525,30525,30525,30525,311,646,1157,2037,289,36604,17327,13.2,81.1,0.8,0.9,1.4,2.3,4981,30525,311,335,511,880
S16000089,Clydebank and Milngavie,35716,35652,98.5,94.2,93.3,61.9,92.4,0,0,0.1,1.3,0.2,98.9,0,35196,33652,33333,22105,33002,2,15,39,456,62,35306,0,5.2,93.3,0,0,0.1,1.2,1863,33333,2,13,24,417
S16000090,Clydesdale,39743,39724,97.8,74.8,74.8,74.8,74.8,0.4,0.8,1.1,2.2,0.2,99.6,0,38867,29746,29746,29745,29746,165,337,439,857,68,39576,0,22.9,74.8,0.4,0.4,0.3,1.1,9121,29746,165,172,102,418
S16000149,Coatbridge and Chryston,36024,35982,98.4,91.4,90.6,53.3,90.1,0.1,0.2,0.3,1.5,0,98.7,0,35435,32921,32641,19185,32473,33,60,91,547,8,35553,0,7.8,90.6,0.1,0.1,0.1,1.3,2794,32641,33,27,31,456
S16000092,Cowdenbeath,36460,36428,99.2,88.9,88.9,88.9,88.9,0,0.2,0.2,0.7,0,99.8,0,36175,32405,32405,32405,32405,13,62,73,253,10,36391,0,10.3,88.9,0,0.1,0,0.5,3770,32405,13,49,11,180
S16000093,Cumbernauld and Kilsyth,31605,31561,98.8,92.5,91.6,68,91.3,0.2,0.4,0.6,1,0.1,99.1,0,31236,29222,28944,21486,28856,50,111,191,325,31,31327,0,7.3,91.6,0.2,0.2,0.3,0.4,2292,28944,50,61,80,134
S16000094,Cunninghame North,39558,39544,97.2,70.8,70.8,70.8,70.8,0.1,0.4,0.6,2.8,0.1,99.2,0.5,38433,27990,27990,27990,27990,56,149,253,1111,22,39249,181,26.4,70.8,0.1,0.2,0.3,2.2,10443,27990,56,93,104,858
S16000095,Cunninghame South,34541,34532,98.9,88.5,88.5,73.7,88.5,0.2,0.2,0.3,1.1,0.1,99.7,0,34168,30573,30573,25458,30573,54,69,98,364,33,34447,0,10.4,88.5,0.2,0,0.1,0.8,3595,30573,54,15,29,266
W09000026,Cynon Valley Assembly,36077,35999,98.2,71.9,70.1,68.6,68.6,0.2,0.2,0.3,1.5,0.1,99.5,6.3,35443,25954,25278,24762,24764,76,83,115,556,36,35891,2283,28.2,70.1,0.2,0,0.1,1.2,10165,25278,76,7,32,441
W09000006,Delyn Assembly,34731,34692,96.8,88.6,88.1,87.7,87.7,0.3,0.8,1.4,3,0.1,98.7,26,33634,30782,30587,30446,30446,99,267,498,1058,51,34274,9043,8.8,88.1,0.3,0.5,0.7,1.6,3047,30587,99,168,231,560
S16000096,Dumbarton,38779,38739,98.3,76.3,76.3,38.1,76.3,0,0.2,0.4,1.6,0.1,99.2,0,38124,29583,29583,14791,29583,13,94,164,615,31,38467,0,22,76.3,0,0.2,0.2,1.2,8541,29583,13,81,70,451
S16000097,Dumfriesshire,41989,41954,96.8,49.5,49.5,49.5,49.5,0.3,0.6,1,3.1,0.3,99,0,40640,20797,20797,20797,20797,134,237,422,1314,130,41570,14,47.3,49.5,0.3,0.2,0.4,2.1,19843,20797,134,103,185,892
S16000098,Dundee City East,38705,38666,99.4,96.5,96.2,84.4,96,0,0,0.1,0.5,0,99.7,0,38475,37348,37229,32661,37138,0,11,20,191,1,38576,0,3.2,96.2,0,0,0,0.4,1246,37229,0,11,9,171
S16000099,Dundee City West,42523,42487,98.9,94.3,93.3,84.5,92.1,0,0,0,1,0,99.2,0,42056,40100,39685,35938,39184,0,2,10,431,0,42163,0,5.6,93.3,0,0,0,1,2371,39685,0,2,8,421
S16000100,Dunfermline,39730,39686,98.2,84.3,84.3,84.2,84.2,0.3,0.4,0.6,1.7,0.1,99.7,0,39005,33483,33475,33442,33442,100,172,239,681,56,39628,1,13.9,84.3,0.3,0.2,0.2,1.1,5530,33475,100,72,67,442
W09000010,Dwyfor Meirionnydd Assembly,38838,38568,91.7,57.1,57.1,57.1,57.1,1.1,2.3,3.9,7.6,1.2,95.4,0,35604,22178,22178,22178,22178,433,884,1527,2964,484,37060,0,34.6,57.1,1.1,1.2,1.7,3.7,13426,22178,433,451,643,1437
N06000005,East Antrim,43442,43366,98.4,94.9,94.9,94.7,94.9,0.5,0.7,0.7,1.4,0.2,99.7,0,42744,41219,41219,41143,41219,226,295,317,622,75,43329,0,3.5,94.9,0.5,0.2,0.1,0.7,1525,41219,226,69,22,305
S16000101,East Kilbride,38087,38078,98.7,93,93,44.5,93,0.1,0.2,0.4,1.2,0,99.1,0,37602,35415,35415,16945,35415,28,80,148,476,2,37758,0,5.7,93,0.1,0.1,0.2,0.9,2187,35415,28,52,68,328
N06000006,East Londonderry,50518,50441,96.6,91.9,91.9,91.9,91.9,0.9,1.4,1.6,3.3,0.5,99.7,0,48795,46450,46450,46450,46450,471,700,830,1646,261,50342,0,4.6,91.9,0.9,0.5,0.3,1.6,2345,46450,471,229,130,816
S16000102,East Lothian,42762,42686,95.4,88.1,88.1,88.1,88.1,0.5,1.3,2.5,4.4,0.3,98.3,18.7,40794,37662,37662,37662,37662,224,576,1055,1892,113,42028,8000,7.3,88.1,0.5,0.8,1.1,2,3132,37662,224,352,479,837
S16000103,Eastwood,31229,31224,98.6,95.7,95.7,93.6,95.7,0.1,0.2,0.4,1.4,0.1,99.7,0,30799,29883,29882,29233,29880,22,54,134,425,34,31124,1,2.9,95.7,0.1,0.1,0.3,0.9,917,29882,22,32,80,291
S16000104,Edinburgh Central,58926,58789,95.7,84.1,83.6,71.1,82.5,0,0,0.4,4.1,0,95.7,0,56392,49567,49290,41894,48628,0,0,209,2397,2,56394,0,12.1,83.6,0,0,0.4,3.7,7102,49290,0,0,209,2188
S16000105,Edinburgh Eastern,50365,50226,99.2,97.4,97.4,92.9,97.4,0,0.1,0.2,0.5,0,99.3,0,49977,49076,49075,46804,49037,2,54,106,249,0,50009,0,1.8,97.4,0,0.1,0.1,0.3,902,49075,2,52,52,143
S16000106,Edinburgh Northern and Leith,56998,56993,99.4,95.4,94.5,77.4,91.8,0,0.1,0.2,0.6,0,99.4,0,56640,54351,53845,44088,52348,0,68,133,353,0,56649,0,4.9,94.5,0,0.1,0.1,0.4,2795,53845,0,68,65,220
S16000107,Edinburgh Pentlands,36369,36353,99.1,97.5,97.4,90.4,97.2,0,0.1,0.2,0.9,0,99.4,0,36024,35459,35439,32862,35367,8,29,79,329,2,36135,0,1.6,97.4,0,0.1,0.1,0.7,585,35439,8,21,50,250
S16000108,Edinburgh Southern,43065,43056,99.3,94.6,94,78.6,92.7,0,0,0,0.7,0,99.4,0,42765,40747,40472,33870,39912,0,0,0,291,2,42794,0,5.3,94,0,0,0,0.7,2293,40472,0,0,0,291
S16000109,Edinburgh Western,43405,43401,97.4,95.5,95.4,93,95.2,0.1,0.3,0.7,2.6,0,98.2,0,42294,41472,41398,40379,41333,46,124,289,1107,4,42622,0,2.1,95.4,0.1,0.2,0.4,1.9,896,41398,46,78,165,818
S16000111,"Ettrick, Roxburgh and Berwickshire",40103,40001,97.1,70,69.9,69.9,69.9,0.2,0.6,1,2.6,0.5,98.3,1.5,38945,28055,28049,28035,28035,74,223,398,1056,192,39422,613,27.2,69.9,0.2,0.4,0.4,1.6,10896,28049,74,149,175,658
S16000112,Falkirk East,37485,37469,98.6,93,92.8,57.9,92.7,0.1,0.3,0.5,1.3,0.1,99.3,0,36977,34856,34787,21709,34759,25,103,202,492,24,37213,0,5.8,92.8,0.1,0.2,0.3,0.8,2190,34787,25,78,99,290
S16000113,Falkirk West,40348,40337,98.6,93.8,93.8,72.2,93.8,0,0.1,0.2,1.3,0,99.3,0,39794,37859,37859,29115,37859,7,33,79,543,17,40068,0,4.8,93.8,0,0.1,0.1,1.1,1935,37859,7,26,46,464
N06000007,Fermanagh and South Tyrone,51192,51127,96.1,89.6,89.6,89.6,89.6,1.4,2,2.4,3.8,0.8,99.7,40.2,49198,45860,45860,45860,45860,695,1020,1250,1929,386,51035,20603,6.5,89.6,1.4,0.6,0.4,1.3,3338,45860,695,325,230,679
N06000008,Foyle,47466,47293,98.2,94.4,94.4,93.2,94.4,0.3,0.4,0.5,1.4,0.1,99.2,0,46614,44800,44800,44244,44800,126,186,248,679,38,47078,0,3.8,94.4,0.3,0.1,0.1,0.9,1814,44800,126,60,62,431
S16000114,Galloway and West Dumfries,41561,41495,96,54.1,54.1,54.1,54.1,0.3,0.7,1.5,3.8,0.5,98.8,0,39901,22484,22484,22484,22484,140,307,622,1594,201,41069,0,41.9,54.1,0.3,0.4,0.8,2.3,17417,22484,140,167,315,972
S16000115,Glasgow Anniesland,40117,40117,99.9,99.1,98.8,97.1,98.5,0,0,0,0.1,0,99.9,0,40095,39757,39634,38940,39514,0,0,10,22,0,40095,0,1.1,98.8,0,0,0,0,461,39634,0,0,10,12
S16000116,Glasgow Cathcart,41334,41333,99.9,99,98.5,95.6,98.1,0,0,0,0.1,0,99.9,0,41275,40932,40727,39514,40561,0,3,13,58,0,41287,0,1.3,98.5,0,0,0,0.1,548,40727,0,3,10,45
S16000117,Glasgow Kelvin,61179,59716,93,89.5,86.4,78.1,85.8,0,0,0,4.6,0,93,0,56919,54744,52851,47787,52499,0,0,9,2797,1,56921,0,6.6,86.4,0,0,0,4.6,4068,52851,0,0,9,2788
S16000118,Glasgow Maryhill and Springburn,39056,39048,99.8,98.6,98.2,95.2,98,0,0,0,0.2,0,99.9,0,38979,38527,38365,37185,38263,0,13,19,69,1,39000,2,1.6,98.2,0,0,0,0.1,614,38365,0,13,6,50
S16000119,Glasgow Pollok,40220,40194,99.9,99.2,99.1,99,99.1,0,0,0,0.1,0,99.9,0,40173,39896,39870,39821,39857,0,0,2,21,0,40187,0,0.8,99.1,0,0,0,0,303,39870,0,0,2,19
S16000150,Glasgow Provan,39228,39228,99.9,98.3,98.3,97.6,98.2,0,0,0,0.1,0,100,0,39188,38575,38553,38271,38534,0,5,10,40,0,39217,0,1.6,98.3,0,0,0,0.1,635,38553,0,5,5,30
S16000121,Glasgow Shettleston,46134,46098,99.3,93.4,91.2,81.7,88.5,0,0.2,0.4,0.7,0,99.5,0,45793,43068,42092,37675,40807,0,90,166,305,0,45888,0,8,91.2,0,0.2,0.2,0.3,3701,42092,0,90,76,139
S16000122,Glasgow Southside,39612,39604,99.3,96.7,96.7,96.5,96.7,0,0,0.2,0.6,0,99.5,0,39351,38303,38299,38221,38285,0,1,94,253,0,39424,0,2.7,96.7,0,0,0.2,0.4,1052,38299,0,1,93,159
W09000018,Gower Assembly,39268,39191,97.1,80.5,78.4,72,77.1,0.3,0.5,1.2,2.7,0.3,98.4,12,38116,31614,30783,28291,30287,114,208,465,1075,116,38634,4709,18.7,78.4,0.3,0.2,0.7,1.6,7333,30783,114,94,257,610
S16000123,Greenock and Inverclyde,39893,39751,98.4,79.8,79.8,48.1,79.8,0.1,0.1,0.2,1.3,0,98.7,0,39244,31830,31830,19183,31830,22,31,78,507,1,39374,0,18.6,79.8,0.1,0,0.1,1.1,7414,31830,22,9,47,429
S16000124,"Hamilton, Larkhall and Stonehouse",39698,39651,98.9,88.6,88.6,40.9,88.6,0.1,0.2,0.4,1,0,99.7,0,39257,35189,35189,16240,35189,22,74,149,394,8,39561,0,10.2,88.6,0.1,0.1,0.2,0.6,4068,35189,22,52,75,245
S16000125,Inverness and Nairn,49016,48947,95.6,78.1,78.1,78.1,78.1,0.7,1.3,2,4.3,0.8,98.2,0.1,46859,38304,38304,38304,38304,323,655,975,2088,377,48153,52,17.5,78.1,0.7,0.7,0.7,2.3,8555,38304,323,332,320,1113
W09000036,Islwyn Assembly,36086,36037,99.2,92,91.9,91.9,91.9,0.1,0.1,0.2,0.7,0,99.8,13.7,35783,33206,33171,33158,33158,21,32,58,254,1,36001,4940,7.2,91.9,0.1,0,0.1,0.5,2612,33171,21,11,26,196
S16000126,Kilmarnock and Irvine Valley,42956,42938,98.6,88.5,88.5,84.5,88.5,0.2,0.4,0.7,1.4,0.1,99.3,0,42336,38005,38005,36298,38005,82,160,292,602,23,42675,9,10.1,88.5,0.2,0.2,0.3,0.7,4331,38005,82,78,132,310
S16000127,Kirkcaldy,44016,43959,98.7,92.8,92.8,62.6,92.8,0.1,0.1,0.1,1.1,0,99.4,0,43456,40845,40845,27561,40845,23,40,57,503,3,43744,0,5.9,92.8,0.1,0,0,1,2611,40845,23,17,17,446
N06000009,Lagan Valley,51288,51177,99.3,95.7,95.7,94.8,95.7,0,0.1,0.1,0.5,0.1,99.7,0,50931,49081,49081,48640,49081,20,43,69,246,47,51155,0,3.6,95.7,0,0,0.1,0.3,1850,49081,20,23,26,177
S16000128,Linlithgow,47509,47490,99.1,90.5,90.3,83.1,90.1,0.1,0.2,0.2,0.9,0.1,99.7,0,47079,42976,42880,39498,42786,35,87,115,411,26,47371,0,8.8,90.3,0.1,0.1,0.1,0.6,4199,42880,35,52,28,296
W09000017,Llanelli Assembly,41452,41402,98.1,84.7,84.7,84.7,84.7,0.3,0.5,0.7,1.8,0.1,99.6,0.7,40655,35094,35094,35094,35094,124,200,307,747,32,41295,304,13.4,84.7,0.3,0.2,0.3,1.1,5561,35094,124,76,107,440
W09000044,Merthyr Tydfil and Rhymney Assembly,36608,36561,99,75.6,75.6,75.6,75.6,0,0.1,0.3,0.9,0,99.6,1.2,36244,27671,27671,27671,27671,18,50,100,317,6,36475,456,23.4,75.6,0,0.1,0.1,0.6,8573,27671,18,32,50,217
S16000129,Mid Fife and Glenrothes,36551,36493,99.3,86,86,51.8,86,0,0.1,0.2,0.6,0,99.7,0,36287,31421,31421,18939,31421,12,36,69,206,9,36453,0,13.3,86,0,0.1,0.1,0.4,4866,31421,12,24,33,137
N06000010,Mid Ulster,43749,43724,98.6,94.3,94.3,94.3,94.3,0.2,0.4,0.6,1.4,0.2,99.8,0,43128,41258,41258,41258,41258,81,175,242,596,74,43657,0,4.3,94.3,0.2,0.2,0.2,0.8,1870,41258,81,94,67,354
S16000130,Midlothian North and Musselburgh,44435,44232,98.6,86.5,86.5,86.5,86.5,0.1,0.2,0.3,0.9,0,99.3,10.6,43811,38429,38429,38429,38429,34,78,145,421,16,44136,4709,12.1,86.5,0.1,0.1,0.2,0.6,5382,38429,34,44,67,276
S16000131,"Midlothian South, Tweeddale and Lauderdale",41720,41646,98.1,77.9,76.9,76.3,76.3,0.1,0.4,0.6,1.7,0.3,99.3,2.3,40946,32512,32103,31835,31835,56,162,263,700,138,41434,940,21.2,76.9,0.1,0.3,0.2,1,8843,32103,56,106,101,437
W09000034,Monmouth Assembly,43106,43033,92.5,74.4,73.9,73.6,73.6,0.7,1.8,3.6,7.3,0.8,97.7,8.1,39882,32053,31871,31717,31717,289,791,1548,3151,359,42120,3505,18.6,73.9,0.7,1.2,1.8,3.7,8011,31871,289,502,757,1603
W09000011,Montgomeryshire Assembly,33579,33239,87.8,68.5,68.5,68.5,68.5,1.6,4,6.6,11.2,2.2,94.7,18.6,29470,22985,22985,22985,22985,532,1354,2204,3769,743,31806,6234,19.3,68.5,1.6,2.4,2.5,4.7,6485,22985,532,822,850,1565
S16000132,Moray,43361,43210,91.7,58.4,58.4,58.4,58.4,1,2.3,3.9,8,1.4,97.4,0,39761,25323,25323,25323,25323,445,998,1707,3449,593,42228,0,33.3,58.4,1,1.3,1.6,4,14438,25323,445,553,709,1742
S16000133,Motherwell and Wishaw,38671,38659,98.6,92,92,62.8,92,0,0,0.4,1.4,0,99.1,0,38117,35594,35594,24300,35594,0,9,143,542,1,38314,0,6.5,92,0,0,0.3,1,2523,35594,0,9,134,399
S16000110,Na H-Eileanan An Iar,17521,16209,80.1,10.3,10.3,10.3,10.3,2.2,3.2,4.8,12.4,2.7,89.3,0,14028,1812,1812,1812,1812,378,560,848,2181,481,15645,0,69.7,10.3,2.2,1,1.6,7.6,12216,1812,378,182,288,1333
W09000021,Neath Assembly,36165,36135,98.2,74.9,74.9,70.8,74.9,0.1,0.2,0.4,1.7,0.1,99.5,11,35510,27095,27095,25609,27095,22,86,139,625,26,35978,3982,23.3,74.9,0.1,0.2,0.1,1.3,8415,27095,22,64,53,486
W09000040,Newport East Assembly,39558,39530,98.6,93.8,93.5,89.5,93.1,0,0.3,0.7,1.4,0,99,32,38989,37123,36980,35419,36821,14,109,272,541,12,39153,12661,5.1,93.5,0,0.2,0.4,0.7,2009,36980,14,95,163,269
W09000039,Newport West Assembly,44181,44133,98.3,92.5,92,83.5,91.8,0.1,0.2,0.4,1.5,0,98.8,24.3,43449,40846,40665,36874,40556,30,96,194,684,14,43634,10752,6.3,92,0.1,0.1,0.2,1.1,2784,40665,30,66,98,490
N06000011,Newry and Armagh,52230,51758,97.3,89.9,89.9,89.9,89.9,0.4,0.6,0.8,1.8,0.6,99,3.9,50804,46948,46948,46948,46948,184,332,424,954,312,51710,2011,7.4,89.9,0.4,0.3,0.2,1,3856,46948,184,148,92,530
N06000012,North Antrim,52291,52218,98.6,94,94,94,94,0.1,0.3,0.5,1.3,0.2,99.6,0,51562,49178,49178,49178,49178,69,159,250,656,113,52091,0,4.6,94,0.1,0.2,0.2,0.8,2384,49178,69,90,91,406
N06000013,North Down,45421,45394,99.9,96.2,96.2,95.5,96.2,0,0,0,0.1,0,99.9,0,45354,43696,43696,43392,43696,4,13,15,40,7,45392,0,3.7,96.2,0,0,0,0.1,1658,43696,4,9,2,25
S16000134,North East Fife,39901,39536,96.8,53.1,52.9,52.8,52.8,0.2,0.6,1.1,2.3,0.1,98.5,0,38618,21194,21093,21048,21048,72,251,444,918,56,39295,2,43.9,52.9,0.2,0.4,0.5,1.2,17525,21093,72,179,193,474
W09000045,Ogmore Assembly,37245,37213,98.2,88.6,87.1,85.8,85.8,0.1,0.1,0.2,1.7,0,99.8,17.6,36568,33005,32452,31942,31942,29,55,79,645,10,37175,6547,11.1,87.1,0.1,0.1,0.1,1.5,4116,32452,29,26,24,566
S16000135,Orkney Islands,13272,13090,83.7,24.9,24.9,24.9,24.9,1.7,3.5,9.1,15,2.6,89.7,0,11104,3308,3308,3308,3308,231,467,1202,1986,345,11901,0,58.7,24.9,1.7,1.8,5.5,5.9,7796,3308,231,236,735,784
S16000136,Paisley,42634,42630,99.7,97.9,97.9,96.4,97.9,0,0,0,0.3,0,99.8,0,42499,41745,41745,41092,41745,1,3,5,131,2,42548,0,1.8,97.9,0,0,0,0.3,754,41745,1,2,2,126
S16000137,Perthshire North,40673,40522,88.7,42.2,41.5,21.8,40.6,1,2.7,5.3,11,1.2,95.4,0.1,36068,17158,16870,8867,16522,390,1118,2145,4454,490,38804,21,47.2,41.5,1,1.8,2.5,5.7,19198,16870,390,728,1027,2309
S16000138,Perthshire South and Kinross-shire,41265,41224,94.1,63.5,62.7,43.7,62,1,2.1,3.4,5.8,0.6,98.6,0.2,38842,26201,25863,18045,25602,398,856,1398,2382,234,40706,74,31.5,62.7,1,1.1,1.3,2.4,12979,25863,398,458,542,984
W09000046,Pontypridd Assembly,40477,40353,98.2,86.9,85.6,74.7,84.9,0,0.1,0.1,1.5,0,99,42.6,39731,35164,34666,30225,34379,10,24,47,622,11,40091,17256,12.5,85.6,0,0,0.1,1.4,5065,34666,10,14,23,575
W09000014,Preseli Pembrokeshire Assembly,41411,41369,94,72,72,72,72,1.1,2.2,3.3,5.9,0.7,97.5,3.2,38911,29818,29818,29818,29818,455,894,1376,2458,303,40376,1339,22,72,1.1,1.1,1.2,2.6,9093,29818,455,439,482,1082
S16000139,Renfrewshire North and West,36770,36739,98.1,92.1,92.1,82.7,92.1,0.1,0.3,0.8,1.8,0,98.5,0,36079,33871,33871,30396,33871,52,115,294,660,8,36226,0,6,92.1,0.1,0.2,0.5,1,2208,33871,52,63,179,366
S16000140,Renfrewshire South,34300,34293,99,93.1,93.1,84.1,93.1,0.1,0.1,0.2,1,0,99.6,0,33958,31931,31931,28842,31931,29,42,76,335,8,34161,0,5.9,93.1,0.1,0,0.1,0.8,2027,31931,29,13,34,259
W09000025,Rhondda Assembly,35875,35822,99.6,69.8,69.8,69.8,69.8,0,0,0,0.3,0.1,99.8,2.5,35717,25025,25025,25025,25025,1,1,4,105,20,35811,896,29.8,69.8,0,0,0,0.3,10692,25025,1,0,3,101
S16000141,Rutherglen,40551,40539,99.5,97.1,97.1,91.7,97,0,0,0,0.4,0,99.7,0,40363,39392,39370,37184,39339,12,12,19,176,1,40429,0,2.4,97.1,0,0,0,0.4,993,39370,12,0,7,157
S16000142,Shetland Islands,13002,12944,84.8,17.2,17.2,17.2,17.2,2,4.6,8,14.8,2,94,0,11021,2237,2237,2237,2237,262,600,1044,1923,266,12216,0,67.6,17.2,2,2.6,3.4,6.8,8784,2237,262,338,444,879
S16000143,"Skye, Lochaber and Badenoch",45443,44526,79.7,39.2,39.2,39.2,39.2,3.9,7,11.3,18.3,2.1,90.2,6.9,36209,17818,17818,17818,17818,1765,3177,5148,8317,947,40979,3140,40.5,39.2,3.9,3.1,4.3,7,18391,17818,1765,1412,1971,3169
N06000014,South Antrim,46761,46719,99.4,96.6,96.6,96.5,96.6,0.1,0.1,0.2,0.5,0,99.8,0,46490,45170,45152,45112,45148,32,68,89,229,20,46673,0,2.9,96.6,0.1,0.1,0,0.3,1338,45152,32,36,21,140
N06000015,South Down,49076,48985,98.3,94.9,94.9,94.9,94.9,0.3,0.5,0.7,1.5,0.3,99.5,1.9,48253,46595,46595,46595,46595,139,234,367,732,135,48837,919,3.4,94.9,0.3,0.2,0.3,0.7,1658,46595,139,95,133,365
S16000144,Stirling,40360,40286,96.1,74.5,74,74,74,0.6,1.2,1.8,3.7,0.5,98.8,0.1,38774,30085,29885,29881,29881,252,494,738,1512,204,39862,46,22,74,0.6,0.6,0.6,1.9,8889,29885,252,242,244,774
N06000016,Strangford,44628,44542,99,95.1,95.1,95.1,95.1,0.1,0.2,0.3,0.8,0.1,99.8,0,44197,42459,42459,42455,42459,31,67,130,345,45,44535,0,3.9,95.1,0.1,0.1,0.1,0.5,1738,42459,31,36,63,215
S16000148,Strathkelvin and Bearsden,37907,37864,98.5,92.7,92.3,77,91.9,0.2,0.2,0.2,1.4,0,99.2,0,37326,35150,34997,29202,34822,59,79,92,538,9,37602,0,6.1,92.3,0.2,0.1,0,1.2,2329,34997,59,20,13,446
W09000020,Swansea East Assembly,39979,39954,99.3,95.5,95.3,83.9,95.3,0,0,0.1,0.6,0,99.6,32,39697,38162,38100,33526,38093,1,8,43,257,3,39826,12778,4,95.3,0,0,0.1,0.5,1597,38100,1,7,35,214
W09000019,Swansea West Assembly,40904,40867,99.6,95.3,94.6,85.9,93.7,0,0,0.1,0.3,0,99.7,37.1,40727,38963,38681,35122,38340,0,0,24,140,1,40777,15155,5,94.6,0,0,0.1,0.3,2046,38681,0,0,24,116
W09000037,Torfaen Assembly,42321,42199,97,82.4,81.9,72.2,81.5,0.1,0.7,1.2,2.7,0,97.7,13.6,41062,34885,34657,30544,34471,42,286,510,1137,15,41352,5767,15.1,81.9,0.1,0.6,0.5,1.5,6405,34657,42,244,224,627
S16000146,Uddingston and Bellshill,37652,37631,98.7,91.4,90.9,50.6,90.6,0,0.4,0.8,1.3,0.1,99,0,37157,34408,34224,19070,34127,5,153,285,474,40,37265,0,7.8,90.9,0,0.4,0.4,0.5,2933,34224,5,148,132,189
N06000017,Upper Bann,59007,58481,98.6,93.8,93.8,93.8,93.8,0,0.1,0.1,0.5,0.2,99.1,0,58159,55370,55370,55370,55370,20,53,75,322,97,58455,0,4.7,93.8,0,0.1,0,0.4,2789,55370,20,33,22,247
W09000005,Vale Of Clwyd Assembly,38892,38821,96.7,87.2,87.2,87.2,87.2,0.1,0.5,0.9,3.2,0.1,98.1,60.1,37593,33903,33903,33903,33903,35,183,348,1228,24,38134,23386,9.5,87.2,0.1,0.4,0.4,2.3,3690,33903,35,148,165,880
W09000047,Vale Of Glamorgan Assembly,50809,50763,98.3,90.3,90,88,89.9,0.1,0.5,0.8,1.6,0.2,99,1.5,49955,45866,45738,44709,45680,44,237,390,808,92,50321,769,8.3,90,0.1,0.4,0.3,0.8,4217,45738,44,193,153,418
N06000018,West Tyrone,42193,42080,97.7,92.5,92.5,92.5,92.5,0.8,1.2,1.4,2.1,0.5,99.6,5.7,41208,39036,39036,39036,39036,333,497,578,872,199,42043,2423,5.1,92.5,0.8,0.4,0.2,0.7,2172,39036,333,164,81,294
W09000008,Wrexham Assembly,36191,35827,97.2,84.6,84.6,84.6,84.6,0,0.1,0.4,1.8,0.1,97.8,55.7,35187,30611,30611,30611,30611,8,43,129,640,23,35397,20152,12.6,84.6,0,0.1,0.2,1.4,4576,30611,8,35,86,511
W09000001,Ynys Môn Assembly,38350,38264,94.8,55.3,55.3,55.3,55.3,0.6,1.4,2.2,5,0.6,97.9,15.4,36357,21190,21190,21190,21190,242,524,829,1907,226,37533,5898,39.5,55.3,0.6,0.7,0.8,2.8,15167,21190,242,282,305,1078
