LGD2014NAME,2015 Default Urban/Rural ,Ward2014 code,Ward2014 name,"Multiple Deprivation Measure Rank 
(where 1 is most deprived)","Income Domain Rank 
(where 1 is most deprived)",Employment Domain Rank (where 1 is most deprived),Health Deprivation and Disability Domain Rank (where 1 is most deprived),"Education, Skills and Training Domain Rank (where 1 is most deprived)",Access to Services Domain Rank (where 1 is most deprived),Living Environment Domain Rank (where 1 is most deprived),Crime and Disorder Domain Rank (where 1 is most deprived)
Antrim and Newtownabbey,Urban,N08000101,Abbey,294,321,231,221,203,358,216,126
Antrim and Newtownabbey,Mixed urban/rural,N08000102,Aldergrove,386,375,422,416,352,74,359,449
Antrim and Newtownabbey,Urban,N08000103,Antrim Centre,196,419,173,114,85,353,229,37
Antrim and Newtownabbey,Urban,N08000104,Ballyclare East,256,301,201,200,109,351,371,142
Antrim and Newtownabbey,Urban,N08000105,Ballyclare West,318,309,257,233,197,335,462,209
Antrim and Newtownabbey,Urban,N08000106,Ballyduff,248,390,180,149,94,367,329,192
Antrim and Newtownabbey,Urban,N08000107,Ballyhenry,432,450,433,411,383,275,105,413
Antrim and Newtownabbey,Rural,N08000108,Ballynure,397,373,429,447,394,104,208,370
Antrim and Newtownabbey,Mixed urban/rural,N08000109,Ballyrobert,419,454,427,428,332,181,183,397
Antrim and Newtownabbey,Urban,N08000110,Burnthill,275,401,199,179,112,347,270,217
Antrim and Newtownabbey,Urban,N08000111,Carnmoney,391,439,370,302,295,375,96,313
Antrim and Newtownabbey,Urban,N08000112,Carnmoney Hill,402,426,352,281,361,328,391,197
Antrim and Newtownabbey,Mixed urban/rural,N08000113,Clady,351,287,391,394,377,78,200,286
Antrim and Newtownabbey,Urban,N08000114,Collinbridge,429,437,419,361,412,286,274,190
Antrim and Newtownabbey,Mixed urban/rural,N08000115,Cranfield,358,300,330,304,409,129,360,402
Antrim and Newtownabbey,Urban,N08000116,Crumlin,285,372,235,156,189,213,455,114
Antrim and Newtownabbey,Rural,N08000117,Doagh,410,360,424,414,362,178,373,348
Antrim and Newtownabbey,Urban,N08000118,Fairview,289,395,248,196,107,300,288,276
Antrim and Newtownabbey,Urban,N08000119,Fountain Hill,414,433,388,299,343,306,440,246
Antrim and Newtownabbey,Urban,N08000120,Glebe,392,420,369,294,258,369,289,230
Antrim and Newtownabbey,Urban,N08000121,Glengormley,195,344,160,119,98,443,142,79
Antrim and Newtownabbey,Urban,N08000122,Greystone,69,136,64,50,61,253,396,12
Antrim and Newtownabbey,Urban,N08000123,Hightown,344,348,350,222,218,354,161,201
Antrim and Newtownabbey,Urban,N08000124,Jordanstown,459,453,460,455,460,208,364,441
Antrim and Newtownabbey,Mixed urban/rural,N08000125,Mallusk,421,418,452,420,308,199,384,261
Antrim and Newtownabbey,Urban,N08000126,Monkstown,151,152,139,113,99,320,262,164
Antrim and Newtownabbey,Mixed urban/rural,N08000127,Mossley,232,349,207,154,77,256,318,191
Antrim and Newtownabbey,Urban,N08000128,O'Neill,25,51,27,26,17,403,187,111
Antrim and Newtownabbey,Rural,N08000129,Parkgate,369,327,439,453,427,42,314,346
Antrim and Newtownabbey,Urban,N08000130,Randalstown,310,391,245,199,202,276,352,157
Antrim and Newtownabbey,Urban,N08000131,Rathcoole,39,103,35,38,21,421,128,92
Antrim and Newtownabbey,Urban,N08000132,Rostulla,455,459,461,461,443,278,125,462
Antrim and Newtownabbey,Mixed urban/rural,N08000133,Shilvodan,375,361,436,433,397,43,337,442
Antrim and Newtownabbey,Urban,N08000134,Springfarm,333,353,347,242,168,248,424,141
Antrim and Newtownabbey,Urban,N08000135,Steeple,93,195,86,66,34,345,422,84
Antrim and Newtownabbey,Urban,N08000136,Stiles,116,278,85,81,60,241,433,43
Antrim and Newtownabbey,Rural,N08000137,Templepatrick,398,357,380,429,434,159,265,259
Antrim and Newtownabbey,Rural,N08000138,Toome,258,250,241,284,306,53,104,355
Antrim and Newtownabbey,Urban,N08000139,Valley,114,226,102,86,51,416,141,67
Antrim and Newtownabbey,Urban,N08000140,Whitehouse,106,178,71,89,65,362,205,146
"Armagh, Banbridge and Craigavon",Mixed urban/rural,N08000201,Aghagallon,354,345,304,295,329,131,417,360
"Armagh, Banbridge and Craigavon",Urban,N08000202,Ballybay,47,40,81,84,20,346,333,86
"Armagh, Banbridge and Craigavon",Mixed urban/rural,N08000203,Banbridge East,403,370,387,370,402,173,348,324
"Armagh, Banbridge and Craigavon",Mixed urban/rural,N08000204,Banbridge North,317,305,218,253,358,271,356,120
"Armagh, Banbridge and Craigavon",Urban,N08000205,Banbridge South,223,267,172,188,133,311,410,46
"Armagh, Banbridge and Craigavon",Urban,N08000206,Banbridge West,158,189,130,95,97,334,428,100
"Armagh, Banbridge and Craigavon",Rural,N08000207,Blackwatertown,245,116,315,327,359,72,145,368
"Armagh, Banbridge and Craigavon",Mixed urban/rural,N08000208,Bleary,408,410,375,337,370,196,327,435
"Armagh, Banbridge and Craigavon",Urban,N08000209,Brownlow,48,112,59,29,28,255,295,49
"Armagh, Banbridge and Craigavon",Urban,N08000210,Cathedral,71,77,73,74,70,330,97,112
"Armagh, Banbridge and Craigavon",Urban,N08000211,Corcrain,64,107,58,65,56,337,74,103
"Armagh, Banbridge and Craigavon",Urban,N08000212,Craigavon Centre,316,333,314,252,161,203,420,202
"Armagh, Banbridge and Craigavon",Urban,N08000213,Demesne,218,183,167,177,243,293,368,78
"Armagh, Banbridge and Craigavon",Mixed urban/rural,N08000214,Derrytrasna,355,362,348,282,350,105,281,340
"Armagh, Banbridge and Craigavon",Rural,N08000215,Donaghcloney,362,299,365,384,363,91,421,379
"Armagh, Banbridge and Craigavon",Urban,N08000216,Dromore,407,363,392,366,373,217,361,334
"Armagh, Banbridge and Craigavon",Rural,N08000217,Gilford,237,264,209,181,183,168,246,162
"Armagh, Banbridge and Craigavon",Rural,N08000218,Gransha,282,156,363,396,360,26,416,456
"Armagh, Banbridge and Craigavon",Rural,N08000219,Hamiltonsbawn,353,336,378,406,354,103,63,412
"Armagh, Banbridge and Craigavon",Rural,N08000220,Keady,91,15,176,258,294,85,253,181
"Armagh, Banbridge and Craigavon",Urban,N08000221,Kernan,321,261,292,237,276,233,450,206
"Armagh, Banbridge and Craigavon",Urban,N08000222,Killycomain,133,121,171,139,101,450,44,53
"Armagh, Banbridge and Craigavon",Urban,N08000223,Knocknashane,334,324,303,271,149,327,330,325
"Armagh, Banbridge and Craigavon",Urban,N08000224,Lough Road,262,288,196,176,256,269,172,137
"Armagh, Banbridge and Craigavon",Rural,N08000225,Loughbrickland,225,88,270,305,367,77,324,281
"Armagh, Banbridge and Craigavon",Rural,N08000226,Loughgall,301,223,342,329,346,64,227,448
"Armagh, Banbridge and Craigavon",Rural,N08000227,Magheralin,377,346,372,342,349,193,236,335
"Armagh, Banbridge and Craigavon",Mixed urban/rural,N08000228,Mahon,297,242,319,255,226,207,143,267
"Armagh, Banbridge and Craigavon",Rural,N08000229,Markethill,134,48,203,218,213,107,235,251
"Armagh, Banbridge and Craigavon",Urban,N08000230,Mourneview,66,69,99,83,27,388,175,82
"Armagh, Banbridge and Craigavon",Rural,N08000231,Navan,254,147,323,311,368,69,83,329
"Armagh, Banbridge and Craigavon",Urban,N08000232,Parklake,83,114,74,55,100,408,112,117
"Armagh, Banbridge and Craigavon",Mixed urban/rural,N08000233,Quilly,328,237,308,319,345,152,278,317
"Armagh, Banbridge and Craigavon",Rural,N08000234,Rathfriland,209,138,215,205,216,155,342,265
"Armagh, Banbridge and Craigavon",Rural,N08000235,Richhill,370,341,343,316,356,162,301,409
"Armagh, Banbridge and Craigavon",Rural,N08000236,Seagahan,160,47,247,303,372,54,126,343
"Armagh, Banbridge and Craigavon",Urban,N08000237,Shankill,62,204,50,34,46,440,115,21
"Armagh, Banbridge and Craigavon",Rural,N08000238,Tandragee,221,133,255,216,142,244,300,243
"Armagh, Banbridge and Craigavon",Mixed urban/rural,N08000239,The Birches,319,238,340,314,290,94,398,367
"Armagh, Banbridge and Craigavon",Urban,N08000240,The Mall,179,92,184,207,235,326,81,148
"Armagh, Banbridge and Craigavon",Rural,N08000241,Waringstown,404,338,417,386,406,186,297,306
Belfast,Urban,N08000301,Andersonstown,105,279,63,48,113,432,47,91
Belfast,Urban,N08000302,Ardoyne,3,6,5,5,8,449,29,14
Belfast,Urban,N08000303,Ballygomartin,120,244,94,64,66,282,273,154
Belfast,Urban,N08000304,Ballymacarrett,19,81,24,12,6,401,127,31
Belfast,Urban,N08000305,Ballymurphy,12,154,9,1,5,352,13,54
Belfast,Urban,N08000306,Ballysillan,102,181,115,71,53,427,58,74
Belfast,Urban,N08000307,Beechmount,30,146,25,20,36,434,3,39
Belfast,Urban,N08000308,Beersbridge,35,164,60,32,7,462,48,10
Belfast,Urban,N08000309,Bellevue,131,134,110,108,108,411,234,108
Belfast,Urban,N08000310,Belmont,458,456,426,377,410,423,404,292
Belfast,Urban,N08000311,Belvoir,253,392,182,123,143,279,338,183
Belfast,Urban,N08000312,Blackstaff,23,36,48,27,9,356,40,88
Belfast,Urban,N08000313,Bloomfield,153,194,175,141,131,457,7,41
Belfast,Urban,N08000314,Cavehill,446,447,431,434,425,309,322,155
Belfast,Urban,N08000315,Central,94,255,268,79,11,428,16,7
Belfast,Urban,N08000316,Chichester Park,137,273,87,90,139,380,53,57
Belfast,Urban,N08000317,Cliftonville,65,141,46,42,82,386,80,63
Belfast,Urban,N08000318,Clonard,18,101,15,11,25,430,20,16
Belfast,Urban,N08000319,Collin Glen,73,350,34,24,63,317,122,95
Belfast,Urban,N08000320,Connswater,118,216,129,68,55,417,86,98
Belfast,Urban,N08000321,Cregagh,267,396,187,145,146,446,173,171
Belfast,Urban,N08000322,Duncairn,13,18,26,22,12,340,21,38
Belfast,Urban,N08000323,Dunmurry,383,351,337,333,411,412,210,121
Belfast,Urban,N08000324,Falls,8,55,6,3,4,460,62,20
Belfast,Urban,N08000325,Falls Park,170,402,88,63,193,454,138,22
Belfast,Urban,N08000326,Finaghy,454,448,412,397,452,410,193,330
Belfast,Urban,N08000327,Forth River,43,171,38,36,19,324,106,93
Belfast,Urban,N08000328,Fortwilliam,214,312,181,151,127,448,73,75
Belfast,Urban,N08000329,Garnerville,394,412,313,320,313,307,446,309
Belfast,Urban,N08000330,Gilnahirk,348,399,244,235,191,429,310,373
Belfast,Urban,N08000331,Hillfoot,462,442,445,438,439,398,381,385
Belfast,Urban,N08000332,Innisfayle,271,286,195,180,259,405,135,133
Belfast,Urban,N08000333,Knock,445,432,430,409,451,456,118,221
Belfast,Urban,N08000334,Ladybrook,273,397,174,97,208,425,390,173
Belfast,Urban,N08000335,Lagmore,103,248,91,39,69,242,180,130
Belfast,Urban,N08000336,Legoniel,44,93,55,40,39,262,162,42
Belfast,Urban,N08000337,Malone,409,446,457,459,462,419,5,203
Belfast,Urban,N08000338,Merok,363,444,309,231,178,436,250,364
Belfast,Urban,N08000339,Musgrave,374,393,306,262,366,441,168,194
Belfast,Urban,N08000340,New Lodge,6,79,2,4,3,420,38,8
Belfast,Urban,N08000341,Orangefield,405,400,389,309,309,442,233,195
Belfast,Urban,N08000342,Ormeau,283,322,302,241,187,461,24,58
Belfast,Urban,N08000343,Poleglass,15,91,14,10,13,342,28,26
Belfast,Urban,N08000344,Ravenhill,416,441,428,357,375,406,114,145
Belfast,Urban,N08000345,Rosetta,436,409,377,353,445,451,305,240
Belfast,Urban,N08000346,Sandown,384,414,301,280,317,372,302,295
Belfast,Urban,N08000347,Shandon,389,407,317,278,371,343,255,272
Belfast,Urban,N08000348,Shankill,9,26,12,9,2,402,124,19
Belfast,Urban,N08000349,Shaw's Road,59,186,28,25,71,444,117,90
Belfast,Urban,N08000350,Stewartstown,79,315,39,35,54,424,237,72
Belfast,Urban,N08000351,Stormont,448,430,396,391,423,333,292,392
Belfast,Urban,N08000352,Stranmillis,461,457,462,462,450,360,174,320
Belfast,Urban,N08000353,Sydenham,255,389,250,152,83,294,177,196
Belfast,Urban,N08000354,Turf Lodge,20,256,11,6,14,355,6,61
Belfast,Urban,N08000355,Twinbrook,31,174,19,17,42,373,8,69
Belfast,Urban,N08000356,Upper Malone,335,405,200,243,285,302,304,244
Belfast,Urban,N08000357,Water Works,1,13,3,2,10,439,23,2
Belfast,Urban,N08000358,Windsor,324,331,437,338,268,437,1,83
Belfast,Urban,N08000359,Woodstock,50,113,95,44,15,459,25,33
Belfast,Urban,N08000360,Woodvale,4,7,13,14,1,370,88,25
Causeway Coast and Glens,Rural,N08000401,Aghadowey,238,129,297,372,296,67,100,394
Causeway Coast and Glens,Mixed urban/rural,N08000402,Altahullion,161,73,164,257,261,65,372,384
Causeway Coast and Glens,Urban,N08000403,Atlantic,227,214,230,298,88,273,437,48
Causeway Coast and Glens,Urban,N08000404,Ballycastle,119,56,116,203,204,234,275,110
Causeway Coast and Glens,Rural,N08000405,Ballykelly,171,150,135,230,232,55,211,236
Causeway Coast and Glens,Urban,N08000406,Ballymoney East,89,89,70,107,75,364,379,139
Causeway Coast and Glens,Urban,N08000407,Ballymoney North,246,185,158,189,253,395,357,248
Causeway Coast and Glens,Urban,N08000408,Ballymoney South,164,202,89,148,121,250,317,255
Causeway Coast and Glens,Mixed urban/rural,N08000409,Castlerock,270,118,310,402,214,177,355,298
Causeway Coast and Glens,Urban,N08000410,Churchland,313,247,284,313,237,281,307,161
Causeway Coast and Glens,Rural,N08000411,Clogh Mills,279,211,290,264,238,127,164,378
Causeway Coast and Glens,Urban,N08000412,Coolessan,10,21,8,21,16,315,159,3
Causeway Coast and Glens,Rural,N08000413,Dervock,193,132,214,259,144,151,269,232
Causeway Coast and Glens,Mixed urban/rural,N08000414,Drumsurn,217,109,221,225,247,146,430,401
Causeway Coast and Glens,Mixed urban/rural,N08000415,Dundooan,307,197,326,371,336,137,215,226
Causeway Coast and Glens,Rural,N08000416,Dungiven,95,43,83,147,262,161,316,337
Causeway Coast and Glens,Rural,N08000417,Dunloy,320,335,353,349,365,36,107,457
Causeway Coast and Glens,Rural,N08000418,Feeny,112,37,154,192,192,158,254,297
Causeway Coast and Glens,Rural,N08000419,Garvagh,159,39,234,306,242,93,345,352
Causeway Coast and Glens,Rural,N08000420,Giant's Causeway,88,23,168,293,110,98,263,291
Causeway Coast and Glens,Rural,N08000421,Greysteel,162,124,147,146,201,116,260,304
Causeway Coast and Glens,Urban,N08000422,Greystone,234,239,144,159,280,266,457,101
Causeway Coast and Glens,Urban,N08000423,Hopefield,330,192,336,387,274,239,365,210
Causeway Coast and Glens,Rural,N08000424,Kilrea,250,131,232,326,318,121,336,322
Causeway Coast and Glens,Mixed urban/rural,N08000425,Kinbane,92,45,107,150,190,118,376,216
Causeway Coast and Glens,Rural,N08000426,Loughguile and Stranocum,268,241,286,324,301,28,238,396
Causeway Coast and Glens,Rural,N08000427,Lurigethan,304,240,277,321,392,109,167,331
Causeway Coast and Glens,Rural,N08000428,Macosquin,211,99,253,373,255,96,222,245
Causeway Coast and Glens,Rural,N08000429,Magilligan,212,280,296,254,283,16,27,282
Causeway Coast and Glens,Urban,N08000430,Mountsandel,85,84,117,162,59,452,42,27
Causeway Coast and Glens,Mixed urban/rural,N08000431,Portrush and Dunluce,97,62,103,250,195,201,182,11
Causeway Coast and Glens,Urban,N08000432,Portstewart,357,319,329,339,357,366,248,56
Causeway Coast and Glens,Urban,N08000433,Quarry,27,22,30,45,35,336,377,105
Causeway Coast and Glens,Rural,N08000434,Rasharkin,278,233,324,355,231,52,147,347
Causeway Coast and Glens,Urban,N08000435,Roeside,104,175,54,131,137,391,67,36
Causeway Coast and Glens,Mixed urban/rural,N08000436,Route,296,262,226,247,269,187,276,377
Causeway Coast and Glens,Rural,N08000437,Torr Head and Rathlin,174,96,242,325,330,17,99,321
Causeway Coast and Glens,Urban,N08000438,University,121,102,134,140,67,290,353,152
Causeway Coast and Glens,Urban,N08000439,Waterside,182,157,118,183,153,383,315,106
Causeway Coast and Glens,Urban,N08000440,Windy Hall,332,206,259,389,282,247,439,439
Derry and Strabane,Mixed urban/rural,N08000501,Artigarvan,169,106,166,219,125,149,286,341
Derry and Strabane,Urban,N08000502,Ballycolman,54,86,33,61,58,305,266,115
Derry and Strabane,Urban,N08000503,Ballymagroarty,14,24,21,16,38,232,103,30
Derry and Strabane,Urban,N08000504,Brandywell,5,8,4,15,24,379,37,18
Derry and Strabane,Urban,N08000505,Carn Hill,68,158,31,37,123,400,133,70
Derry and Strabane,Rural,N08000506,Castlederg,40,49,32,51,84,195,308,204
Derry and Strabane,Urban,N08000507,Caw,167,205,92,94,145,374,431,160
Derry and Strabane,Urban,N08000508,City Walls,2,4,1,7,49,458,14,1
Derry and Strabane,Rural,N08000509,Claudy,226,198,191,202,267,75,325,287
Derry and Strabane,Urban,N08000510,Clondermot,236,347,109,85,335,341,435,153
Derry and Strabane,Urban,N08000511,Creggan,28,82,18,23,37,433,35,131
Derry and Strabane,Urban,N08000512,Creggan South,11,19,10,13,22,378,93,96
Derry and Strabane,Mixed urban/rural,N08000513,Culmore,388,354,345,380,440,138,412,311
Derry and Strabane,Urban,N08000514,Drumahoe,178,172,146,161,105,238,369,186
Derry and Strabane,Rural,N08000515,Dunnamanagh,80,63,127,165,222,11,69,398
Derry and Strabane,Urban,N08000516,Ebrington,84,105,57,118,152,447,57,34
Derry and Strabane,Rural,N08000517,Eglinton,288,188,237,263,384,191,277,238
Derry and Strabane,Rural,N08000518,Enagh,140,135,123,104,205,160,249,116
Derry and Strabane,Mixed urban/rural,N08000519,Finn,86,25,137,168,138,154,407,264
Derry and Strabane,Urban,N08000520,Foyle Springs,235,308,106,164,297,287,219,185
Derry and Strabane,Urban,N08000521,Galliagh,7,20,7,8,23,318,52,6
Derry and Strabane,Rural,N08000522,Glenderg,56,64,79,142,174,5,33,452
Derry and Strabane,Rural,N08000523,Glenelly Valley,135,153,179,194,241,4,171,427
Derry and Strabane,Urban,N08000524,Kilfennan,325,260,256,277,266,357,331,198
Derry and Strabane,Urban,N08000525,Lisnagelvin,189,231,97,125,185,399,378,151
Derry and Strabane,Urban,N08000526,Madam's Bank,299,376,223,210,270,376,170,51
Derry and Strabane,Mixed urban/rural,N08000527,New Buildings,298,271,216,244,287,198,344,302
Derry and Strabane,Rural,N08000528,Newtownstewart,111,210,75,133,122,70,190,175
Derry and Strabane,Urban,N08000529,Northland,24,27,29,41,104,455,2,17
Derry and Strabane,Rural,N08000530,Park,108,50,211,273,273,27,19,393
Derry and Strabane,Urban,N08000531,Shantallow,36,60,23,31,90,422,123,144
Derry and Strabane,Urban,N08000532,Shantallow East,145,170,76,105,207,222,445,149
Derry and Strabane,Mixed urban/rural,N08000533,Sheriff's Mountain,51,28,43,82,184,176,226,174
Derry and Strabane,Rural,N08000534,Sion Mills,60,117,40,75,62,175,119,177
Derry and Strabane,Urban,N08000535,Skeoge,37,41,37,43,96,214,332,68
Derry and Strabane,Rural,N08000536,Slievekirk,202,218,198,193,250,89,90,229
Derry and Strabane,Urban,N08000537,Springtown,126,201,68,76,194,325,154,123
Derry and Strabane,Urban,N08000538,Strabane North,16,11,20,47,52,283,84,23
Derry and Strabane,Urban,N08000539,Strabane West,29,53,16,33,50,397,335,73
Derry and Strabane,Urban,N08000540,Victoria,45,57,44,59,81,361,120,40
Fermanagh and Omagh,Mixed urban/rural,N08000601,Ballinamallard,216,191,227,197,166,110,284,278
Fermanagh and Omagh,Rural,N08000602,Belcoo and Garrison,107,52,287,378,281,1,49,308
Fermanagh and Omagh,Rural,N08000603,Belleek and Boa,67,14,183,283,196,10,228,275
Fermanagh and Omagh,Rural,N08000604,Beragh,229,246,260,187,264,57,59,358
Fermanagh and Omagh,Rural,N08000605,"Boho,Cleenish and Letterbreen",204,108,351,354,210,31,231,363
Fermanagh and Omagh,Rural,N08000606,Brookeborough,186,125,294,379,288,14,43,319
Fermanagh and Omagh,Urban,N08000607,Camowen,150,307,53,57,300,274,388,119
Fermanagh and Omagh,Urban,N08000608,Castlecoole,264,219,220,206,223,237,405,170
Fermanagh and Omagh,Urban,N08000609,Coolnagard,208,282,122,101,233,235,413,249
Fermanagh and Omagh,Urban,N08000610,Dergmoney,130,177,100,126,248,381,11,32
Fermanagh and Omagh,Rural,N08000611,Derrygonnelly,233,144,282,347,284,34,267,362
Fermanagh and Omagh,Rural,N08000612,Derrylin,188,70,321,432,240,22,299,369
Fermanagh and Omagh,Rural,N08000613,Donagh,96,17,263,348,325,13,252,342
Fermanagh and Omagh,Rural,N08000614,Dromore,210,283,163,128,333,47,380,294
Fermanagh and Omagh,Mixed urban/rural,N08000615,Drumnakilly,239,270,194,137,265,80,423,418
Fermanagh and Omagh,Rural,N08000616,Drumquin,177,176,204,198,299,21,51,372
Fermanagh and Omagh,Rural,N08000617,Ederney and Kesh,148,68,224,212,134,90,394,231
Fermanagh and Omagh,Urban,N08000618,Erne,53,74,47,49,117,363,61,28
Fermanagh and Omagh,Rural,N08000619,Fairy Water,284,275,295,317,422,20,139,460
Fermanagh and Omagh,Rural,N08000620,Fintona,52,35,56,80,206,79,131,156
Fermanagh and Omagh,Rural,N08000621,Florence Court and Kinawley,149,61,331,374,311,7,79,387
Fermanagh and Omagh,Mixed urban/rural,N08000622,Gortin,274,203,283,232,341,92,257,269
Fermanagh and Omagh,Urban,N08000623,Gortrush,142,284,78,54,135,263,389,159
Fermanagh and Omagh,Rural,N08000624,Irvinestown,82,44,104,110,169,166,271,128
Fermanagh and Omagh,Urban,N08000625,Killyclogher,152,213,108,56,181,221,409,184
Fermanagh and Omagh,Rural,N08000626,Lisbellaw,345,329,354,332,279,132,121,339
Fermanagh and Omagh,Mixed urban/rural,N08000627,Lisnarrick,78,46,131,175,92,130,194,62
Fermanagh and Omagh,Rural,N08000628,Lisnaskea,61,72,52,87,86,194,256,87
Fermanagh and Omagh,Rural,N08000629,Maguiresbridge,194,97,280,331,176,62,374,350
Fermanagh and Omagh,Rural,N08000630,Newtownbutler,42,12,112,136,173,25,140,310
Fermanagh and Omagh,Rural,N08000631,Newtownsaville,243,294,272,260,328,15,92,421
Fermanagh and Omagh,Rural,N08000632,Owenkillew,117,59,228,223,374,6,102,436
Fermanagh and Omagh,Urban,N08000633,Portora,90,42,157,138,220,267,166,5
Fermanagh and Omagh,Rural,N08000634,Rosslea,49,5,205,307,246,2,152,366
Fermanagh and Omagh,Urban,N08000635,Rossorry,192,212,142,171,156,224,432,113
Fermanagh and Omagh,Rural,N08000636,Sixmilecross,138,142,189,184,314,8,46,438
Fermanagh and Omagh,Urban,N08000637,Strule,21,38,17,18,43,384,78,77
Fermanagh and Omagh,Rural,N08000638,Tempo,168,78,222,291,217,50,258,266
Fermanagh and Omagh,Rural,N08000639,Termon,124,110,136,153,338,29,64,415
Fermanagh and Omagh,Rural,N08000640,Trillick,190,217,312,312,408,3,12,420
Lisburn and Castlereagh,Rural,N08000701,Ballinderry,399,368,423,424,378,95,386,431
Lisburn and Castlereagh,Mixed urban/rural,N08000702,Ballyhanwood,413,403,425,407,426,202,144,307
Lisburn and Castlereagh,Urban,N08000703,Ballymacash,373,427,404,410,289,329,15,219
Lisburn and Castlereagh,Rural,N08000704,Ballymacbrennan,393,404,448,445,453,84,70,455
Lisburn and Castlereagh,Urban,N08000705,Ballymacoss,197,251,177,124,124,197,418,211
Lisburn and Castlereagh,Urban,N08000706,Beechill,440,455,385,352,457,206,461,453
Lisburn and Castlereagh,Mixed urban/rural,N08000707,Blaris,329,318,300,334,234,259,157,147
Lisburn and Castlereagh,Urban,N08000708,Cairnshill,456,458,459,452,447,245,197,445
Lisburn and Castlereagh,Urban,N08000709,Carrowreagh,427,436,421,346,305,268,452,356
Lisburn and Castlereagh,Mixed urban/rural,N08000710,Carryduff East,420,421,362,345,435,200,426,416
Lisburn and Castlereagh,Urban,N08000711,Carryduff West,451,452,438,430,446,227,259,381
Lisburn and Castlereagh,Mixed urban/rural,N08000712,Derryaghy,302,325,236,229,198,270,442,214
Lisburn and Castlereagh,Rural,N08000713,Dromara,352,298,390,383,419,111,50,375
Lisburn and Castlereagh,Rural,N08000714,Drumbo,380,358,456,460,459,142,36,222
Lisburn and Castlereagh,Urban,N08000715,Dundonald,437,438,393,341,398,319,451,318
Lisburn and Castlereagh,Urban,N08000716,Enler,143,316,120,58,40,350,427,168
Lisburn and Castlereagh,Urban,N08000717,Galwally,460,461,440,435,433,387,328,235
Lisburn and Castlereagh,Rural,N08000718,Glenavy,382,382,397,315,369,147,358,253
Lisburn and Castlereagh,Urban,N08000719,Graham's Bridge,199,249,190,121,74,438,383,188
Lisburn and Castlereagh,Urban,N08000720,Harmony Hill,444,449,403,403,421,409,155,290
Lisburn and Castlereagh,Urban,N08000721,Hilden,113,145,149,127,45,445,94,45
Lisburn and Castlereagh,Mixed urban/rural,N08000722,Hillhall,322,326,265,251,225,209,351,285
Lisburn and Castlereagh,Rural,N08000723,Hillsborough,431,387,451,448,455,180,186,361
Lisburn and Castlereagh,Urban,N08000724,Knockbracken,443,440,454,451,448,240,184,252
Lisburn and Castlereagh,Urban,N08000725,Knockmore,247,303,240,185,95,231,294,187
Lisburn and Castlereagh,Rural,N08000726,Lagan,381,384,408,385,399,122,178,218
Lisburn and Castlereagh,Urban,N08000727,Lagan Valley,110,139,90,102,91,377,206,76
Lisburn and Castlereagh,Mixed urban/rural,N08000728,Lambeg,181,265,165,155,57,257,181,163
Lisburn and Castlereagh,Urban,N08000729,Lisnagarvey,336,366,279,290,151,390,230,242
Lisburn and Castlereagh,Rural,N08000730,Maghaberry,406,408,441,369,393,148,196,300
Lisburn and Castlereagh,Urban,N08000731,Magheralave,435,435,406,398,337,331,241,422
Lisburn and Castlereagh,Rural,N08000732,Maze,424,423,416,431,413,165,272,365
Lisburn and Castlereagh,Rural,N08000733,Moira,450,413,442,443,438,225,441,316
Lisburn and Castlereagh,Rural,N08000734,Moneyreagh,415,428,400,393,414,172,185,423
Lisburn and Castlereagh,Urban,N08000735,Newtownbreda,447,431,401,401,387,385,280,338
Lisburn and Castlereagh,Urban,N08000736,Old Warren,58,80,72,46,41,349,150,85
Lisburn and Castlereagh,Rural,N08000737,Ravernet,395,411,453,456,461,63,116,461
Lisburn and Castlereagh,Rural,N08000738,Stonyford,312,359,376,390,303,45,54,268
Lisburn and Castlereagh,Urban,N08000739,Wallace Park,441,451,458,450,417,301,77,357
Lisburn and Castlereagh,Mixed urban/rural,N08000740,White Mountain,433,415,450,423,404,190,218,428
Mid and East Antrim,Urban,N08000801,Academy,453,429,415,436,449,229,397,454
Mid and East Antrim,Rural,N08000802,Ahoghill,378,425,361,310,298,174,239,374
Mid and East Antrim,Urban,N08000803,Ardeevin,434,417,443,444,355,210,419,270
Mid and East Antrim,Urban,N08000804,Ballee and Harryville,77,161,65,92,29,348,209,65
Mid and East Antrim,Rural,N08000805,Ballycarry and Glynn,338,310,344,382,229,113,207,353
Mid and East Antrim,Urban,N08000806,Ballykeel,26,16,36,52,44,313,312,66
Mid and East Antrim,Urban,N08000807,Boneybefore,412,434,398,392,292,249,213,391
Mid and East Antrim,Urban,N08000808,Braidwater,360,398,289,270,244,314,436,224
Mid and East Antrim,Rural,N08000809,Broughshane,379,317,346,340,382,212,363,328
Mid and East Antrim,Urban,N08000810,Burleigh Hill,423,462,373,308,390,226,458,403
Mid and East Antrim,Mixed urban/rural,N08000811,Cairncastle,366,334,360,405,405,167,71,344
Mid and East Antrim,Rural,N08000812,Carnlough and Glenarm,166,222,186,245,200,49,9,132
Mid and East Antrim,Urban,N08000813,Castle,99,269,61,70,47,426,285,60
Mid and East Antrim,Urban,N08000814,Castle Demesne,41,29,119,99,33,453,31,13
Mid and East Antrim,Urban,N08000815,Craigyhill,144,227,111,91,78,252,326,150
Mid and East Antrim,Rural,N08000816,Cullybackey,281,367,202,204,177,246,225,169
Mid and East Antrim,Urban,N08000817,Curran and Inver,125,179,96,160,163,321,18,50
Mid and East Antrim,Urban,N08000818,Fair Green,38,33,62,93,30,431,76,52
Mid and East Antrim,Mixed urban/rural,N08000819,Galgorm,452,424,449,446,444,218,290,414
Mid and East Antrim,Urban,N08000820,Gardenmore,172,243,98,157,126,414,113,81
Mid and East Antrim,Rural,N08000821,Glenravel,367,364,357,425,396,56,339,443
Mid and East Antrim,Rural,N08000822,Glenwhirry,337,289,435,441,416,35,68,444
Mid and East Antrim,Urban,N08000823,Gortalee,257,258,213,170,140,296,448,215
Mid and East Antrim,Rural,N08000824,Grange,347,285,382,419,420,33,320,451
Mid and East Antrim,Urban,N08000825,Greenisland,457,460,455,439,428,228,399,345
Mid and East Antrim,Rural,N08000826,Islandmagee,308,369,341,408,277,61,26,408
Mid and East Antrim,Rural,N08000827,Kells,339,302,328,275,257,163,392,279
Mid and East Antrim,Urban,N08000828,Kilroot,368,383,355,296,251,183,434,326
Mid and East Antrim,Mixed urban/rural,N08000829,Kilwaughter,376,330,394,400,348,145,296,277
Mid and East Antrim,Mixed urban/rural,N08000830,Kirkinriola,361,268,405,418,424,102,156,400
Mid and East Antrim,Urban,N08000831,Love Lane,306,379,261,195,154,277,459,205
Mid and East Antrim,Rural,N08000832,Maine,350,313,383,413,385,81,55,458
Mid and East Antrim,Urban,N08000833,Park,418,443,444,417,388,339,34,315
Mid and East Antrim,Rural,N08000834,Portglenone,266,173,274,265,291,117,341,233
Mid and East Antrim,Rural,N08000835,Slemish,242,148,409,421,429,9,75,430
Mid and East Antrim,Urban,N08000836,Sunnylands,63,128,67,53,18,368,350,118
Mid and East Antrim,Urban,N08000837,The Maidens,165,208,121,134,87,389,85,274
Mid and East Antrim,Urban,N08000838,Victoria,277,320,206,173,167,264,460,208
Mid and East Antrim,Rural,N08000839,Whitehead South,340,311,281,365,272,205,362,136
Mid and East Antrim,Mixed urban/rural,N08000840,Woodburn,364,343,402,375,310,136,160,262
Mid Ulster,Rural,N08000901,Ardboe,98,95,141,98,120,38,321,459
Mid Ulster,Rural,N08000902,Augher and Clogher,260,196,338,367,293,37,132,254
Mid Ulster,Rural,N08000903,Aughnacloy,206,119,269,249,263,66,247,301
Mid Ulster,Rural,N08000904,Ballygawley,115,65,162,169,211,44,264,305
Mid Ulster,Rural,N08000905,Ballymaguigan,359,365,366,330,379,97,136,405
Mid Ulster,Urban,N08000906,Ballysaggart,147,234,140,103,89,404,66,44
Mid Ulster,Rural,N08000907,Bellaghy,300,190,316,318,344,106,240,450
Mid Ulster,Rural,N08000908,Caledon,272,225,320,287,315,48,108,419
Mid Ulster,Rural,N08000909,Castlecaulfield,327,254,318,279,339,123,279,380
Mid Ulster,Rural,N08000910,Castledawson,305,385,275,227,227,150,151,289
Mid Ulster,Rural,N08000911,Coagh,215,291,193,122,159,112,212,425
Mid Ulster,Mixed urban/rural,N08000912,Coalisland North,200,297,128,111,182,184,401,288
Mid Ulster,Mixed urban/rural,N08000913,Coalisland South,46,66,42,30,68,316,347,135
Mid Ulster,Urban,N08000914,Cookstown East,185,229,150,100,118,303,291,127
Mid Ulster,Urban,N08000915,Cookstown South,213,323,152,117,160,323,287,80
Mid Ulster,Urban,N08000916,Cookstown West,191,296,156,77,157,338,367,64
Mid Ulster,Mixed urban/rural,N08000917,Coolshinny,356,272,367,360,400,83,402,432
Mid Ulster,Rural,N08000918,Donaghmore,224,130,273,267,271,82,101,410
Mid Ulster,Rural,N08000919,Draperstown,220,126,219,178,304,119,334,440
Mid Ulster,Rural,N08000920,Fivemiletown,184,159,249,217,147,46,169,212
Mid Ulster,Urban,N08000921,Glebe (Mid Ulster),286,276,251,191,175,365,387,122
Mid Ulster,Rural,N08000922,Killyman,303,236,335,288,278,126,202,333
Mid Ulster,Mixed urban/rural,N08000923,Killymeal,276,339,271,248,128,216,87,225
Mid Ulster,Rural,N08000924,Lissan,241,263,254,214,209,40,411,296
Mid Ulster,Mixed urban/rural,N08000925,Loughry,175,228,170,135,79,188,188,158
Mid Ulster,Rural,N08000926,Lower Glenshane,323,306,356,359,432,23,221,446
Mid Ulster,Rural,N08000927,Maghera,129,143,124,116,115,299,56,172
Mid Ulster,Rural,N08000928,Moy,290,165,364,344,275,143,251,179
Mid Ulster,Urban,N08000929,Moygashel,314,381,368,269,172,289,32,178
Mid Ulster,Urban,N08000930,Mullaghmore,163,166,133,106,141,298,217,166
Mid Ulster,Rural,N08000931,Oaklands,198,122,325,286,320,18,203,336
Mid Ulster,Rural,N08000932,Pomeroy,75,30,153,158,179,30,148,404
Mid Ulster,Rural,N08000933,Stewartstown,203,224,210,174,230,87,72,351
Mid Ulster,Rural,N08000934,Swatragh,280,155,327,363,395,41,282,447
Mid Ulster,Rural,N08000935,Tamlaght O'Crilly,240,151,299,215,319,88,129,359
Mid Ulster,Rural,N08000936,The Loup,287,281,276,276,239,59,406,327
Mid Ulster,Rural,N08000937,Tobermore,315,342,307,256,321,71,192,407
Mid Ulster,Urban,N08000938,Town Parks East,127,90,145,115,106,393,340,89
Mid Ulster,Rural,N08000939,Valley,295,182,322,350,316,101,179,434
Mid Ulster,Rural,N08000940,Washing Bay,252,184,239,186,322,100,346,395
"Newry, Mourne and Down",Urban,N08001001,Abbey,81,137,80,72,102,297,39,47
"Newry, Mourne and Down",Rural,N08001002,Annalong,109,32,217,213,186,114,134,228
"Newry, Mourne and Down",Urban,N08001003,Ballybot,17,58,22,19,31,382,17,4
"Newry, Mourne and Down",Rural,N08001004,Ballydugan,219,221,264,261,236,24,149,314
"Newry, Mourne and Down",Urban,N08001005,Ballynahinch,123,120,126,109,80,371,313,94
"Newry, Mourne and Down",Mixed urban/rural,N08001006,Ballyward,205,169,288,336,254,12,245,323
"Newry, Mourne and Down",Mixed urban/rural,N08001007,Bessbrook,74,123,69,60,64,292,91,129
"Newry, Mourne and Down",Mixed urban/rural,N08001008,Binnian,269,149,291,322,260,153,220,283
"Newry, Mourne and Down",Mixed urban/rural,N08001009,Burren,342,199,332,404,401,128,283,424
"Newry, Mourne and Down",Rural,N08001010,Camlough,154,87,132,166,286,157,201,250
"Newry, Mourne and Down",Rural,N08001011,Castlewellan,132,111,148,132,150,171,110,180
"Newry, Mourne and Down",Urban,N08001012,Cathedral,57,168,41,28,72,304,298,9
"Newry, Mourne and Down",Rural,N08001013,Crossgar and Killyleagh,263,232,262,236,162,192,311,176
"Newry, Mourne and Down",Rural,N08001014,Crossmaglen,22,1,45,120,136,115,22,399
"Newry, Mourne and Down",Urban,N08001015,Damolly,139,163,113,78,132,344,244,124
"Newry, Mourne and Down",Rural,N08001016,Derryboy,343,314,334,364,351,108,109,354
"Newry, Mourne and Down",Mixed urban/rural,N08001017,Derryleckagh,371,259,384,388,430,134,306,406
"Newry, Mourne and Down",Urban,N08001018,Donard,201,245,125,182,324,280,165,35
"Newry, Mourne and Down",Urban,N08001019,Drumalane,173,127,185,163,165,291,65,143
"Newry, Mourne and Down",Rural,N08001020,Drumaness,309,304,252,240,327,144,261,312
"Newry, Mourne and Down",Rural,N08001021,Dundrum,156,71,178,201,221,133,293,199
"Newry, Mourne and Down",Rural,N08001022,Fathom,70,10,143,224,199,139,89,263
"Newry, Mourne and Down",Rural,N08001023,Forkhill,76,9,155,239,331,58,242,389
"Newry, Mourne and Down",Rural,N08001024,Hilltown,187,67,267,285,323,68,176,332
"Newry, Mourne and Down",Urban,N08001025,Kilkeel,136,220,101,144,93,236,158,59
"Newry, Mourne and Down",Mixed urban/rural,N08001026,Kilmore,387,328,379,422,407,141,232,417
"Newry, Mourne and Down",Urban,N08001027,Knocknashinna,128,253,93,73,114,258,375,29
"Newry, Mourne and Down",Rural,N08001028,Lecale,101,140,82,130,116,99,204,134
"Newry, Mourne and Down",Mixed urban/rural,N08001029,Lisnacree,141,76,188,208,215,60,191,239
"Newry, Mourne and Down",Rural,N08001030,Mayobridge,230,83,305,300,340,73,400,376
"Newry, Mourne and Down",Rural,N08001031,Mullaghbane,55,3,138,238,252,51,195,426
"Newry, Mourne and Down",Urban,N08001032,Murlough,87,104,66,88,129,261,343,55
"Newry, Mourne and Down",Rural,N08001033,Newtownhamilton,33,2,151,228,212,19,82,200
"Newry, Mourne and Down",Mixed urban/rural,N08001034,Quoile,326,386,229,268,334,156,198,237
"Newry, Mourne and Down",Mixed urban/rural,N08001035,Rostrevor,222,85,258,289,386,164,98,293
"Newry, Mourne and Down",Rural,N08001036,Saintfield,422,377,395,412,436,219,393,284
"Newry, Mourne and Down",Urban,N08001037,St. Patrick's,261,252,197,272,347,308,30,109
"Newry, Mourne and Down",Rural,N08001038,Strangford,231,257,225,266,312,32,111,258
"Newry, Mourne and Down",Rural,N08001039,Tollymore,249,230,266,292,307,76,45,260
"Newry, Mourne and Down",Urban,N08001040,Warrenpoint,100,94,84,112,155,322,137,71
"Newry, Mourne and Down",Mixed urban/rural,N08001041,Whitecross,183,54,311,343,245,86,130,271
Ards and North Down,Urban,N08001101,Ballycrochan,449,422,432,437,403,265,349,388
Ards and North Down,Rural,N08001102,Ballygowan,390,340,410,395,364,169,214,349
Ards and North Down,Urban,N08001103,Ballygrainey,176,160,212,96,103,211,449,140
Ards and North Down,Urban,N08001104,Ballyholme,438,337,414,440,441,407,223,386
Ards and North Down,Urban,N08001105,Ballymagee,439,374,411,427,418,251,447,429
Ards and North Down,Rural,N08001106,Ballywalter,157,98,159,234,119,135,414,213
Ards and North Down,Urban,N08001107,Bloomfield,251,207,243,190,164,332,444,99
Ards and North Down,Urban,N08001108,Broadway,426,388,374,362,326,394,429,390
Ards and North Down,Urban,N08001109,Bryansburn,430,378,381,449,454,359,146,299
Ards and North Down,Rural,N08001110,Carrowdore,207,180,192,220,188,120,303,223
Ards and North Down,Urban,N08001111,Castle,146,100,161,167,76,415,382,97
Ards and North Down,Urban,N08001112,Clandeboye,400,332,407,415,415,189,354,220
Ards and North Down,Urban,N08001113,Comber North,311,352,278,226,148,243,454,256
Ards and North Down,Mixed urban/rural,N08001114,Comber South,372,292,359,376,391,185,415,182
Ards and North Down,Mixed urban/rural,N08001115,Comber West,396,290,418,426,431,260,163,273
Ards and North Down,Urban,N08001116,Conway Square,32,31,49,62,48,435,153,24
Ards and North Down,Urban,N08001117,Cronstown,428,371,420,381,380,312,243,437
Ards and North Down,Mixed urban/rural,N08001118,Cultra,385,406,434,458,456,179,10,382
Ards and North Down,Urban,N08001119,Donaghadee,331,277,285,297,249,220,438,241
Ards and North Down,Urban,N08001120,Glen,349,293,339,335,219,272,370,167
Ards and North Down,Urban,N08001121,Gregstown,265,209,208,211,158,413,408,257
Ards and North Down,Mixed urban/rural,N08001122,Groomsport,411,380,358,368,381,223,453,411
Ards and North Down,Urban,N08001123,Harbour,228,200,233,328,353,418,4,15
Ards and North Down,Mixed urban/rural,N08001124,Helen's Bay,442,445,446,457,458,182,199,371
Ards and North Down,Urban,N08001125,Holywood,401,355,413,442,437,288,95,165
Ards and North Down,Urban,N08001126,Kilcooley,72,75,105,67,32,295,395,102
Ards and North Down,Rural,N08001127,Killinchy,341,295,447,454,442,39,41,433
Ards and North Down,Rural,N08001128,Kircubbin,244,215,238,246,171,125,319,234
Ards and North Down,Mixed urban/rural,N08001129,Loughries,346,266,371,356,224,170,323,303
Ards and North Down,Urban,N08001130,Loughview,259,167,333,274,180,284,60,247
Ards and North Down,Urban,N08001131,Movilla,180,162,169,172,73,285,456,189
Ards and North Down,Rural,N08001132,Portaferry,155,235,77,129,170,140,309,227
Ards and North Down,Rural,N08001133,Portavogie,122,115,114,143,111,124,385,207
Ards and North Down,Urban,N08001134,Rathgael,293,187,293,301,228,392,268,104
Ards and North Down,Urban,N08001135,Rathmore,425,416,399,399,389,254,224,383
Ards and North Down,Mixed urban/rural,N08001136,Scrabo,365,356,349,351,376,215,189,107
Ards and North Down,Urban,N08001137,Silverbirch,417,394,386,358,342,310,403,280
Ards and North Down,Urban,N08001138,Silverstream,292,274,298,209,130,396,425,138
Ards and North Down,Mixed urban/rural,N08001139,Warren,291,193,246,323,302,204,366,193
Ards and North Down,Urban,N08001140,West Winds,34,34,51,69,26,230,443,125
,,,,,,,,,,,
,,,,,,,,,,,
,,,,,,,,,,,
,,,,,,,,,,,
,,,,,,,,,,,
,,,,,,,,,,,
,,,,,,,,,,,
,,,,,,,,,,,
,,,,,,,,,,,
,,,,,,,,,,,
,,,,,,,,,,,
,,,,,,,,,,,
,,,,,,,,,,,
,,,,,,,,,,,
,,,,,,,,,,,
,,,,,,,,,,,
,,,,,,,,,,,
,,,,,,,,,,,
,,,,,,,,,,,
,,,,,,,,,,,
,,,,,,,,,,,
,,,,,,,,,,,
,,,,,,,,,,,
,,,,,,,,,,,
,,,,,,,,,,,
,,,,,,,,,,,
,,,,,,,,,,,
,,,,,,,,,,,
,,,,,,,,,,,
,,,,,,,,,,,
,,,,,,,,,,,
,,,,,,,,,,,
,,,,,,,,,,,
,,,,,,,,,,,
,,,,,,,,,,,
,,,,,,,,,,,
,,,,,,,,,,,
,,,,,,,,,,,
,,,,,,,,,,,
,,,,,,,,,,,
,,,,,,,,,,,
,,,,,,,,,,,
,,,,,,,,,,,
,,,,,,,,,,,
,,,,,,,,,,,
,,,,,,,,,,,
,,,,,,,,,,,
,,,,,,,,,,,
,,,,,,,,,,,
,,,,,,,,,,,
,,,,,,,,,,,
,,,,,,,,,,,
,,,,,,,,,,,
,,,,,,,,,,,
,,,,,,,,,,,
,,,,,,,,,,,
,,,,,,,,,,,
,,,,,,,,,,,
,,,,,,,,,,,
,,,,,,,,,,,
,,,,,,,,,,,
,,,,,,,,,,,
,,,,,,,,,,,
,,,,,,,,,,,
,,,,,,,,,,,
,,,,,,,,,,,
,,,,,,,,,,,
,,,,,,,,,,,
,,,,,,,,,,,
,,,,,,,,,,,
,,,,,,,,,,,
,,,,,,,,,,,
,,,,,,,,,,,
,,,,,,,,,,,
,,,,,,,,,,,
,,,,,,,,,,,
,,,,,,,,,,,
,,,,,,,,,,,
,,,,,,,,,,,
,,,,,,,,,,,
,,,,,,,,,,,
,,,,,,,,,,,
,,,,,,,,,,,
,,,,,,,,,,,
,,,,,,,,,,,
,,,,,,,,,,,
,,,,,,,,,,,
,,,,,,,,,,,
,,,,,,,,,,,
,,,,,,,,,,,
,,,,,,,,,,,
,,,,,,,,,,,
,,,,,,,,,,,
,,,,,,,,,,,
,,,,,,,,,,,
,,,,,,,,,,,
,,,,,,,,,,,
,,,,,,,,,,,
,,,,,,,,,,,
,,,,,,,,,,,
,,,,,,,,,,,
,,,,,,,,,,,
,,,,,,,,,,,
,,,,,,,,,,,
,,,,,,,,,,,
,,,,,,,,,,,
,,,,,,,,,,,
,,,,,,,,,,,
,,,,,,,,,,,
,,,,,,,,,,,
,,,,,,,,,,,
,,,,,,,,,,,
,,,,,,,,,,,
,,,,,,,,,,,
,,,,,,,,,,,
,,,,,,,,,,,
,,,,,,,,,,,
,,,,,,,,,,,
,,,,,,,,,,,
,,,,,,,,,,,
,,,,,,,,,,,
,,,,,,,,,,,
,,,,,,,,,,,
